{
  "title": "UN-Nummern 0000–0099",
  "generated": "2025-09-16",
  "count": 54,
  "columns": [
    "un_number",
    "gefahrenzahl",
    "klasse",
    "bezeichnung"
  ],
  "rows": [
    {
      "un_number": "0004",
      "gefahrenzahl": null,
      "klasse": "1.1D",
      "bezeichnung": "Ammoniumpikrat, trocken oder angefeuchtet mit weniger als 10 Masse-% Wasser"
    },
    {
      "un_number": "0005",
      "gefahrenzahl": null,
      "klasse": "1.1F",
      "bezeichnung": "Patronen für Waffen, mit Sprengladung"
    },
    {
      "un_number": "0006",
      "gefahrenzahl": null,
      "klasse": "1.1E",
      "bezeichnung": "Patronen für Waffen, mit Sprengladung"
    },
    {
      "un_number": "0007",
      "gefahrenzahl": null,
      "klasse": "1.2F",
      "bezeichnung": "Patronen für Waffen, mit Sprengladung"
    },
    {
      "un_number": "0009",
      "gefahrenzahl": null,
      "klasse": "1.2G",
      "bezeichnung": "Munition, Brand, mit oder ohne Zerleger, Ausstoß- oder Treibladung"
    },
    {
      "un_number": "0010",
      "gefahrenzahl": null,
      "klasse": "1.3G",
      "bezeichnung": "Munition, Brand, mit oder ohne Zerleger, Ausstoß- oder Treibladung"
    },
    {
      "un_number": "0012",
      "gefahrenzahl": null,
      "klasse": "1.4S",
      "bezeichnung": "Patronen für Waffen mit inertem Geschoss oder Patronen für Handfeuerwaffen"
    },
    {
      "un_number": "0014",
      "gefahrenzahl": null,
      "klasse": "1.4S",
      "bezeichnung": "Patronen für Waffen, Manöver oder Patronen für Handfeuerwaffen, Manöver oder Patronen für Werkzeuge, ohne Geschoss"
    },
    {
      "un_number": "0015",
      "gefahrenzahl": null,
      "klasse": "1.2G",
      "bezeichnung": "Munition, Nebel, mit oder ohne Zerleger, Ausstoß- oder Treibladung"
    },
    {
      "un_number": "0016",
      "gefahrenzahl": null,
      "klasse": "1.3G",
      "bezeichnung": "Munition, Nebel, mit oder ohne Zerleger, Ausstoß- oder Treibladung"
    },
    {
      "un_number": "0018",
      "gefahrenzahl": null,
      "klasse": "1.2G",
      "bezeichnung": "Munition, Augenreizstoff, mit Zerleger, Ausstoß- oder Treibladung"
    },
    {
      "un_number": "0019",
      "gefahrenzahl": null,
      "klasse": "1.3G",
      "bezeichnung": "Munition, Augenreizstoff, mit Zerleger, Ausstoß- oder Treibladung"
    },
    {
      "un_number": "0020",
      "gefahrenzahl": null,
      "klasse": "1.2K",
      "bezeichnung": "Munition, giftig, mit Zerleger, Ausstoß- oder Treibladung"
    },
    {
      "un_number": "0021",
      "gefahrenzahl": null,
      "klasse": "1.3K",
      "bezeichnung": "Munition, giftig, mit Zerleger, Ausstoß- oder Treibladung"
    },
    {
      "un_number": "0027",
      "gefahrenzahl": null,
      "klasse": "1.1D",
      "bezeichnung": "Schwarzpulver, gekörnt oder in Mehlform"
    },
    {
      "un_number": "0028",
      "gefahrenzahl": null,
      "klasse": "1.1D",
      "bezeichnung": "Schwarzpulver, gepresst oder als Pellets"
    },
    {
      "un_number": "0029",
      "gefahrenzahl": null,
      "klasse": "1.1B",
      "bezeichnung": "Sprengkapseln, nicht elektrisch"
    },
    {
      "un_number": "0030",
      "gefahrenzahl": null,
      "klasse": "1.1B",
      "bezeichnung": "Sprengkapseln, elektrisch"
    },
    {
      "un_number": "0033",
      "gefahrenzahl": null,
      "klasse": "1.1F",
      "bezeichnung": "Bomben, mit Sprengladung"
    },
    {
      "un_number": "0034",
      "gefahrenzahl": null,
      "klasse": "1.1D",
      "bezeichnung": "Bomben, mit Sprengladung"
    },
    {
      "un_number": "0035",
      "gefahrenzahl": null,
      "klasse": "1.2D",
      "bezeichnung": "Bomben, mit Sprengladung"
    },
    {
      "un_number": "0037",
      "gefahrenzahl": null,
      "klasse": "1.1F",
      "bezeichnung": "Bomben, Blitzlicht"
    },
    {
      "un_number": "0038",
      "gefahrenzahl": null,
      "klasse": "1.1D",
      "bezeichnung": "Bomben, Blitzlicht"
    },
    {
      "un_number": "0039",
      "gefahrenzahl": null,
      "klasse": "1.2G",
      "bezeichnung": "Bomben, Blitzlicht"
    },
    {
      "un_number": "0042",
      "gefahrenzahl": null,
      "klasse": "1.1D",
      "bezeichnung": "Zündverstärker, ohne Detonator"
    },
    {
      "un_number": "0043",
      "gefahrenzahl": null,
      "klasse": "1.1D",
      "bezeichnung": "Zerleger, mit Explosivstoff"
    },
    {
      "un_number": "0044",
      "gefahrenzahl": null,
      "klasse": "1.4S",
      "bezeichnung": "Anzündhütchen"
    },
    {
      "un_number": "0048",
      "gefahrenzahl": null,
      "klasse": "1.1D",
      "bezeichnung": "Sprengkörper"
    },
    {
      "un_number": "0049",
      "gefahrenzahl": null,
      "klasse": "1.1G",
      "bezeichnung": "Patronen, Blitzlicht"
    },
    {
      "un_number": "0050",
      "gefahrenzahl": null,
      "klasse": "1.3G",
      "bezeichnung": "Patronen, Blitzlicht"
    },
    {
      "un_number": "0054",
      "gefahrenzahl": null,
      "klasse": "1.3G",
      "bezeichnung": "Patronen, Signal"
    },
    {
      "un_number": "0055",
      "gefahrenzahl": null,
      "klasse": "1.4S",
      "bezeichnung": "Treibladungshülsen, leer, mit Treibladungsanzünder336"
    },
    {
      "un_number": "0056",
      "gefahrenzahl": null,
      "klasse": "1.1D",
      "bezeichnung": "Wasserbomben"
    },
    {
      "un_number": "0059",
      "gefahrenzahl": null,
      "klasse": "1.1D",
      "bezeichnung": "Hohlladungen, ohne Zündmittel"
    },
    {
      "un_number": "0060",
      "gefahrenzahl": null,
      "klasse": "1.1D",
      "bezeichnung": "Füllsprengkörper"
    },
    {
      "un_number": "0065",
      "gefahrenzahl": null,
      "klasse": "1.1D",
      "bezeichnung": "Sprengschnur, biegsam"
    },
    {
      "un_number": "0066",
      "gefahrenzahl": null,
      "klasse": "1.4G",
      "bezeichnung": "Anzündlitze"
    },
    {
      "un_number": "0070",
      "gefahrenzahl": null,
      "klasse": "1.4S",
      "bezeichnung": "Schneidvorrichtungen, Kabel, mit Explosivstoff"
    },
    {
      "un_number": "0072",
      "gefahrenzahl": null,
      "klasse": "1.1D",
      "bezeichnung": "Cyclotrimethylentrinitramin, Cyclonit, Hexogen, RDX, angefeuchtet mit mindestens 15 Masse-% Wasser"
    },
    {
      "un_number": "0073",
      "gefahrenzahl": null,
      "klasse": "1.1B",
      "bezeichnung": "Detonatoren für Munition"
    },
    {
      "un_number": "0074",
      "gefahrenzahl": null,
      "klasse": "1.1A",
      "bezeichnung": "Diazodinitrophenol, angefeuchtet mit mindestens 40 Masse-% Wasser oder einer Alkohol-/Wasser-Mischung"
    },
    {
      "un_number": "0075",
      "gefahrenzahl": null,
      "klasse": "1.1D",
      "bezeichnung": "Diethylenglycoldinitrat, desensibilisiert, mit mindestens 25 Masse-% nicht flüchtigem, wasserunlöslichem Phlegmatisierungsmittel"
    },
    {
      "un_number": "0076",
      "gefahrenzahl": null,
      "klasse": "1.1D",
      "bezeichnung": "Dinitrophenol, trocken oder angefeuchtet mit weniger als 15 Masse-% Wasser"
    },
    {
      "un_number": "0077",
      "gefahrenzahl": null,
      "klasse": "1.3C",
      "bezeichnung": "Dinitrophenolate der Alkalimetalle, trocken oder angefeuchtet mit weniger als 15 Masse-% Wasser"
    },
    {
      "un_number": "0078",
      "gefahrenzahl": null,
      "klasse": "1.1D",
      "bezeichnung": "Dinitroresorcinol, trocken oder angefeuchtet mit weniger als 15 Masse-% Wasser"
    },
    {
      "un_number": "0079",
      "gefahrenzahl": null,
      "klasse": "1.1D",
      "bezeichnung": "Hexanitrodiphenylamin (Dipikrylamin), (Hexyl)"
    },
    {
      "un_number": "0081",
      "gefahrenzahl": null,
      "klasse": "1.1D",
      "bezeichnung": "Sprengstoff, Typ A"
    },
    {
      "un_number": "0082",
      "gefahrenzahl": null,
      "klasse": "1.1D",
      "bezeichnung": "Sprengstoff, Typ B"
    },
    {
      "un_number": "0083",
      "gefahrenzahl": null,
      "klasse": "1.1D",
      "bezeichnung": "Sprengstoff, Typ C"
    },
    {
      "un_number": "0084",
      "gefahrenzahl": null,
      "klasse": "1.1D",
      "bezeichnung": "Sprengstoff, Typ D"
    },
    {
      "un_number": "0092",
      "gefahrenzahl": null,
      "klasse": "1.3D",
      "bezeichnung": "Leuchtkörper, Boden"
    },
    {
      "un_number": "0093",
      "gefahrenzahl": null,
      "klasse": "1.3G",
      "bezeichnung": "Leuchtkörper, Luftfahrzeug"
    },
    {
      "un_number": "0094",
      "gefahrenzahl": null,
      "klasse": "1.1G",
      "bezeichnung": "Blitzlichtpulver"
    },
    {
      "un_number": "0099",
      "gefahrenzahl": null,
      "klasse": "1.1D",
      "bezeichnung": "Lockerungssprenggeräte mit Explosivstoff, für Erdölbohrungen, ohne Zündmittel"
    }
  ]
}