{
  "title": "UN-Nummern 0100–0199",
  "generated": "2025-09-16",
  "count": 53,
  "columns": [
    "un_number",
    "gefahrenzahl",
    "klasse",
    "bezeichnung"
  ],
  "rows": [
    {
      "un_number": "0101",
      "gefahrenzahl": null,
      "klasse": "1.3G",
      "bezeichnung": "Stoppinen, nicht sprengkräftig"
    },
    {
      "un_number": "0102",
      "gefahrenzahl": null,
      "klasse": "1.2D",
      "bezeichnung": "Sprengschnur, mit Metallmantel"
    },
    {
      "un_number": "0103",
      "gefahrenzahl": null,
      "klasse": "1.4G",
      "bezeichnung": "Anzündschnur, rohrförmig, mit Metallmantel"
    },
    {
      "un_number": "0104",
      "gefahrenzahl": null,
      "klasse": "1.4D",
      "bezeichnung": "Sprengschnur mit geringer Wirkung, mit Metallmantel"
    },
    {
      "un_number": "0105",
      "gefahrenzahl": null,
      "klasse": "1.4S",
      "bezeichnung": "Anzündschnur (Sicherheitszündschnur)"
    },
    {
      "un_number": "0106",
      "gefahrenzahl": null,
      "klasse": "1.1B",
      "bezeichnung": "Zünder, sprengkräftig"
    },
    {
      "un_number": "0107",
      "gefahrenzahl": null,
      "klasse": "1.2B",
      "bezeichnung": "Zünder, sprengkräftig"
    },
    {
      "un_number": "0110",
      "gefahrenzahl": null,
      "klasse": "1.4S",
      "bezeichnung": "Granaten, Übung, Hand oder Gewehr"
    },
    {
      "un_number": "0113",
      "gefahrenzahl": null,
      "klasse": "1.1A",
      "bezeichnung": "Guanylnitrosaminoguanylidenhydrazin, angefeuchtet mit mindestens 30 Masse-% Wasser"
    },
    {
      "un_number": "0114",
      "gefahrenzahl": null,
      "klasse": "1.1A",
      "bezeichnung": "Guanylnitrosaminoguanyltetrazen (Tetrazene), angefeuchtet mit mindestens 30 Masse-% Wasser oder einer Alkohol/Wasser-Mischung"
    },
    {
      "un_number": "0118",
      "gefahrenzahl": null,
      "klasse": "1.1D",
      "bezeichnung": "Hexolit (Hexotol) trocken oder angefeuchtet mit weniger als 15 Masse-% Wasser"
    },
    {
      "un_number": "0121",
      "gefahrenzahl": null,
      "klasse": "1.1G",
      "bezeichnung": "Anzünder"
    },
    {
      "un_number": "0124",
      "gefahrenzahl": null,
      "klasse": "1.1D",
      "bezeichnung": "Perforationshohlladungsträger, geladen, für Erdölbohrlöcher, ohne Zündmittel"
    },
    {
      "un_number": "0129",
      "gefahrenzahl": null,
      "klasse": "1.1A",
      "bezeichnung": "Bleiazid, angefeuchtet, mit mindestens 20 Masse-% Wasser oder einer Alkohol/Wasser-Mischung"
    },
    {
      "un_number": "0130",
      "gefahrenzahl": null,
      "klasse": "1.1A",
      "bezeichnung": "Bleistyphnat (Bleitrinitroresorcinat) angefeuchtet mit mindestens 20 Masse-% Wasser oder einer Alkohol/Wasser-Mischung"
    },
    {
      "un_number": "0131",
      "gefahrenzahl": null,
      "klasse": "1.4S",
      "bezeichnung": "Anzünder, Anzündschnur"
    },
    {
      "un_number": "0132",
      "gefahrenzahl": null,
      "klasse": "1.3C",
      "bezeichnung": "Deflagrierende Metallsalze aromatischer Nitroverbindungen"
    },
    {
      "un_number": "0133",
      "gefahrenzahl": null,
      "klasse": "1.1D",
      "bezeichnung": "Mannitolhexanitrat (Nitromannitol), angefeuchtet mit mindestens 40 Masse-% Wasser oder einer Alkohol/Wasser-Mischung"
    },
    {
      "un_number": "0135",
      "gefahrenzahl": null,
      "klasse": "1.1A",
      "bezeichnung": "Quecksilberfulminat, angefeuchtet mit mindestens 20 Masse-% Wasser oder einer Alkohol/Wasser-Mischung"
    },
    {
      "un_number": "0136",
      "gefahrenzahl": null,
      "klasse": "1.1F",
      "bezeichnung": "Minen, mit Sprengladung"
    },
    {
      "un_number": "0137",
      "gefahrenzahl": null,
      "klasse": "1.1D",
      "bezeichnung": "Minen, mit Sprengladung"
    },
    {
      "un_number": "0138",
      "gefahrenzahl": null,
      "klasse": "1.2D",
      "bezeichnung": "Minen, mit Sprengladung"
    },
    {
      "un_number": "0143",
      "gefahrenzahl": null,
      "klasse": "1.1D",
      "bezeichnung": "Nitroglycerol (Nitroglycerin), desensibilisiert mit mindestens 40 Masse-% nicht flüchtigem, wasserunlöslichem 336Phlegmatisierungsmittel"
    },
    {
      "un_number": "0144",
      "gefahrenzahl": null,
      "klasse": "1.1D",
      "bezeichnung": "Nitroglycerol (Nitroglycerin) in alkoholischer Lösung, mit mehr als 1 %, aber nicht mehr als 10 % Nitroglycerol"
    },
    {
      "un_number": "0146",
      "gefahrenzahl": null,
      "klasse": "1.1D",
      "bezeichnung": "Nitrostärke, trocken oder angefeuchtet mit weniger als 20 Masse-% Wasser"
    },
    {
      "un_number": "0147",
      "gefahrenzahl": null,
      "klasse": "1.1D",
      "bezeichnung": "Nitroharnstoff"
    },
    {
      "un_number": "0150",
      "gefahrenzahl": null,
      "klasse": "1.1D",
      "bezeichnung": "Nitropenta (PETN), angefeuchtet mit mindestens 25 Masse-% Wasser oder desensibilisiert mit mindestens 15 Masse-% Phlegmatisierungsmittel336"
    },
    {
      "un_number": "0151",
      "gefahrenzahl": null,
      "klasse": "1.1D",
      "bezeichnung": "Pentolit, trocken oder angefeuchtet mit weniger als 15 Masse-% Wasser"
    },
    {
      "un_number": "0153",
      "gefahrenzahl": null,
      "klasse": "1.1D",
      "bezeichnung": "Trinitroanilin (Pikramid)"
    },
    {
      "un_number": "0154",
      "gefahrenzahl": null,
      "klasse": "1.1D",
      "bezeichnung": "Trinitrophenol (Pikrinsäure), angefeuchtet mit weniger als 30 Masse-% Wasser"
    },
    {
      "un_number": "0155",
      "gefahrenzahl": null,
      "klasse": "1.1D",
      "bezeichnung": "Trinitrochlorbenzen (Pikrylchlorid)"
    },
    {
      "un_number": "0159",
      "gefahrenzahl": null,
      "klasse": "1.3C",
      "bezeichnung": "Pulverrohmasse, angefeuchtet, mit mindestens 25 Masse-% Wasser"
    },
    {
      "un_number": "0160",
      "gefahrenzahl": null,
      "klasse": "1.1C",
      "bezeichnung": "Treibladungspulver"
    },
    {
      "un_number": "0161",
      "gefahrenzahl": null,
      "klasse": "1.3C",
      "bezeichnung": "Treibladungspulver"
    },
    {
      "un_number": "0167",
      "gefahrenzahl": null,
      "klasse": "1.1F",
      "bezeichnung": "Geschosse, mit Sprengladung"
    },
    {
      "un_number": "0168",
      "gefahrenzahl": null,
      "klasse": "1.1D",
      "bezeichnung": "Geschosse, mit Sprengladung"
    },
    {
      "un_number": "0169",
      "gefahrenzahl": null,
      "klasse": "1.2D",
      "bezeichnung": "Geschosse, mit Sprengladung"
    },
    {
      "un_number": "0171",
      "gefahrenzahl": null,
      "klasse": "1.2G",
      "bezeichnung": "Munition, Leucht, mit oder ohne Zerleger, Ausstoß- oder Treibladung"
    },
    {
      "un_number": "0173",
      "gefahrenzahl": null,
      "klasse": "1.4S",
      "bezeichnung": "Auslösevorrichtungen mit Explosivstoff"
    },
    {
      "un_number": "0174",
      "gefahrenzahl": null,
      "klasse": "1.4S",
      "bezeichnung": "Sprengnieten"
    },
    {
      "un_number": "0180",
      "gefahrenzahl": null,
      "klasse": "1.1F",
      "bezeichnung": "Raketen, mit Sprengladung"
    },
    {
      "un_number": "0181",
      "gefahrenzahl": null,
      "klasse": "1.1E",
      "bezeichnung": "Raketen, mit Sprengladung"
    },
    {
      "un_number": "0182",
      "gefahrenzahl": null,
      "klasse": "1.2E",
      "bezeichnung": "Raketen, mit Sprengladung"
    },
    {
      "un_number": "0183",
      "gefahrenzahl": null,
      "klasse": "1.3C",
      "bezeichnung": "Raketen, mit inertem Kopf"
    },
    {
      "un_number": "0186",
      "gefahrenzahl": null,
      "klasse": "1.3C",
      "bezeichnung": "Raketenmotoren"
    },
    {
      "un_number": "0190",
      "gefahrenzahl": null,
      "klasse": "1",
      "bezeichnung": "Explosivstoff, Muster, außer Initialsprengstoff"
    },
    {
      "un_number": "0191",
      "gefahrenzahl": null,
      "klasse": "1.4G",
      "bezeichnung": "Signalkörper, Hand"
    },
    {
      "un_number": "0192",
      "gefahrenzahl": null,
      "klasse": "1.1G",
      "bezeichnung": "Knallkapseln, Eisenbahn"
    },
    {
      "un_number": "0193",
      "gefahrenzahl": null,
      "klasse": "1.4S",
      "bezeichnung": "Knallkapseln, Eisenbahn"
    },
    {
      "un_number": "0194",
      "gefahrenzahl": null,
      "klasse": "1.1G",
      "bezeichnung": "Signalkörper, Seenot"
    },
    {
      "un_number": "0195",
      "gefahrenzahl": null,
      "klasse": "1.3G",
      "bezeichnung": "Signalkörper, Seenot"
    },
    {
      "un_number": "0196",
      "gefahrenzahl": null,
      "klasse": "1.1G",
      "bezeichnung": "Signalkörper, Rauch"
    },
    {
      "un_number": "0197",
      "gefahrenzahl": null,
      "klasse": "1.4G",
      "bezeichnung": "Signalkörper, Rauch"
    }
  ]
}