{
  "title": "UN-Nummern 0200–0299",
  "generated": "2025-09-16",
  "count": 67,
  "columns": [
    "un_number",
    "gefahrenzahl",
    "klasse",
    "bezeichnung"
  ],
  "rows": [
    {
      "un_number": "0204",
      "gefahrenzahl": null,
      "klasse": "1.2F",
      "bezeichnung": "Falllote mit Explosivstoff"
    },
    {
      "un_number": "0207",
      "gefahrenzahl": null,
      "klasse": "1.1D",
      "bezeichnung": "Tetranitroanilin"
    },
    {
      "un_number": "0208",
      "gefahrenzahl": null,
      "klasse": "1.1D",
      "bezeichnung": "Trinitrophenylmethylnitramin (Tetryl)"
    },
    {
      "un_number": "0209",
      "gefahrenzahl": null,
      "klasse": "1.1D",
      "bezeichnung": "Trinitrotoluol (TNT), trocken oder angefeuchtet mit weniger als 30 Masse-% Wasser"
    },
    {
      "un_number": "0212",
      "gefahrenzahl": null,
      "klasse": "1.3G",
      "bezeichnung": "Leuchtspurkörper für Munition"
    },
    {
      "un_number": "0213",
      "gefahrenzahl": null,
      "klasse": "1.1D",
      "bezeichnung": "Trinitroanisol"
    },
    {
      "un_number": "0214",
      "gefahrenzahl": null,
      "klasse": "1.1D",
      "bezeichnung": "Trinitrobenzen, trocken oder angefeuchtet mit weniger als 30 Masse-% Wasser"
    },
    {
      "un_number": "0215",
      "gefahrenzahl": null,
      "klasse": "1.1D",
      "bezeichnung": "Trinitrobenzoesäure, trocken oder angefeuchtet mit weniger als 30 Masse-% Wasser"
    },
    {
      "un_number": "0216",
      "gefahrenzahl": null,
      "klasse": "1.1D",
      "bezeichnung": "Trinitrometakresol"
    },
    {
      "un_number": "0217",
      "gefahrenzahl": null,
      "klasse": "1.1D",
      "bezeichnung": "Trinitronaphthalin"
    },
    {
      "un_number": "0218",
      "gefahrenzahl": null,
      "klasse": "1.1D",
      "bezeichnung": "Trinitrophenethol"
    },
    {
      "un_number": "0219",
      "gefahrenzahl": null,
      "klasse": "1.1D",
      "bezeichnung": "Trinitroresorcinol (Styphninsäure), trocken oder angefeuchtet mit mindestens 20 Masse-% Wasser oder einer Alkohol-/Wasser-Mischung"
    },
    {
      "un_number": "0220",
      "gefahrenzahl": null,
      "klasse": "1.1D",
      "bezeichnung": "Harnstoffnitrat, trocken oder angefeuchtet mit weniger als 20 Masse-% Wasser"
    },
    {
      "un_number": "0221",
      "gefahrenzahl": null,
      "klasse": "1.1D",
      "bezeichnung": "Gefechtsköpfe, Torpedo, mit Sprengladung"
    },
    {
      "un_number": "0222",
      "gefahrenzahl": null,
      "klasse": "1.1D",
      "bezeichnung": "Ammoniumnitrat, mit mehr als 0,2 % brennbaren Stoffen, einschließlich jedes als Kohlenstoff berechneten organischen Stoffes, unter Ausschluss jedes anderen zugesetzten Stoffes"
    },
    {
      "un_number": "0223",
      "gefahrenzahl": null,
      "klasse": "1",
      "bezeichnung": "Ammoniumnitrat-Düngemittel mit einer größeren Sensibilität als Ammoniumnitrat mit 0,2 % brennbaren Stoffen, einschließlich jedes als Kohlenstoff berechneten organischen Stoffes, unter Ausschluss jedes anderen zugesetzten Stoffes"
    },
    {
      "un_number": "0224",
      "gefahrenzahl": null,
      "klasse": "1.1A",
      "bezeichnung": "Bariumazid, trocken oder angefeuchtet mit weniger als 50 Masse-% Wasser"
    },
    {
      "un_number": "0225",
      "gefahrenzahl": null,
      "klasse": "1.1B",
      "bezeichnung": "Zündverstärker, mit Detonator"
    },
    {
      "un_number": "0226",
      "gefahrenzahl": null,
      "klasse": "1.1D",
      "bezeichnung": "Oktogen (HMX), angefeuchtet mit mindestens 15 Masse-% Wasser"
    },
    {
      "un_number": "0234",
      "gefahrenzahl": null,
      "klasse": "1.3C",
      "bezeichnung": "Natriumdinitroorthokresolat, trocken oder angefeuchtet mit weniger als 15 Masse-% Wasser"
    },
    {
      "un_number": "0235",
      "gefahrenzahl": null,
      "klasse": "1.3C",
      "bezeichnung": "Natriumpikramat, trocken oder angefeuchtet mit weniger als 20 Masse-% Wasser"
    },
    {
      "un_number": "0236",
      "gefahrenzahl": null,
      "klasse": "1.3C",
      "bezeichnung": "Zirconiumpikramat, trocken oder angefeuchtet mit weniger als 20 Masse-% Wasser"
    },
    {
      "un_number": "0237",
      "gefahrenzahl": null,
      "klasse": "1.4D",
      "bezeichnung": "Schneidladung, biegsam, gestreckt"
    },
    {
      "un_number": "0238",
      "gefahrenzahl": null,
      "klasse": "1.2G",
      "bezeichnung": "Raketen, Leinenwurf"
    },
    {
      "un_number": "0240",
      "gefahrenzahl": null,
      "klasse": "1.3G",
      "bezeichnung": "Raketen, Leinenwurf"
    },
    {
      "un_number": "0241",
      "gefahrenzahl": null,
      "klasse": "1.1D",
      "bezeichnung": "Sprengstoff, Typ E"
    },
    {
      "un_number": "0242",
      "gefahrenzahl": null,
      "klasse": "1.3C",
      "bezeichnung": "Treibladungen für Geschütze"
    },
    {
      "un_number": "0243",
      "gefahrenzahl": null,
      "klasse": "1.2H",
      "bezeichnung": "Munition, Brand, weißer Phosphor, mit Zerleger, Ausstoß- oder Treibladung"
    },
    {
      "un_number": "0244",
      "gefahrenzahl": null,
      "klasse": "1.3H",
      "bezeichnung": "Munition, Brand, weißer Phosphor, mit Zerleger, Ausstoß- oder Treibladung"
    },
    {
      "un_number": "0245",
      "gefahrenzahl": null,
      "klasse": "1.2H",
      "bezeichnung": "Munition, Nebel, weißer Phosphor, mit Zerleger, Ausstoß- oder Treibladung"
    },
    {
      "un_number": "0246",
      "gefahrenzahl": null,
      "klasse": "1.3H",
      "bezeichnung": "Munition, Nebel, weißer Phosphor, mit Zerleger, Ausstoß- oder Treibladung"
    },
    {
      "un_number": "0247",
      "gefahrenzahl": null,
      "klasse": "1.3J",
      "bezeichnung": "Munition, Brand, mit flüssigem oder geliertem Brandstoff, mit Zerleger, Ausstoß- oder Treibladung"
    },
    {
      "un_number": "0248",
      "gefahrenzahl": null,
      "klasse": "1.2L",
      "bezeichnung": "Vorrichtungen, durch Wasser aktivierbar, mit Zerleger, Ausstoß- oder Treibladung"
    },
    {
      "un_number": "0249",
      "gefahrenzahl": null,
      "klasse": "1.3L",
      "bezeichnung": "Vorrichtungen, durch Wasser aktivierbar, mit Zerleger, Ausstoß- oder Treibladung"
    },
    {
      "un_number": "0250",
      "gefahrenzahl": null,
      "klasse": "1.3L",
      "bezeichnung": "Raketentriebwerke mit Hypergolen, mit oder ohne Ausstoßladung"
    },
    {
      "un_number": "0254",
      "gefahrenzahl": null,
      "klasse": "1.3G",
      "bezeichnung": "Munition, Leucht, mit oder ohne Zerleger, Ausstoß- oder Treibladung"
    },
    {
      "un_number": "0255",
      "gefahrenzahl": null,
      "klasse": "1.4B",
      "bezeichnung": "Sprengkapseln, elektrisch"
    },
    {
      "un_number": "0257",
      "gefahrenzahl": null,
      "klasse": "1.4B",
      "bezeichnung": "Zünder, sprengkräftig"
    },
    {
      "un_number": "0266",
      "gefahrenzahl": null,
      "klasse": "1.1D",
      "bezeichnung": "Oktolit (Octol), trocken oder angefeuchtet mit weniger als 15 Masse-% Wasser"
    },
    {
      "un_number": "0267",
      "gefahrenzahl": null,
      "klasse": "1.4B",
      "bezeichnung": "Sprengkapseln, nicht elektrisch"
    },
    {
      "un_number": "0268",
      "gefahrenzahl": null,
      "klasse": "1.2B",
      "bezeichnung": "Zündverstärker, mit Detonator"
    },
    {
      "un_number": "0271",
      "gefahrenzahl": null,
      "klasse": "1.1C",
      "bezeichnung": "Treibladungen für Geschütze"
    },
    {
      "un_number": "0272",
      "gefahrenzahl": null,
      "klasse": "1.3C",
      "bezeichnung": "Treibladungen für Geschütze"
    },
    {
      "un_number": "0275",
      "gefahrenzahl": null,
      "klasse": "1.3C",
      "bezeichnung": "Kartusche für technische Zwecke"
    },
    {
      "un_number": "0276",
      "gefahrenzahl": null,
      "klasse": "1.4C",
      "bezeichnung": "Kartusche für technische Zwecke"
    },
    {
      "un_number": "0277",
      "gefahrenzahl": null,
      "klasse": "1.3C",
      "bezeichnung": "Kartuschen, Erdölbohrloch"
    },
    {
      "un_number": "0278",
      "gefahrenzahl": null,
      "klasse": "1.4C",
      "bezeichnung": "Kartuschen, Erdölbohrloch"
    },
    {
      "un_number": "0279",
      "gefahrenzahl": null,
      "klasse": "1.1C",
      "bezeichnung": "Treibladungen für Geschütze"
    },
    {
      "un_number": "0280",
      "gefahrenzahl": null,
      "klasse": "1.1C",
      "bezeichnung": "Raketenmotoren"
    },
    {
      "un_number": "0281",
      "gefahrenzahl": null,
      "klasse": "1.2C",
      "bezeichnung": "Raketenmotoren"
    },
    {
      "un_number": "0282",
      "gefahrenzahl": null,
      "klasse": "1.1D",
      "bezeichnung": "Nitroguanidin (Picrit), trocken oder angefeuchtet mit weniger als 20 Masse-% Wasser"
    },
    {
      "un_number": "0283",
      "gefahrenzahl": null,
      "klasse": "1.2D",
      "bezeichnung": "Zündverstärker, ohne Detonator"
    },
    {
      "un_number": "0284",
      "gefahrenzahl": null,
      "klasse": "1.1D",
      "bezeichnung": "Granaten, Hand oder Gewehr, mit Sprengladung"
    },
    {
      "un_number": "0285",
      "gefahrenzahl": null,
      "klasse": "1.2D",
      "bezeichnung": "Granaten, Hand oder Gewehr, mit Sprengladung"
    },
    {
      "un_number": "0286",
      "gefahrenzahl": null,
      "klasse": "1.1D",
      "bezeichnung": "Gefechtsköpfe, Rakete, mit Sprengladung"
    },
    {
      "un_number": "0287",
      "gefahrenzahl": null,
      "klasse": "1.2D",
      "bezeichnung": "Gefechtsköpfe, Rakete, mit Sprengladung"
    },
    {
      "un_number": "0288",
      "gefahrenzahl": null,
      "klasse": "1.1D",
      "bezeichnung": "Schneidladung, biegsam, gestreckt"
    },
    {
      "un_number": "0289",
      "gefahrenzahl": null,
      "klasse": "1.4D",
      "bezeichnung": "Sprengschnur, biegsam"
    },
    {
      "un_number": "0290",
      "gefahrenzahl": null,
      "klasse": "1.1D",
      "bezeichnung": "Sprengschnur, mit Metallmantel"
    },
    {
      "un_number": "0291",
      "gefahrenzahl": null,
      "klasse": "1.2F",
      "bezeichnung": "Bomben, mit Sprengladung"
    },
    {
      "un_number": "0292",
      "gefahrenzahl": null,
      "klasse": "1.1F",
      "bezeichnung": "Granaten, Hand oder Gewehr, mit Sprengladung"
    },
    {
      "un_number": "0293",
      "gefahrenzahl": null,
      "klasse": "1.2F",
      "bezeichnung": "Granaten, Hand oder Gewehr, mit Sprengladung"
    },
    {
      "un_number": "0294",
      "gefahrenzahl": null,
      "klasse": "1.2F",
      "bezeichnung": "Minen, mit Sprengladung"
    },
    {
      "un_number": "0295",
      "gefahrenzahl": null,
      "klasse": "1.2F",
      "bezeichnung": "Raketen, mit Sprengladung"
    },
    {
      "un_number": "0296",
      "gefahrenzahl": null,
      "klasse": "1.1F",
      "bezeichnung": "Falllote, mit Explosivstoff"
    },
    {
      "un_number": "0297",
      "gefahrenzahl": null,
      "klasse": "1.4G",
      "bezeichnung": "Munition, Leucht, mit oder ohne Zerleger, Ausstoß- oder Treibladung"
    },
    {
      "un_number": "0299",
      "gefahrenzahl": null,
      "klasse": "1.3G",
      "bezeichnung": "Bomben, Blitzlicht"
    }
  ]
}