{
  "title": "UN-Nummern 0300–0399",
  "generated": "2025-09-16",
  "count": 93,
  "columns": [
    "un_number",
    "gefahrenzahl",
    "klasse",
    "bezeichnung"
  ],
  "rows": [
    {
      "un_number": "0300",
      "gefahrenzahl": null,
      "klasse": "1.4G",
      "bezeichnung": "Munition, Brand, mit oder ohne Zerleger, Ausstoß- oder Treibladung"
    },
    {
      "un_number": "0301",
      "gefahrenzahl": null,
      "klasse": "1.4G",
      "bezeichnung": "Munition, Augenreizstoff, mit Zerleger, Ausstoß- oder Treibladung"
    },
    {
      "un_number": "0303",
      "gefahrenzahl": null,
      "klasse": "1.4G",
      "bezeichnung": "Munition, Nebel, mit oder ohne Zerleger, Ausstoß- oder Treibladung oder Munition, Nebel, mit oder ohne Zerleger, Ausstoß- oder Treibladung, mit ätzenden Stoffen"
    },
    {
      "un_number": "0305",
      "gefahrenzahl": null,
      "klasse": "1.3G",
      "bezeichnung": "Blitzlichtpulver"
    },
    {
      "un_number": "0306",
      "gefahrenzahl": null,
      "klasse": "1.4G",
      "bezeichnung": "Leuchtspurkörper für Munition"
    },
    {
      "un_number": "0312",
      "gefahrenzahl": null,
      "klasse": "1.4G",
      "bezeichnung": "Patronen, Signal"
    },
    {
      "un_number": "0313",
      "gefahrenzahl": null,
      "klasse": "1.2G",
      "bezeichnung": "Signalkörper, Rauch"
    },
    {
      "un_number": "0314",
      "gefahrenzahl": null,
      "klasse": "1.2G",
      "bezeichnung": "Anzünder"
    },
    {
      "un_number": "0315",
      "gefahrenzahl": null,
      "klasse": "1.3G",
      "bezeichnung": "Anzünder"
    },
    {
      "un_number": "0316",
      "gefahrenzahl": null,
      "klasse": "1.3G",
      "bezeichnung": "Zünder, nicht sprengkräftig"
    },
    {
      "un_number": "0317",
      "gefahrenzahl": null,
      "klasse": "1.4G",
      "bezeichnung": "Zünder, nicht sprengkräftig"
    },
    {
      "un_number": "0318",
      "gefahrenzahl": null,
      "klasse": "1.3G",
      "bezeichnung": "Granaten, Übung, Hand oder Gewehr"
    },
    {
      "un_number": "0319",
      "gefahrenzahl": null,
      "klasse": "1.3G",
      "bezeichnung": "Treibladungsanzünder"
    },
    {
      "un_number": "0320",
      "gefahrenzahl": null,
      "klasse": "1.4G",
      "bezeichnung": "Treibladungsanzünder"
    },
    {
      "un_number": "0321",
      "gefahrenzahl": null,
      "klasse": "1.2E",
      "bezeichnung": "Patronen für Waffen, mit Sprengladung"
    },
    {
      "un_number": "0322",
      "gefahrenzahl": null,
      "klasse": "1.2L",
      "bezeichnung": "Raketentriebwerke, mit Hypergolen, mit oder ohne Ausstoßladung"
    },
    {
      "un_number": "0323",
      "gefahrenzahl": null,
      "klasse": "1.4S",
      "bezeichnung": "Kartuschen für technische Zwecke"
    },
    {
      "un_number": "0324",
      "gefahrenzahl": null,
      "klasse": "1.2F",
      "bezeichnung": "Geschosse, mit Sprengladung"
    },
    {
      "un_number": "0325",
      "gefahrenzahl": null,
      "klasse": "1.4G",
      "bezeichnung": "Anzünder"
    },
    {
      "un_number": "0326",
      "gefahrenzahl": null,
      "klasse": "1.1C",
      "bezeichnung": "Patronen für Waffen, Manöver oder Patronen für Handfeuerwaffen, Manöver oder Patronen für Werkzeuge, ohne Geschoss"
    },
    {
      "un_number": "0327",
      "gefahrenzahl": null,
      "klasse": "1.3C",
      "bezeichnung": "Patronen für Waffen, Manöver oder Patronen für Handfeuerwaffen, Manöver oder Patronen für Werkzeuge, ohne Geschoss"
    },
    {
      "un_number": "0328",
      "gefahrenzahl": null,
      "klasse": "1.2C",
      "bezeichnung": "Patronen für Waffen, mit inertem Geschoss oder Patronen für Handfeuerwaffen"
    },
    {
      "un_number": "0329",
      "gefahrenzahl": null,
      "klasse": "1.1E",
      "bezeichnung": "Torpedos, mit Sprengladung"
    },
    {
      "un_number": "0330",
      "gefahrenzahl": null,
      "klasse": "1.1F",
      "bezeichnung": "Torpedos, mit Sprengladung"
    },
    {
      "un_number": "0331",
      "gefahrenzahl": null,
      "klasse": "1.5D",
      "bezeichnung": "Sprengstoff Typ B"
    },
    {
      "un_number": "0332",
      "gefahrenzahl": null,
      "klasse": "1.5D",
      "bezeichnung": "Sprengstoff Typ E"
    },
    {
      "un_number": "0333",
      "gefahrenzahl": null,
      "klasse": "1.1G",
      "bezeichnung": "Feuerwerkskörper"
    },
    {
      "un_number": "0334",
      "gefahrenzahl": null,
      "klasse": "1.2G",
      "bezeichnung": "Feuerwerkskörper"
    },
    {
      "un_number": "0335",
      "gefahrenzahl": null,
      "klasse": "1.3G",
      "bezeichnung": "Feuerwerkskörper"
    },
    {
      "un_number": "0336",
      "gefahrenzahl": null,
      "klasse": "1.4G",
      "bezeichnung": "Feuerwerkskörper"
    },
    {
      "un_number": "0337",
      "gefahrenzahl": null,
      "klasse": "1.4S",
      "bezeichnung": "Feuerwerkskörper"
    },
    {
      "un_number": "0338",
      "gefahrenzahl": null,
      "klasse": "1.4C",
      "bezeichnung": "Patronen für Waffen, Manöver oder Patronen für Handfeuerwaffen, Manöver oder Patronen für Werkzeuge, ohne Geschoss"
    },
    {
      "un_number": "0339",
      "gefahrenzahl": null,
      "klasse": "1.4C",
      "bezeichnung": "Patronen für Waffen mit inertem Geschoss oder Patronen für Handfeuerwaffen"
    },
    {
      "un_number": "0340",
      "gefahrenzahl": null,
      "klasse": "1.1D",
      "bezeichnung": "Nitrocellulose, trocken oder angefeuchtet mit weniger als 25 Masse-% Wasser (oder Alkohol)"
    },
    {
      "un_number": "0341",
      "gefahrenzahl": null,
      "klasse": "1.1D",
      "bezeichnung": "Nitrocellulose, nicht behandelt oder plastifiziert mit weniger als 18 Masse-% Plastifizierungsmittel"
    },
    {
      "un_number": "0342",
      "gefahrenzahl": null,
      "klasse": "1.3C",
      "bezeichnung": "Nitrocellulose, angefeuchtet mit mindestens 25 Masse-% Alkohol"
    },
    {
      "un_number": "0343",
      "gefahrenzahl": null,
      "klasse": "1.3C",
      "bezeichnung": "Nitrocellulose, plastifiziert, mit mindestens 18 Masse-% Plastifizierungsmittel"
    },
    {
      "un_number": "0344",
      "gefahrenzahl": null,
      "klasse": "1.4D",
      "bezeichnung": "Geschosse, mit Sprengladung"
    },
    {
      "un_number": "0345",
      "gefahrenzahl": null,
      "klasse": "1.4S",
      "bezeichnung": "Geschosse, inert, mit Leuchtspurmitteln"
    },
    {
      "un_number": "0346",
      "gefahrenzahl": null,
      "klasse": "1.2D",
      "bezeichnung": "Geschosse, mit Zerleger oder Ausstoßladung"
    },
    {
      "un_number": "0347",
      "gefahrenzahl": null,
      "klasse": "1.4D",
      "bezeichnung": "Geschosse, mit Zerleger oder Ausstoßladung"
    },
    {
      "un_number": "0348",
      "gefahrenzahl": null,
      "klasse": "1.4F",
      "bezeichnung": "Patronen für Waffen, mit Sprengladung"
    },
    {
      "un_number": "0349",
      "gefahrenzahl": null,
      "klasse": "1.4S",
      "bezeichnung": "Gegenstände mit Explosivstoff, N.A.G."
    },
    {
      "un_number": "0350",
      "gefahrenzahl": null,
      "klasse": "1.4B",
      "bezeichnung": "Gegenstände mit Explosivstoff, N.A.G."
    },
    {
      "un_number": "0351",
      "gefahrenzahl": null,
      "klasse": "1.4C",
      "bezeichnung": "Gegenstände mit Explosivstoff, N.A.G."
    },
    {
      "un_number": "0352",
      "gefahrenzahl": null,
      "klasse": "1.4D",
      "bezeichnung": "Gegenstände mit Explosivstoff, N.A.G."
    },
    {
      "un_number": "0353",
      "gefahrenzahl": null,
      "klasse": "1.4G",
      "bezeichnung": "Gegenstände mit Explosivstoff, N.A.G."
    },
    {
      "un_number": "0354",
      "gefahrenzahl": null,
      "klasse": "1.1L",
      "bezeichnung": "Gegenstände mit Explosivstoff, N.A.G."
    },
    {
      "un_number": "0355",
      "gefahrenzahl": null,
      "klasse": "1.2L",
      "bezeichnung": "Gegenstände mit Explosivstoff, N.A.G."
    },
    {
      "un_number": "0356",
      "gefahrenzahl": null,
      "klasse": "1.3L",
      "bezeichnung": "Gegenstände mit Explosivstoff, N.A.G."
    },
    {
      "un_number": "0357",
      "gefahrenzahl": null,
      "klasse": "1.1L",
      "bezeichnung": "Explosive Stoffe, N.A.G."
    },
    {
      "un_number": "0358",
      "gefahrenzahl": null,
      "klasse": "1.2L",
      "bezeichnung": "Explosive Stoffe, N.A.G."
    },
    {
      "un_number": "0359",
      "gefahrenzahl": null,
      "klasse": "1.3L",
      "bezeichnung": "Explosive Stoffe, N.A.G."
    },
    {
      "un_number": "0360",
      "gefahrenzahl": null,
      "klasse": "1.1B",
      "bezeichnung": "Zündeinrichtungen für Sprengungen, nicht elektrisch"
    },
    {
      "un_number": "0361",
      "gefahrenzahl": null,
      "klasse": "1.4B",
      "bezeichnung": "Zündeinrichtungen für Sprengungen, nicht elektrisch"
    },
    {
      "un_number": "0362",
      "gefahrenzahl": null,
      "klasse": "1.4G",
      "bezeichnung": "Munition, Übung"
    },
    {
      "un_number": "0363",
      "gefahrenzahl": null,
      "klasse": "1.4G",
      "bezeichnung": "Munition, Prüfung"
    },
    {
      "un_number": "0364",
      "gefahrenzahl": null,
      "klasse": "1.2B",
      "bezeichnung": "Detonatoren für Munition"
    },
    {
      "un_number": "0365",
      "gefahrenzahl": null,
      "klasse": "1.4B",
      "bezeichnung": "Detonatoren für Munition"
    },
    {
      "un_number": "0366",
      "gefahrenzahl": null,
      "klasse": "1.4S",
      "bezeichnung": "Detonatoren für Munition"
    },
    {
      "un_number": "0367",
      "gefahrenzahl": null,
      "klasse": "1.4S",
      "bezeichnung": "Zünder, sprengfähig"
    },
    {
      "un_number": "0368",
      "gefahrenzahl": null,
      "klasse": "1.4S",
      "bezeichnung": "Zünder, nicht sprengfähig"
    },
    {
      "un_number": "0369",
      "gefahrenzahl": null,
      "klasse": "1.1F",
      "bezeichnung": "Gefechtsköpfe, Rakete, mit Sprengladung"
    },
    {
      "un_number": "0370",
      "gefahrenzahl": null,
      "klasse": "1.4D",
      "bezeichnung": "Gefechtsköpfe, Rakete, mit Zerleger oder Ausstoßladung"
    },
    {
      "un_number": "0371",
      "gefahrenzahl": null,
      "klasse": "1.4F",
      "bezeichnung": "Gefechtsköpfe, Rakete, mit Zerleger oder Ausstoßladung"
    },
    {
      "un_number": "0372",
      "gefahrenzahl": null,
      "klasse": "1.2G",
      "bezeichnung": "Granaten, Übung, Hand oder Gewehr"
    },
    {
      "un_number": "0373",
      "gefahrenzahl": null,
      "klasse": "1.4S",
      "bezeichnung": "Signalkörper, Hand"
    },
    {
      "un_number": "0374",
      "gefahrenzahl": null,
      "klasse": "1.1D",
      "bezeichnung": "Falllote, mit Explosivstoff"
    },
    {
      "un_number": "0375",
      "gefahrenzahl": null,
      "klasse": "1.2D",
      "bezeichnung": "Falllote, mit Explosivstoff"
    },
    {
      "un_number": "0376",
      "gefahrenzahl": null,
      "klasse": "1.4S",
      "bezeichnung": "Treibladungsanzünder"
    },
    {
      "un_number": "0377",
      "gefahrenzahl": null,
      "klasse": "1.1B",
      "bezeichnung": "Anzündhütchen"
    },
    {
      "un_number": "0378",
      "gefahrenzahl": null,
      "klasse": "1.4B",
      "bezeichnung": "Anzündhütchen"
    },
    {
      "un_number": "0379",
      "gefahrenzahl": null,
      "klasse": "1.4C",
      "bezeichnung": "Treibladungshülsen, leer, mit Treibladungsanzünder"
    },
    {
      "un_number": "0380",
      "gefahrenzahl": null,
      "klasse": "1.2L",
      "bezeichnung": "Gegenstände, pyrophor"
    },
    {
      "un_number": "0381",
      "gefahrenzahl": null,
      "klasse": "1.2C",
      "bezeichnung": "Kartuschen für technische Zwecke"
    },
    {
      "un_number": "0382",
      "gefahrenzahl": null,
      "klasse": "1.2B",
      "bezeichnung": "Bestandteile, Zündkette, N.A.G."
    },
    {
      "un_number": "0383",
      "gefahrenzahl": null,
      "klasse": "1.4B",
      "bezeichnung": "Bestandteile, Zündkette, N.A.G."
    },
    {
      "un_number": "0384",
      "gefahrenzahl": null,
      "klasse": "1.4S",
      "bezeichnung": "Bestandteile, Zündkette, N.A.G."
    },
    {
      "un_number": "0385",
      "gefahrenzahl": null,
      "klasse": "1.1D",
      "bezeichnung": "5-Nitrobenzotriazol"
    },
    {
      "un_number": "0386",
      "gefahrenzahl": null,
      "klasse": "1.1D",
      "bezeichnung": "Trinitrobenzensulfonsäure"
    },
    {
      "un_number": "0387",
      "gefahrenzahl": null,
      "klasse": "1.1D",
      "bezeichnung": "Trinitrofluorenon"
    },
    {
      "un_number": "0388",
      "gefahrenzahl": null,
      "klasse": "1.1D",
      "bezeichnung": "Trinitrotoluol (TNT) in Mischung mit Trinitrobenzen oder Trinitrotoluol (TNT) in Mischung mit Hexanitrostilben"
    },
    {
      "un_number": "0389",
      "gefahrenzahl": null,
      "klasse": "1.1D",
      "bezeichnung": "Trinitrotoluol (TNT) in Mischung mit Trinitrobenzen und Hexanitrostilben"
    },
    {
      "un_number": "0390",
      "gefahrenzahl": null,
      "klasse": "1.1D",
      "bezeichnung": "Tritonal"
    },
    {
      "un_number": "0391",
      "gefahrenzahl": null,
      "klasse": "1.1D",
      "bezeichnung": "Hexogen (RDX), in Mischung mit Oktogen (HMX), angefeuchtet mit mindestens 15 Masse-% Wasser oder desensibilisiert mit mindestens 10 Masse-% Phlegmatisierungsmittel"
    },
    {
      "un_number": "0392",
      "gefahrenzahl": null,
      "klasse": "1.1D",
      "bezeichnung": "Trinitrotoluen (TNT) in Mischung mit Trinitrobenzen oder Trinitrotoluen (TNT) in Mischung mit Hexanitrostilben"
    },
    {
      "un_number": "0393",
      "gefahrenzahl": null,
      "klasse": "1.1D",
      "bezeichnung": "Hexotonal"
    },
    {
      "un_number": "0394",
      "gefahrenzahl": null,
      "klasse": "1.1D",
      "bezeichnung": "Trinitroresorcinol (Styphninsäure), angefeuchtet mit mindestens 20 Masse-% Wasser oder einer Alkohol/Wasser-Mischung"
    },
    {
      "un_number": "0395",
      "gefahrenzahl": null,
      "klasse": "1.2J",
      "bezeichnung": "Raketenmotoren, Flüssigtreibstoff"
    },
    {
      "un_number": "0396",
      "gefahrenzahl": null,
      "klasse": "1.3J",
      "bezeichnung": "Raketenmotoren, Flüssigtreibstoff"
    },
    {
      "un_number": "0397",
      "gefahrenzahl": null,
      "klasse": "1.1J",
      "bezeichnung": "Raketenmotoren, Flüssigtreibstoff, mit Sprengladung"
    },
    {
      "un_number": "0398",
      "gefahrenzahl": null,
      "klasse": "1.2J",
      "bezeichnung": "Raketenmotoren, Flüssigtreibstoff, mit Sprengladung"
    },
    {
      "un_number": "0399",
      "gefahrenzahl": null,
      "klasse": "1.1J",
      "bezeichnung": "Bomben, die entzündbare Flüssigkeiten enthalten, mit Sprengladung"
    }
  ]
}