{
  "title": "UN-Nummern 0400–0499",
  "generated": "2025-09-16",
  "count": 97,
  "columns": [
    "un_number",
    "gefahrenzahl",
    "klasse",
    "bezeichnung"
  ],
  "rows": [
    {
      "un_number": "0400",
      "gefahrenzahl": null,
      "klasse": "1.2J",
      "bezeichnung": "Bomben, die entzündbare Flüssigkeiten enthalten, mit Sprengladung"
    },
    {
      "un_number": "0401",
      "gefahrenzahl": null,
      "klasse": "1.1D",
      "bezeichnung": "Dipikrylsulfid, trocken oder angefeuchtet mit weniger als 10 Masse-% Wasser"
    },
    {
      "un_number": "0402",
      "gefahrenzahl": null,
      "klasse": "1.1D",
      "bezeichnung": "Ammoniumperchlorat"
    },
    {
      "un_number": "0403",
      "gefahrenzahl": null,
      "klasse": "1.4G",
      "bezeichnung": "Leuchtkörper, Luftfahrzeug"
    },
    {
      "un_number": "0404",
      "gefahrenzahl": null,
      "klasse": "1.4S",
      "bezeichnung": "Leuchtkörper, Luftfahrzeug"
    },
    {
      "un_number": "0405",
      "gefahrenzahl": null,
      "klasse": "1.4S",
      "bezeichnung": "Patronen, Signal"
    },
    {
      "un_number": "0406",
      "gefahrenzahl": null,
      "klasse": "1.3C",
      "bezeichnung": "Dinitrosobenzen"
    },
    {
      "un_number": "0407",
      "gefahrenzahl": null,
      "klasse": "1.4C",
      "bezeichnung": "Tetrazol-1-essigsäure"
    },
    {
      "un_number": "0408",
      "gefahrenzahl": null,
      "klasse": "1.1D",
      "bezeichnung": "Zünder, sprengkräftig, mit Sicherungsvorrichtungen"
    },
    {
      "un_number": "0409",
      "gefahrenzahl": null,
      "klasse": "1.3D",
      "bezeichnung": "Zünder, sprengkräftig, mit Sicherungsvorrichtungen"
    },
    {
      "un_number": "0410",
      "gefahrenzahl": null,
      "klasse": "1.4D",
      "bezeichnung": "Zünder, sprengkräftig, mit Sicherungsvorrichtungen"
    },
    {
      "un_number": "0411",
      "gefahrenzahl": null,
      "klasse": "1.1D",
      "bezeichnung": "Nitropenta (PETN), mit nicht weniger als 7 Masse-% Wachs"
    },
    {
      "un_number": "0412",
      "gefahrenzahl": null,
      "klasse": "1.4E",
      "bezeichnung": "Patronen für Waffen, mit Sprengladung"
    },
    {
      "un_number": "0413",
      "gefahrenzahl": null,
      "klasse": "1.2C",
      "bezeichnung": "Patronen für Waffen, Manöver oder Patronen für Handfeuerwaffen, Manöver oder Patronen für Werkzeuge, ohne Geschoss"
    },
    {
      "un_number": "0414",
      "gefahrenzahl": null,
      "klasse": "1.4E",
      "bezeichnung": "Treibladungen für Geschütze"
    },
    {
      "un_number": "0415",
      "gefahrenzahl": null,
      "klasse": "1.2C",
      "bezeichnung": "Treibladungen für Geschütze"
    },
    {
      "un_number": "0417",
      "gefahrenzahl": null,
      "klasse": "1.3C",
      "bezeichnung": "Patronen für Waffen, mit inertem Geschoss oder Patronen für Handfeuerwaffen"
    },
    {
      "un_number": "0418",
      "gefahrenzahl": null,
      "klasse": "1.1G",
      "bezeichnung": "Leuchtkörper, Boden"
    },
    {
      "un_number": "0419",
      "gefahrenzahl": null,
      "klasse": "1.2G",
      "bezeichnung": "Leuchtkörper, Boden"
    },
    {
      "un_number": "0420",
      "gefahrenzahl": null,
      "klasse": "1.1G",
      "bezeichnung": "Leuchtkörper, Luftfahrzeug"
    },
    {
      "un_number": "0421",
      "gefahrenzahl": null,
      "klasse": "1.2G",
      "bezeichnung": "Leuchtkörper, Luftfahrzeug"
    },
    {
      "un_number": "0424",
      "gefahrenzahl": null,
      "klasse": "1.3G",
      "bezeichnung": "Geschosse, inert, mit Leuchtspurmitteln"
    },
    {
      "un_number": "0425",
      "gefahrenzahl": null,
      "klasse": "1.4G",
      "bezeichnung": "Geschosse, inert, mit Leuchtspurmitteln"
    },
    {
      "un_number": "0426",
      "gefahrenzahl": null,
      "klasse": "1.2F",
      "bezeichnung": "Geschosse, mit Zerleger oder Ausstoßladung"
    },
    {
      "un_number": "0427",
      "gefahrenzahl": null,
      "klasse": "1.4F",
      "bezeichnung": "Geschosse, mit Zerleger oder Ausstoßladung"
    },
    {
      "un_number": "0428",
      "gefahrenzahl": null,
      "klasse": "1.1G",
      "bezeichnung": "Pyrotechnische Gegenstände für technische Zwecke"
    },
    {
      "un_number": "0429",
      "gefahrenzahl": null,
      "klasse": "1.2G",
      "bezeichnung": "Pyrotechnische Gegenstände für technische Zwecke"
    },
    {
      "un_number": "0430",
      "gefahrenzahl": null,
      "klasse": "1.3G",
      "bezeichnung": "Pyrotechnische Gegenstände für technische Zwecke"
    },
    {
      "un_number": "0431",
      "gefahrenzahl": null,
      "klasse": "1.4G",
      "bezeichnung": "Pyrotechnische Gegenstände für technische Zwecke"
    },
    {
      "un_number": "0432",
      "gefahrenzahl": null,
      "klasse": "1.4S",
      "bezeichnung": "Pyrotechnische Gegenstände für technische Zwecke"
    },
    {
      "un_number": "0433",
      "gefahrenzahl": null,
      "klasse": "1.1C",
      "bezeichnung": "Pulverrohmasse, angefeuchtet mit nicht weniger als 17 Masse-% Alkohol"
    },
    {
      "un_number": "0434",
      "gefahrenzahl": null,
      "klasse": "1.2G",
      "bezeichnung": "Geschosse, mit Zerleger oder Ausstoßladung"
    },
    {
      "un_number": "0435",
      "gefahrenzahl": null,
      "klasse": "1.4G",
      "bezeichnung": "Geschosse, mit Zerleger oder Ausstoßladung"
    },
    {
      "un_number": "0436",
      "gefahrenzahl": null,
      "klasse": "1.2C",
      "bezeichnung": "Raketen, mit Ausstoßladung"
    },
    {
      "un_number": "0437",
      "gefahrenzahl": null,
      "klasse": "1.3C",
      "bezeichnung": "Raketen, mit Ausstoßladung"
    },
    {
      "un_number": "0438",
      "gefahrenzahl": null,
      "klasse": "1.4C",
      "bezeichnung": "Raketen, mit Ausstoßladung"
    },
    {
      "un_number": "0439",
      "gefahrenzahl": null,
      "klasse": "1.2D",
      "bezeichnung": "Hohlladungen, ohne Zündmittel"
    },
    {
      "un_number": "0440",
      "gefahrenzahl": null,
      "klasse": "1.4D",
      "bezeichnung": "Hohlladungen, ohne Zündmittel"
    },
    {
      "un_number": "0441",
      "gefahrenzahl": null,
      "klasse": "1.4S",
      "bezeichnung": "Hohlladungen, ohne Zündmittel"
    },
    {
      "un_number": "0442",
      "gefahrenzahl": null,
      "klasse": "1.1D",
      "bezeichnung": "Sprengladungen, gewerbliche, ohne Zündmittel"
    },
    {
      "un_number": "0443",
      "gefahrenzahl": null,
      "klasse": "1.2D",
      "bezeichnung": "Sprengladungen, gewerbliche, ohne Zündmittel"
    },
    {
      "un_number": "0444",
      "gefahrenzahl": null,
      "klasse": "1.4D",
      "bezeichnung": "Sprengladungen, gewerbliche, ohne Zündmittel"
    },
    {
      "un_number": "0445",
      "gefahrenzahl": null,
      "klasse": "1.4S",
      "bezeichnung": "Sprengladungen, gewerbliche, ohne Zündmittel"
    },
    {
      "un_number": "0446",
      "gefahrenzahl": null,
      "klasse": "1.4C",
      "bezeichnung": "Treibladungshülsen, verbrennlich, leer, ohne Treibladungszünder"
    },
    {
      "un_number": "0447",
      "gefahrenzahl": null,
      "klasse": "1.3C",
      "bezeichnung": "Treibladungshülsen, verbrennlich, leer, ohne Treibladungszünder"
    },
    {
      "un_number": "0448",
      "gefahrenzahl": null,
      "klasse": "1.4C",
      "bezeichnung": "5-Mercaptotetrazol-1-essigsäure"
    },
    {
      "un_number": "0449",
      "gefahrenzahl": null,
      "klasse": "1.1J",
      "bezeichnung": "Torpedos, mit Flüssigtreibstoff, mit oder ohne Sprengladung"
    },
    {
      "un_number": "0450",
      "gefahrenzahl": null,
      "klasse": "1.3J",
      "bezeichnung": "Torpedos, mit Flüssigtreibstoff, mit inertem Kopf"
    },
    {
      "un_number": "0451",
      "gefahrenzahl": null,
      "klasse": "1.1D",
      "bezeichnung": "Torpedos, mit Sprengladung"
    },
    {
      "un_number": "0452",
      "gefahrenzahl": null,
      "klasse": "1.4G",
      "bezeichnung": "Granaten, Übung, Hand oder Gewehr"
    },
    {
      "un_number": "0453",
      "gefahrenzahl": null,
      "klasse": "1.4G",
      "bezeichnung": "Raketen, Leinenwurf"
    },
    {
      "un_number": "0454",
      "gefahrenzahl": null,
      "klasse": "1.4S",
      "bezeichnung": "Anzünder"
    },
    {
      "un_number": "0455",
      "gefahrenzahl": null,
      "klasse": "1.4S",
      "bezeichnung": "Sprengkapseln, nicht elektrisch"
    },
    {
      "un_number": "0456",
      "gefahrenzahl": null,
      "klasse": "1.4S",
      "bezeichnung": "Sprengkapseln, elektrisch"
    },
    {
      "un_number": "0457",
      "gefahrenzahl": null,
      "klasse": "1.1D",
      "bezeichnung": "Sprengladungen, kunststoffgebunden"
    },
    {
      "un_number": "0458",
      "gefahrenzahl": null,
      "klasse": "1.2D",
      "bezeichnung": "Sprengladungen, kunststoffgebunden"
    },
    {
      "un_number": "0459",
      "gefahrenzahl": null,
      "klasse": "1.4D",
      "bezeichnung": "Sprengladungen, kunststoffgebunden"
    },
    {
      "un_number": "0460",
      "gefahrenzahl": null,
      "klasse": "1.4S",
      "bezeichnung": "Sprengladungen, kunststoffgebunden"
    },
    {
      "un_number": "0461",
      "gefahrenzahl": null,
      "klasse": "1.1B",
      "bezeichnung": "Bestandteile, Zündkette"
    },
    {
      "un_number": "0462",
      "gefahrenzahl": null,
      "klasse": "1.1C",
      "bezeichnung": "Gegenstände mit Explosivstoff, N.A.G."
    },
    {
      "un_number": "0463",
      "gefahrenzahl": null,
      "klasse": "1.1D",
      "bezeichnung": "Gegenstände mit Explosivstoff, N.A.G."
    },
    {
      "un_number": "0464",
      "gefahrenzahl": null,
      "klasse": "1.1E",
      "bezeichnung": "Gegenstände mit Explosivstoff, N.A.G."
    },
    {
      "un_number": "0465",
      "gefahrenzahl": null,
      "klasse": "1.1F",
      "bezeichnung": "Gegenstände mit Explosivstoff, N.A.G."
    },
    {
      "un_number": "0466",
      "gefahrenzahl": null,
      "klasse": "1.2C",
      "bezeichnung": "Gegenstände mit Explosivstoff, N.A.G."
    },
    {
      "un_number": "0467",
      "gefahrenzahl": null,
      "klasse": "1.2D",
      "bezeichnung": "Gegenstände mit Explosivstoff, N.A.G."
    },
    {
      "un_number": "0468",
      "gefahrenzahl": null,
      "klasse": "1.2E",
      "bezeichnung": "Gegenstände mit Explosivstoff, N.A.G."
    },
    {
      "un_number": "0469",
      "gefahrenzahl": null,
      "klasse": "1.2F",
      "bezeichnung": "Gegenstände mit Explosivstoff, N.A.G."
    },
    {
      "un_number": "0470",
      "gefahrenzahl": null,
      "klasse": "1.3C",
      "bezeichnung": "Gegenstände mit Explosivstoff, N.A.G."
    },
    {
      "un_number": "0471",
      "gefahrenzahl": null,
      "klasse": "1.4E",
      "bezeichnung": "Gegenstände mit Explosivstoff, N.A.G."
    },
    {
      "un_number": "0472",
      "gefahrenzahl": null,
      "klasse": "1.4F",
      "bezeichnung": "Gegenstände mit Explosivstoff, N.A.G."
    },
    {
      "un_number": "0473",
      "gefahrenzahl": null,
      "klasse": "1.1A",
      "bezeichnung": "Explosive Stoffe, N.A.G."
    },
    {
      "un_number": "0474",
      "gefahrenzahl": null,
      "klasse": "1.1C",
      "bezeichnung": "Explosive Stoffe, N.A.G."
    },
    {
      "un_number": "0475",
      "gefahrenzahl": null,
      "klasse": "1.1D",
      "bezeichnung": "Explosive Stoffe, N.A.G."
    },
    {
      "un_number": "0476",
      "gefahrenzahl": null,
      "klasse": "1.1G",
      "bezeichnung": "Explosive Stoffe, N.A.G."
    },
    {
      "un_number": "0477",
      "gefahrenzahl": null,
      "klasse": "1.3C",
      "bezeichnung": "Explosive Stoffe, N.A.G."
    },
    {
      "un_number": "0478",
      "gefahrenzahl": null,
      "klasse": "1.3G",
      "bezeichnung": "Explosive Stoffe, N.A.G."
    },
    {
      "un_number": "0479",
      "gefahrenzahl": null,
      "klasse": "1.4C",
      "bezeichnung": "Explosive Stoffe, N.A.G."
    },
    {
      "un_number": "0480",
      "gefahrenzahl": null,
      "klasse": "1.4D",
      "bezeichnung": "Explosive Stoffe, N.A.G."
    },
    {
      "un_number": "0481",
      "gefahrenzahl": null,
      "klasse": "1.4S",
      "bezeichnung": "Explosive Stoffe, N.A.G."
    },
    {
      "un_number": "0482",
      "gefahrenzahl": null,
      "klasse": "1.5D",
      "bezeichnung": "Explosive Stoffe, sehr unempfindlich N.A.G. (Stoffe, EVI, N.A.G.)"
    },
    {
      "un_number": "0483",
      "gefahrenzahl": null,
      "klasse": "1.1D",
      "bezeichnung": "Hexogen (RDX), desensibilisiert"
    },
    {
      "un_number": "0484",
      "gefahrenzahl": null,
      "klasse": "1.1D",
      "bezeichnung": "Oktogen (HMX), desensibilisiert"
    },
    {
      "un_number": "0485",
      "gefahrenzahl": null,
      "klasse": "1.4G",
      "bezeichnung": "Explosive Stoffe, N.A.G."
    },
    {
      "un_number": "0486",
      "gefahrenzahl": null,
      "klasse": "1.6N",
      "bezeichnung": "Gegenstände mit Explosivstoff, extrem unempfindlich (Gegenstände, EEI)"
    },
    {
      "un_number": "0487",
      "gefahrenzahl": null,
      "klasse": "1.3G",
      "bezeichnung": "Signalkörper, Rauch"
    },
    {
      "un_number": "0488",
      "gefahrenzahl": null,
      "klasse": "1.3G",
      "bezeichnung": "Munition, Übung"
    },
    {
      "un_number": "0489",
      "gefahrenzahl": null,
      "klasse": "1.1D",
      "bezeichnung": "Dinitroglycoluril (DINGU)"
    },
    {
      "un_number": "0490",
      "gefahrenzahl": null,
      "klasse": "1.1D",
      "bezeichnung": "Oxynitrotriazol (ONTA)"
    },
    {
      "un_number": "0491",
      "gefahrenzahl": null,
      "klasse": "1.4C",
      "bezeichnung": "Treibladungen für Geschütze"
    },
    {
      "un_number": "0492",
      "gefahrenzahl": null,
      "klasse": "1.3G",
      "bezeichnung": "Knallkapseln, Eisenbahn"
    },
    {
      "un_number": "0493",
      "gefahrenzahl": null,
      "klasse": "1.4G",
      "bezeichnung": "Knallkapseln, Eisenbahn"
    },
    {
      "un_number": "0494",
      "gefahrenzahl": null,
      "klasse": "1.4D",
      "bezeichnung": "Perforationshohlladungsträger, geladen, für Erdölbohrlöcher, ohne Zündmittel"
    },
    {
      "un_number": "0495",
      "gefahrenzahl": null,
      "klasse": "1.3C",
      "bezeichnung": "Treibstoff, flüssig"
    },
    {
      "un_number": "0496",
      "gefahrenzahl": null,
      "klasse": "1.1D",
      "bezeichnung": "Octonal"
    },
    {
      "un_number": "0497",
      "gefahrenzahl": null,
      "klasse": "1.1C",
      "bezeichnung": "Treibstoff, flüssig"
    },
    {
      "un_number": "0498",
      "gefahrenzahl": null,
      "klasse": "1.1C",
      "bezeichnung": "Treibstoff, fest"
    },
    {
      "un_number": "0499",
      "gefahrenzahl": null,
      "klasse": "1.3C",
      "bezeichnung": "Treibstoff, fest"
    }
  ]
}