{
  "title": "UN-Nummern 0500–0513",
  "generated": "2025-09-16",
  "count": 14,
  "columns": [
    "un_number",
    "gefahrenzahl",
    "klasse",
    "bezeichnung"
  ],
  "rows": [
    {
      "un_number": "0500",
      "gefahrenzahl": null,
      "klasse": "1.4S",
      "bezeichnung": "Zündeinrichtungen für Sprengungen, nicht elektrisch"
    },
    {
      "un_number": "0501",
      "gefahrenzahl": null,
      "klasse": "1.4C",
      "bezeichnung": "Treibstoff, fest"
    },
    {
      "un_number": "0502",
      "gefahrenzahl": null,
      "klasse": "1.2C",
      "bezeichnung": "Raketen, mit inertem Kopf"
    },
    {
      "un_number": "0503",
      "gefahrenzahl": null,
      "klasse": "1.4G",
      "bezeichnung": "Airbag-Gasgeneratoren, pyrotechnisch oder Airbag-Module, pyrotechnisch oder Gurtstraffer, pyrotechnisch oder Sicherheitseinrichtungen, pyrotechnisch"
    },
    {
      "un_number": "0504",
      "gefahrenzahl": null,
      "klasse": "1.1D",
      "bezeichnung": "1''H''-Tetrazol"
    },
    {
      "un_number": "0505",
      "gefahrenzahl": null,
      "klasse": "1.4G",
      "bezeichnung": "Signalkörper, Seenot, für Schiffe"
    },
    {
      "un_number": "0506",
      "gefahrenzahl": null,
      "klasse": "1.4S",
      "bezeichnung": "Signalkörper, Seenot, für Schiffe"
    },
    {
      "un_number": "0507",
      "gefahrenzahl": null,
      "klasse": "1.4S",
      "bezeichnung": "Signalkörper, Rauch"
    },
    {
      "un_number": "0508",
      "gefahrenzahl": null,
      "klasse": "1.3C",
      "bezeichnung": "1-Hydroxybenzotriazol, wasserfrei, trocken oder angefeuchtet, mit weniger als 20 Masse-% Wasser"
    },
    {
      "un_number": "0509",
      "gefahrenzahl": null,
      "klasse": "1.4C",
      "bezeichnung": "Treibladungspulver"
    },
    {
      "un_number": "0510",
      "gefahrenzahl": null,
      "klasse": "1.4C",
      "bezeichnung": "Raketenmotoren"
    },
    {
      "un_number": "0511",
      "gefahrenzahl": null,
      "klasse": "1.1B",
      "bezeichnung": "Sprengkapseln, elektronisch, programmierbar"
    },
    {
      "un_number": "0512",
      "gefahrenzahl": null,
      "klasse": "1.4B",
      "bezeichnung": "Sprengkapseln, elektronisch, programmierbar"
    },
    {
      "un_number": "0513",
      "gefahrenzahl": null,
      "klasse": "1.4S",
      "bezeichnung": "Sprengkapseln, elektronisch, programmierbar"
    }
  ]
}