{
  "title": "UN-Nummern 1000–1099",
  "generated": "2025-09-16",
  "count": 81,
  "columns": [
    "un_number",
    "gefahrenzahl",
    "klasse",
    "bezeichnung"
  ],
  "rows": [
    {
      "un_number": "1001",
      "gefahrenzahl": "239",
      "klasse": "2.1",
      "bezeichnung": "Acetylen, gelöst"
    },
    {
      "un_number": "1002",
      "gefahrenzahl": "20",
      "klasse": "2.2",
      "bezeichnung": "Luft, verdichtet (Druckluft)"
    },
    {
      "un_number": "1003",
      "gefahrenzahl": "225",
      "klasse": "2.2",
      "bezeichnung": "Luft, tiefgekühlt, flüssig"
    },
    {
      "un_number": "1005",
      "gefahrenzahl": "268",
      "klasse": "2",
      "bezeichnung": "Ammoniak, wasserfrei"
    },
    {
      "un_number": "1006",
      "gefahrenzahl": "20",
      "klasse": "2",
      "bezeichnung": "Argon, verdichtet"
    },
    {
      "un_number": "1008",
      "gefahrenzahl": "268",
      "klasse": "2.3",
      "bezeichnung": "Bortrifluorid, verdichtet"
    },
    {
      "un_number": "1009",
      "gefahrenzahl": "20",
      "klasse": "2.2",
      "bezeichnung": "Bromtrifluormethan (Gas als Kältemittel R 13B1)"
    },
    {
      "un_number": "1010",
      "gefahrenzahl": "239",
      "klasse": "2",
      "bezeichnung": "Butadiene, stabilisiert, oder Butadiene, und Kohlenwasserstoff, Gemisch, stabilisiert, mit mehr als 20 % Butadienen"
    },
    {
      "un_number": "1011",
      "gefahrenzahl": "23",
      "klasse": "2",
      "bezeichnung": "Butan"
    },
    {
      "un_number": "1012",
      "gefahrenzahl": "23",
      "klasse": "2",
      "bezeichnung": "1-Buten oder cis-2-Buten oder trans-2-Buten oder Butene, Gemisch"
    },
    {
      "un_number": "1013",
      "gefahrenzahl": "20",
      "klasse": "2",
      "bezeichnung": "Kohlenstoffdioxid"
    },
    {
      "un_number": "1014",
      "gefahrenzahl": "25",
      "klasse": "2",
      "bezeichnung": "Kohlenstoffdioxid und Sauerstoff, Gemisch, verdichtet"
    },
    {
      "un_number": "1015",
      "gefahrenzahl": "20",
      "klasse": "2",
      "bezeichnung": "Kohlenstoffdioxid und Distickstoffmonoxid, Gemisch"
    },
    {
      "un_number": "1016",
      "gefahrenzahl": "263",
      "klasse": "2.3",
      "bezeichnung": "Kohlenstoffmonoxid, verdichtet"
    },
    {
      "un_number": "1017",
      "gefahrenzahl": "265",
      "klasse": "2.3",
      "bezeichnung": "Chlor"
    },
    {
      "un_number": "1018",
      "gefahrenzahl": "20",
      "klasse": "2.2",
      "bezeichnung": "Chlordifluormethan (Gas als Kältemittel R 22)"
    },
    {
      "un_number": "1020",
      "gefahrenzahl": "20",
      "klasse": "2.2",
      "bezeichnung": "Chlorpentafluorethan (Gas als Kältemittel R 115)"
    },
    {
      "un_number": "1021",
      "gefahrenzahl": "20",
      "klasse": "2.2",
      "bezeichnung": "1-Chlor-1,2,2,2-tetrafluorethan (Gas als Kältemittel R 124)"
    },
    {
      "un_number": "1022",
      "gefahrenzahl": "20",
      "klasse": "2.2",
      "bezeichnung": "Chlortrifluormethan (Gas als Kältemittel R 13)"
    },
    {
      "un_number": "1023",
      "gefahrenzahl": "263",
      "klasse": "2.3",
      "bezeichnung": "Stadtgas, verdichtet"
    },
    {
      "un_number": "1026",
      "gefahrenzahl": "263",
      "klasse": "2.3",
      "bezeichnung": "Dicyan"
    },
    {
      "un_number": "1027",
      "gefahrenzahl": "23",
      "klasse": "2.1",
      "bezeichnung": "Cyclopropan"
    },
    {
      "un_number": "1028",
      "gefahrenzahl": "20",
      "klasse": "2.2",
      "bezeichnung": "Dichlordifluormethan (Gas als Kältemittel R 12)"
    },
    {
      "un_number": "1029",
      "gefahrenzahl": "20",
      "klasse": "2.2",
      "bezeichnung": "Dichlormonofluormethan (Gas als Kältemittel R 21)"
    },
    {
      "un_number": "1030",
      "gefahrenzahl": "23",
      "klasse": "2.1",
      "bezeichnung": "1,1-Difluorethan (Gas als Kältemittel R 152a)"
    },
    {
      "un_number": "1032",
      "gefahrenzahl": "23",
      "klasse": "2.1",
      "bezeichnung": "Dimethylamin, wasserfrei"
    },
    {
      "un_number": "1033",
      "gefahrenzahl": "23",
      "klasse": "2.1",
      "bezeichnung": "Dimethylether"
    },
    {
      "un_number": "1035",
      "gefahrenzahl": "23",
      "klasse": "2.1",
      "bezeichnung": "Ethan"
    },
    {
      "un_number": "1036",
      "gefahrenzahl": "23",
      "klasse": "2",
      "bezeichnung": "Ethylamin, wasserfrei"
    },
    {
      "un_number": "1037",
      "gefahrenzahl": "23",
      "klasse": "2",
      "bezeichnung": "Ethylchlorid"
    },
    {
      "un_number": "1038",
      "gefahrenzahl": "223",
      "klasse": "2",
      "bezeichnung": "Ethen, tiefgekühlt, flüssig"
    },
    {
      "un_number": "1039",
      "gefahrenzahl": "23",
      "klasse": "2",
      "bezeichnung": "Ethylmethylether"
    },
    {
      "un_number": "1040",
      "gefahrenzahl": "263",
      "klasse": "2",
      "bezeichnung": "Ethylenoxid mit Stickstoff bis zu einem höchstzulässigen Gesamtdruck von 1 MPa (10 bar) bei 50 °C"
    },
    {
      "un_number": "1041",
      "gefahrenzahl": "239",
      "klasse": "2",
      "bezeichnung": "Ethylenoxid und Kohlendioxid, Gemisch mit mehr als 9 %, aber höchstens 87 % Ethylenoxid"
    },
    {
      "un_number": "1043",
      "gefahrenzahl": null,
      "klasse": "2",
      "bezeichnung": "Düngemittel, Lösung, mit freiem Ammoniak"
    },
    {
      "un_number": "1044",
      "gefahrenzahl": "20",
      "klasse": "2",
      "bezeichnung": "Feuerlöscher mit verdichtetem oder verflüssigtem Gas"
    },
    {
      "un_number": "1045",
      "gefahrenzahl": "265",
      "klasse": "2",
      "bezeichnung": "Fluor, verdichtet"
    },
    {
      "un_number": "1046",
      "gefahrenzahl": "20",
      "klasse": "2",
      "bezeichnung": "Helium, verdichtet"
    },
    {
      "un_number": "1048",
      "gefahrenzahl": "268",
      "klasse": "2",
      "bezeichnung": "Bromwasserstoff, wasserfrei"
    },
    {
      "un_number": "1049",
      "gefahrenzahl": "23",
      "klasse": "2",
      "bezeichnung": "Wasserstoff, verdichtet"
    },
    {
      "un_number": "1050",
      "gefahrenzahl": "268",
      "klasse": "2",
      "bezeichnung": "Chlorwasserstoff, wasserfrei"
    },
    {
      "un_number": "1051",
      "gefahrenzahl": "663",
      "klasse": "6.1",
      "bezeichnung": "Cyanwasserstoff, stabilisiert, mit weniger als 3 % Wasser"
    },
    {
      "un_number": "1052",
      "gefahrenzahl": "886",
      "klasse": "8",
      "bezeichnung": "Fluorwasserstoff, wasserfrei"
    },
    {
      "un_number": "1053",
      "gefahrenzahl": "263",
      "klasse": "2",
      "bezeichnung": "Schwefelwasserstoff"
    },
    {
      "un_number": "1055",
      "gefahrenzahl": "23",
      "klasse": "2",
      "bezeichnung": "Isobuten"
    },
    {
      "un_number": "1056",
      "gefahrenzahl": "20",
      "klasse": "2",
      "bezeichnung": "Krypton, verdichtet"
    },
    {
      "un_number": "1057",
      "gefahrenzahl": "23",
      "klasse": "2",
      "bezeichnung": "Feuerzeuge mit entzündbarem Gas oder Nachfüllpatronen für Feuerzeuge mit entzündbarem Gas"
    },
    {
      "un_number": "1058",
      "gefahrenzahl": "20",
      "klasse": "2",
      "bezeichnung": "Verflüssigte Gase, nicht entzündbar, überlagert mit Stickstoff, Kohlenstoffdioxid oder Luft"
    },
    {
      "un_number": "1060",
      "gefahrenzahl": "239",
      "klasse": "2",
      "bezeichnung": "Methylacetylen und Propadien, Gemisch, stabilisiert (Gemisch P 1) (Gemisch P 2)"
    },
    {
      "un_number": "1061",
      "gefahrenzahl": "23",
      "klasse": "2",
      "bezeichnung": "Methylamin, wasserfrei"
    },
    {
      "un_number": "1062",
      "gefahrenzahl": "26",
      "klasse": "2.3",
      "bezeichnung": "Methylbromid, mit höchstens 2 % Chlorpikrin"
    },
    {
      "un_number": "1063",
      "gefahrenzahl": "23",
      "klasse": "2",
      "bezeichnung": "Methylchlorid (Gas als Kältemittel R 40)"
    },
    {
      "un_number": "1064",
      "gefahrenzahl": "263",
      "klasse": "2",
      "bezeichnung": "Methylmercaptan"
    },
    {
      "un_number": "1065",
      "gefahrenzahl": "20",
      "klasse": "2",
      "bezeichnung": "Neon, verdichtet"
    },
    {
      "un_number": "1066",
      "gefahrenzahl": "20",
      "klasse": "2",
      "bezeichnung": "Stickstoff, verdichtet"
    },
    {
      "un_number": "1067",
      "gefahrenzahl": "265",
      "klasse": "2",
      "bezeichnung": "Distickstofftetroxid (Stickstoffdioxid)"
    },
    {
      "un_number": "1069",
      "gefahrenzahl": "268",
      "klasse": "2",
      "bezeichnung": "Nitrosylchlorid"
    },
    {
      "un_number": "1070",
      "gefahrenzahl": "25",
      "klasse": "2",
      "bezeichnung": "Distickstoffmonoxid"
    },
    {
      "un_number": "1071",
      "gefahrenzahl": "263",
      "klasse": "2",
      "bezeichnung": "Ölgas, verdichtet"
    },
    {
      "un_number": "1072",
      "gefahrenzahl": "25",
      "klasse": "2",
      "bezeichnung": "Sauerstoff, verdichtet"
    },
    {
      "un_number": "1073",
      "gefahrenzahl": "225",
      "klasse": "2",
      "bezeichnung": "Sauerstoff, tiefgekühlt, flüssig"
    },
    {
      "un_number": "1075",
      "gefahrenzahl": "23",
      "klasse": "2",
      "bezeichnung": "Petroleumgase, verflüssigt"
    },
    {
      "un_number": "1076",
      "gefahrenzahl": "268",
      "klasse": "2",
      "bezeichnung": "Phosgen"
    },
    {
      "un_number": "1077",
      "gefahrenzahl": "23",
      "klasse": "2",
      "bezeichnung": "Propen"
    },
    {
      "un_number": "1078",
      "gefahrenzahl": "20",
      "klasse": "2",
      "bezeichnung": "Gas als Kältemittel, N.A.G. (Gemisch F 1) (Gemisch F 2) (Gemisch F 3)"
    },
    {
      "un_number": "1079",
      "gefahrenzahl": "268",
      "klasse": "2",
      "bezeichnung": "Schwefeldioxid"
    },
    {
      "un_number": "1080",
      "gefahrenzahl": "20",
      "klasse": "2",
      "bezeichnung": "Schwefelhexafluorid"
    },
    {
      "un_number": "1081",
      "gefahrenzahl": "239",
      "klasse": "2",
      "bezeichnung": "Tetrafluorethylen, stabilisiert"
    },
    {
      "un_number": "1082",
      "gefahrenzahl": "263",
      "klasse": "2",
      "bezeichnung": "Chlortrifluorethylen, stabilisiert (Gas als Kältemittel R 1113)"
    },
    {
      "un_number": "1083",
      "gefahrenzahl": "23",
      "klasse": "2",
      "bezeichnung": "Trimethylamin, wasserfrei"
    },
    {
      "un_number": "1085",
      "gefahrenzahl": "239",
      "klasse": "2",
      "bezeichnung": "Vinylbromid, stabilisiert"
    },
    {
      "un_number": "1086",
      "gefahrenzahl": "239",
      "klasse": "2",
      "bezeichnung": "Vinylchlorid, stabilisiert"
    },
    {
      "un_number": "1087",
      "gefahrenzahl": "239",
      "klasse": "2",
      "bezeichnung": "Vinylmethylether, stabilisiert"
    },
    {
      "un_number": "1088",
      "gefahrenzahl": "33",
      "klasse": "3",
      "bezeichnung": "Acetal"
    },
    {
      "un_number": "1089",
      "gefahrenzahl": "33",
      "klasse": "3",
      "bezeichnung": "Ethanal (Acetaldehyd)"
    },
    {
      "un_number": "1090",
      "gefahrenzahl": "33",
      "klasse": "3",
      "bezeichnung": "Aceton"
    },
    {
      "un_number": "1091",
      "gefahrenzahl": "33",
      "klasse": "3",
      "bezeichnung": "Acetonöle"
    },
    {
      "un_number": "1092",
      "gefahrenzahl": "663",
      "klasse": "6.1",
      "bezeichnung": "Propenal (Acrolein), stabilisiert"
    },
    {
      "un_number": "1093",
      "gefahrenzahl": "336",
      "klasse": "3",
      "bezeichnung": "Acrylnitril, stabilisiert"
    },
    {
      "un_number": "1098",
      "gefahrenzahl": "663",
      "klasse": "6.1",
      "bezeichnung": "Allylalkohol"
    },
    {
      "un_number": "1099",
      "gefahrenzahl": "336",
      "klasse": "3",
      "bezeichnung": "Allylbromid"
    }
  ]
}