{
  "title": "UN-Nummern 1100–1199",
  "generated": "2025-09-16",
  "count": 78,
  "columns": [
    "un_number",
    "gefahrenzahl",
    "klasse",
    "bezeichnung"
  ],
  "rows": [
    {
      "un_number": "1100",
      "gefahrenzahl": "336",
      "klasse": "3",
      "bezeichnung": "Allylchlorid"
    },
    {
      "un_number": "1104",
      "gefahrenzahl": "30",
      "klasse": "3",
      "bezeichnung": "Amylacetate"
    },
    {
      "un_number": "1105",
      "gefahrenzahl": "30 + 33",
      "klasse": "3",
      "bezeichnung": "Pentanole"
    },
    {
      "un_number": "1106",
      "gefahrenzahl": "38 + 338",
      "klasse": "3",
      "bezeichnung": "Amylamine"
    },
    {
      "un_number": "1107",
      "gefahrenzahl": "33",
      "klasse": "3",
      "bezeichnung": "Amylchloride"
    },
    {
      "un_number": "1108",
      "gefahrenzahl": "33",
      "klasse": "3",
      "bezeichnung": "Penten (n-Amylen)"
    },
    {
      "un_number": "1109",
      "gefahrenzahl": "30",
      "klasse": "3",
      "bezeichnung": "Amylformiate"
    },
    {
      "un_number": "1110",
      "gefahrenzahl": "33",
      "klasse": "3",
      "bezeichnung": "n-Amylmethylketon"
    },
    {
      "un_number": "1111",
      "gefahrenzahl": "33",
      "klasse": "3",
      "bezeichnung": "Amylmercaptane"
    },
    {
      "un_number": "1112",
      "gefahrenzahl": "30",
      "klasse": "3",
      "bezeichnung": "Amylnitrate"
    },
    {
      "un_number": "1113",
      "gefahrenzahl": "33",
      "klasse": "3",
      "bezeichnung": "Amylnitrite"
    },
    {
      "un_number": "1114",
      "gefahrenzahl": "33",
      "klasse": "3",
      "bezeichnung": "Benzol"
    },
    {
      "un_number": "1120",
      "gefahrenzahl": "30 + 33",
      "klasse": "3",
      "bezeichnung": "Butanole"
    },
    {
      "un_number": "1123",
      "gefahrenzahl": "30 + 33",
      "klasse": "3",
      "bezeichnung": "Butylacetate"
    },
    {
      "un_number": "1125",
      "gefahrenzahl": "338",
      "klasse": "3",
      "bezeichnung": "n-Butylamin"
    },
    {
      "un_number": "1126",
      "gefahrenzahl": "33",
      "klasse": "3",
      "bezeichnung": "1-Brombutan"
    },
    {
      "un_number": "1127",
      "gefahrenzahl": "33",
      "klasse": "3",
      "bezeichnung": "Chlorbutane"
    },
    {
      "un_number": "1128",
      "gefahrenzahl": "33",
      "klasse": "3",
      "bezeichnung": "''n''-Butylformiat"
    },
    {
      "un_number": "1129",
      "gefahrenzahl": "33",
      "klasse": "3",
      "bezeichnung": "Butyraldehyd"
    },
    {
      "un_number": "1130",
      "gefahrenzahl": "30",
      "klasse": "3",
      "bezeichnung": "Campheröl (Kampferöl)"
    },
    {
      "un_number": "1131",
      "gefahrenzahl": "336",
      "klasse": "3",
      "bezeichnung": "Kohlenstoffdisulfid"
    },
    {
      "un_number": "1133",
      "gefahrenzahl": "30 + 33",
      "klasse": "3",
      "bezeichnung": "Klebstoffe, die eine entzündbare Flüssigkeit enthalten"
    },
    {
      "un_number": "1134",
      "gefahrenzahl": "30",
      "klasse": "3",
      "bezeichnung": "Chlorbenzol"
    },
    {
      "un_number": "1135",
      "gefahrenzahl": "663",
      "klasse": "6.1",
      "bezeichnung": "Chlorethanol (Ethylenchlorhydrin)"
    },
    {
      "un_number": "1136",
      "gefahrenzahl": "30 + 33",
      "klasse": "3",
      "bezeichnung": "Steinkohlenteerdestillate, entzündbar"
    },
    {
      "un_number": "1139",
      "gefahrenzahl": "30 + 33",
      "klasse": "3",
      "bezeichnung": "Schutzanstrichlösung (einschließlich zu Industrie- oder anderen Zwecken verwendete Oberflächenbehandlungen oder Beschichtungen, wie Zwischenbeschichtung für Fahrzeugkarosserien, Auskleidung für Fässer)"
    },
    {
      "un_number": "1143",
      "gefahrenzahl": "663",
      "klasse": "6.1",
      "bezeichnung": "Crotonaldehyd oder Crotonaldehyd, stabilisiert"
    },
    {
      "un_number": "1144",
      "gefahrenzahl": "339",
      "klasse": "3",
      "bezeichnung": "Crotonylen"
    },
    {
      "un_number": "1145",
      "gefahrenzahl": "33",
      "klasse": "3",
      "bezeichnung": "Cyclohexan"
    },
    {
      "un_number": "1146",
      "gefahrenzahl": "33",
      "klasse": "3",
      "bezeichnung": "Cyclopentan"
    },
    {
      "un_number": "1147",
      "gefahrenzahl": "30",
      "klasse": "3",
      "bezeichnung": "Decalin (Decahydronaphthalen)"
    },
    {
      "un_number": "1148",
      "gefahrenzahl": "30 + 33",
      "klasse": "3",
      "bezeichnung": "Diacetonalkohol, technisch"
    },
    {
      "un_number": "1149",
      "gefahrenzahl": "30",
      "klasse": "3",
      "bezeichnung": "Dibutylether"
    },
    {
      "un_number": "1150",
      "gefahrenzahl": "33",
      "klasse": "3",
      "bezeichnung": "1,2-Dichlorethylen"
    },
    {
      "un_number": "1152",
      "gefahrenzahl": "30",
      "klasse": "3",
      "bezeichnung": "Dichlorpentane"
    },
    {
      "un_number": "1153",
      "gefahrenzahl": "30",
      "klasse": "3",
      "bezeichnung": "Ethylenglycoldiethylether"
    },
    {
      "un_number": "1154",
      "gefahrenzahl": "338",
      "klasse": "3",
      "bezeichnung": "Diethylamin"
    },
    {
      "un_number": "1155",
      "gefahrenzahl": "33",
      "klasse": "3",
      "bezeichnung": "Diethylether (Ethylether)"
    },
    {
      "un_number": "1156",
      "gefahrenzahl": "33",
      "klasse": "3",
      "bezeichnung": "Diethylketon"
    },
    {
      "un_number": "1157",
      "gefahrenzahl": "30",
      "klasse": "3",
      "bezeichnung": "Diisobutylketon"
    },
    {
      "un_number": "1158",
      "gefahrenzahl": "338",
      "klasse": "3",
      "bezeichnung": "Diisopropylamin"
    },
    {
      "un_number": "1159",
      "gefahrenzahl": "33",
      "klasse": "3",
      "bezeichnung": "Diisopropylether"
    },
    {
      "un_number": "1160",
      "gefahrenzahl": "338",
      "klasse": "3",
      "bezeichnung": "Dimethylamin, wässrige Lösung"
    },
    {
      "un_number": "1161",
      "gefahrenzahl": "33",
      "klasse": "3",
      "bezeichnung": "Dimethylcarbonat"
    },
    {
      "un_number": "1162",
      "gefahrenzahl": "X338",
      "klasse": "3",
      "bezeichnung": "Dimethyldichlorsilan"
    },
    {
      "un_number": "1163",
      "gefahrenzahl": "663",
      "klasse": "6.1",
      "bezeichnung": "Dimethylhydrazin, asymmetrisch"
    },
    {
      "un_number": "1164",
      "gefahrenzahl": "33",
      "klasse": "3",
      "bezeichnung": "Dimethylsulfid"
    },
    {
      "un_number": "1165",
      "gefahrenzahl": "33",
      "klasse": "3",
      "bezeichnung": "Dioxan"
    },
    {
      "un_number": "1166",
      "gefahrenzahl": "33",
      "klasse": "3",
      "bezeichnung": "Dioxolan"
    },
    {
      "un_number": "1167",
      "gefahrenzahl": "339",
      "klasse": "3",
      "bezeichnung": "Divinylether, stabilisiert"
    },
    {
      "un_number": "1169",
      "gefahrenzahl": "30 + 33",
      "klasse": "3",
      "bezeichnung": "Extrakte, aromatisch, flüssig"
    },
    {
      "un_number": "1170",
      "gefahrenzahl": "30 + 33",
      "klasse": "3",
      "bezeichnung": "Ethanol (Ethylalkohol) oder Ethanol-Lösung"
    },
    {
      "un_number": "1171",
      "gefahrenzahl": "30",
      "klasse": "3",
      "bezeichnung": "Ethylenglycolmonoethylether"
    },
    {
      "un_number": "1172",
      "gefahrenzahl": "30",
      "klasse": "3",
      "bezeichnung": "Ethylenglycolmonoethyletheracetat"
    },
    {
      "un_number": "1173",
      "gefahrenzahl": "33",
      "klasse": "3",
      "bezeichnung": "Ethylacetat"
    },
    {
      "un_number": "1175",
      "gefahrenzahl": "33",
      "klasse": "3",
      "bezeichnung": "Ethylbenzol (Ethylbenzen)"
    },
    {
      "un_number": "1176",
      "gefahrenzahl": "33",
      "klasse": "3",
      "bezeichnung": "Ethylborat (Triethylborat)"
    },
    {
      "un_number": "1177",
      "gefahrenzahl": "30",
      "klasse": "3",
      "bezeichnung": "2-Ethylbutylacetat"
    },
    {
      "un_number": "1178",
      "gefahrenzahl": "33",
      "klasse": "3",
      "bezeichnung": "2-Ethylbutyraldehyd"
    },
    {
      "un_number": "1179",
      "gefahrenzahl": "33",
      "klasse": "3",
      "bezeichnung": "Ethylbutylether"
    },
    {
      "un_number": "1180",
      "gefahrenzahl": "30",
      "klasse": "3",
      "bezeichnung": "Ethylbutyrat"
    },
    {
      "un_number": "1181",
      "gefahrenzahl": "63",
      "klasse": "6.1",
      "bezeichnung": "Ethylchloracetat"
    },
    {
      "un_number": "1182",
      "gefahrenzahl": "663",
      "klasse": "6.1",
      "bezeichnung": "Ethylchlorformiat"
    },
    {
      "un_number": "1183",
      "gefahrenzahl": "X338",
      "klasse": "4.3",
      "bezeichnung": "Dimethyldichlorsilan"
    },
    {
      "un_number": "1184",
      "gefahrenzahl": "336",
      "klasse": "3",
      "bezeichnung": "Ethylendichlorid"
    },
    {
      "un_number": "1185",
      "gefahrenzahl": "663",
      "klasse": "6.1",
      "bezeichnung": "Ethylenimin, stabilisiert"
    },
    {
      "un_number": "1188",
      "gefahrenzahl": "30",
      "klasse": "3",
      "bezeichnung": "Ethylenglycolmonomethylether"
    },
    {
      "un_number": "1189",
      "gefahrenzahl": "30",
      "klasse": "3",
      "bezeichnung": "Ethylenglycolmonomethyletheracetat"
    },
    {
      "un_number": "1190",
      "gefahrenzahl": "33",
      "klasse": "3",
      "bezeichnung": "Ethylformiat"
    },
    {
      "un_number": "1191",
      "gefahrenzahl": "30",
      "klasse": "3",
      "bezeichnung": "Octylaldehyde"
    },
    {
      "un_number": "1192",
      "gefahrenzahl": "30",
      "klasse": "3",
      "bezeichnung": "Ethyllactat"
    },
    {
      "un_number": "1193",
      "gefahrenzahl": "33",
      "klasse": "3",
      "bezeichnung": "Methylethylketon (Ethylmethylketon)"
    },
    {
      "un_number": "1194",
      "gefahrenzahl": "336",
      "klasse": "3",
      "bezeichnung": "Ethylnitril, Lösung"
    },
    {
      "un_number": "1195",
      "gefahrenzahl": "33",
      "klasse": "3",
      "bezeichnung": "Ethylpropionat"
    },
    {
      "un_number": "1196",
      "gefahrenzahl": "X338",
      "klasse": "3",
      "bezeichnung": "Ethyltrichlorsilan"
    },
    {
      "un_number": "1197",
      "gefahrenzahl": "30 + 33",
      "klasse": "3",
      "bezeichnung": "Extrakte, Geschmackstoffe, flüssig"
    },
    {
      "un_number": "1198",
      "gefahrenzahl": "38",
      "klasse": "3",
      "bezeichnung": "Formaldehyd, Lösung, entzündbar"
    },
    {
      "un_number": "1199",
      "gefahrenzahl": "63",
      "klasse": "6.1",
      "bezeichnung": "Furfurale (Furaldehyde)"
    }
  ]
}