{
  "title": "UN-Nummern 1200–1299",
  "generated": "2025-09-16",
  "count": 70,
  "columns": [
    "un_number",
    "gefahrenzahl",
    "klasse",
    "bezeichnung"
  ],
  "rows": [
    {
      "un_number": "1201",
      "gefahrenzahl": "30 + 33",
      "klasse": "3",
      "bezeichnung": "Fuselöl"
    },
    {
      "un_number": "1202",
      "gefahrenzahl": "30",
      "klasse": "3",
      "bezeichnung": "Dieselkraftstoff oder Gasöl oder Heizöl (leicht)"
    },
    {
      "un_number": "1203",
      "gefahrenzahl": "33",
      "klasse": "3",
      "bezeichnung": "Benzin oder Ottokraftstoffe"
    },
    {
      "un_number": "1204",
      "gefahrenzahl": null,
      "klasse": "3",
      "bezeichnung": "Nitroglycerol (Nitroglycerin), Lösung in Alkohol mit höchstens 1 % Nitroglycerol"
    },
    {
      "un_number": "1206",
      "gefahrenzahl": "33",
      "klasse": "3",
      "bezeichnung": "Heptane"
    },
    {
      "un_number": "1207",
      "gefahrenzahl": "30",
      "klasse": "3",
      "bezeichnung": "Hexaldehyd"
    },
    {
      "un_number": "1208",
      "gefahrenzahl": "33",
      "klasse": "3",
      "bezeichnung": "Hexane"
    },
    {
      "un_number": "1210",
      "gefahrenzahl": "30 + 33",
      "klasse": "3",
      "bezeichnung": "Druckfarbe, entzündbar oder Druckfarbzubehörstoffe (einschließlich Druckfarbverdünnung und -lösemittel), entzündbar"
    },
    {
      "un_number": "1212",
      "gefahrenzahl": "30",
      "klasse": "3",
      "bezeichnung": "Isobutanol (Isobutylalkohol)"
    },
    {
      "un_number": "1213",
      "gefahrenzahl": "33",
      "klasse": "3",
      "bezeichnung": "Isobutylacetat"
    },
    {
      "un_number": "1214",
      "gefahrenzahl": "338",
      "klasse": "3",
      "bezeichnung": "Isobutylamin"
    },
    {
      "un_number": "1216",
      "gefahrenzahl": "33",
      "klasse": "3",
      "bezeichnung": "Isooctene"
    },
    {
      "un_number": "1218",
      "gefahrenzahl": "339",
      "klasse": "3",
      "bezeichnung": "Isopren, stabilisiert"
    },
    {
      "un_number": "1219",
      "gefahrenzahl": "33",
      "klasse": "3",
      "bezeichnung": "2-Propanol (Isopropylalkohol)"
    },
    {
      "un_number": "1220",
      "gefahrenzahl": "33",
      "klasse": "3",
      "bezeichnung": "Isopropylacetat"
    },
    {
      "un_number": "1221",
      "gefahrenzahl": "338",
      "klasse": "3",
      "bezeichnung": "Isopropylamin"
    },
    {
      "un_number": "1222",
      "gefahrenzahl": null,
      "klasse": "3",
      "bezeichnung": "Isopropylnitrat"
    },
    {
      "un_number": "1223",
      "gefahrenzahl": "30",
      "klasse": "3",
      "bezeichnung": "Kerosin"
    },
    {
      "un_number": "1224",
      "gefahrenzahl": "30 + 33",
      "klasse": "3",
      "bezeichnung": "Ketone, flüssig, N.A.G."
    },
    {
      "un_number": "1228",
      "gefahrenzahl": "36 + 336",
      "klasse": "3",
      "bezeichnung": "Alkanthiole (Mercaptane), flüssig, entzündbar, giftig oder Alkanthiole (Mercaptane), Mischung, flüssig, entzündbar, giftig"
    },
    {
      "un_number": "1229",
      "gefahrenzahl": "30",
      "klasse": "3",
      "bezeichnung": "Mesityloxid"
    },
    {
      "un_number": "1230",
      "gefahrenzahl": "336",
      "klasse": "3",
      "bezeichnung": "Methanol"
    },
    {
      "un_number": "1231",
      "gefahrenzahl": "33",
      "klasse": "3",
      "bezeichnung": "Methylacetat"
    },
    {
      "un_number": "1233",
      "gefahrenzahl": "30",
      "klasse": "3",
      "bezeichnung": "Methylamylacetat"
    },
    {
      "un_number": "1234",
      "gefahrenzahl": "33",
      "klasse": "3",
      "bezeichnung": "Methylal"
    },
    {
      "un_number": "1235",
      "gefahrenzahl": "338",
      "klasse": "3",
      "bezeichnung": "Dimethylamin, wässrige Lösung"
    },
    {
      "un_number": "1237",
      "gefahrenzahl": "33",
      "klasse": "3",
      "bezeichnung": "Methylbutyrat"
    },
    {
      "un_number": "1238",
      "gefahrenzahl": "663",
      "klasse": "6.1",
      "bezeichnung": "Methylchlorformiat"
    },
    {
      "un_number": "1239",
      "gefahrenzahl": "663",
      "klasse": "6.1",
      "bezeichnung": "Methylchlormethylether"
    },
    {
      "un_number": "1242",
      "gefahrenzahl": "X338",
      "klasse": "4.3",
      "bezeichnung": "Methyldichlorsilan"
    },
    {
      "un_number": "1243",
      "gefahrenzahl": "33",
      "klasse": "3",
      "bezeichnung": "Ameisensäuremethylester (Methylformiat)"
    },
    {
      "un_number": "1244",
      "gefahrenzahl": "663",
      "klasse": "6.1",
      "bezeichnung": "Methylhydrazin"
    },
    {
      "un_number": "1245",
      "gefahrenzahl": "33",
      "klasse": "3",
      "bezeichnung": "Methylisobutylketon"
    },
    {
      "un_number": "1246",
      "gefahrenzahl": "339",
      "klasse": "3",
      "bezeichnung": "Methylisopropenylketon, stabilisiert"
    },
    {
      "un_number": "1247",
      "gefahrenzahl": "339",
      "klasse": "3",
      "bezeichnung": "Methylmethacrylat, Monomer, stabilisiert"
    },
    {
      "un_number": "1248",
      "gefahrenzahl": "33",
      "klasse": "3",
      "bezeichnung": "Methylpropionat"
    },
    {
      "un_number": "1249",
      "gefahrenzahl": "33",
      "klasse": "3",
      "bezeichnung": "Methylpropylketon"
    },
    {
      "un_number": "1250",
      "gefahrenzahl": "X338",
      "klasse": "3",
      "bezeichnung": "Methyltrichlorsilan"
    },
    {
      "un_number": "1251",
      "gefahrenzahl": "639",
      "klasse": "6.1",
      "bezeichnung": "Methylvinylketon, stabilisiert"
    },
    {
      "un_number": "1259",
      "gefahrenzahl": "663",
      "klasse": "6.1",
      "bezeichnung": "Nickeltetracarbonyl"
    },
    {
      "un_number": "1261",
      "gefahrenzahl": null,
      "klasse": "3",
      "bezeichnung": "Nitromethan"
    },
    {
      "un_number": "1262",
      "gefahrenzahl": "33",
      "klasse": "3",
      "bezeichnung": "Octane"
    },
    {
      "un_number": "1263",
      "gefahrenzahl": "30 + 33",
      "klasse": "3",
      "bezeichnung": "Farbe (einschließlich Farbe, Lack, Emaille, Beize, Schellack, Firnis, Politur, flüssiger Füllstoff und flüssige Lackgrundlage) oder Farbzubehörstoffe (inklusive Farbverdünnung und -lösemittel)"
    },
    {
      "un_number": "1264",
      "gefahrenzahl": "30",
      "klasse": "3",
      "bezeichnung": "Paraldehyd"
    },
    {
      "un_number": "1265",
      "gefahrenzahl": "33",
      "klasse": "3",
      "bezeichnung": "Pentane, flüssig"
    },
    {
      "un_number": "1266",
      "gefahrenzahl": "30 + 33",
      "klasse": "3",
      "bezeichnung": "Parfümerzeugnisse mit entzündbaren Lösungsmitteln"
    },
    {
      "un_number": "1267",
      "gefahrenzahl": "30 + 33",
      "klasse": "3",
      "bezeichnung": "Roherdöl"
    },
    {
      "un_number": "1268",
      "gefahrenzahl": "30 + 33",
      "klasse": "3",
      "bezeichnung": "Erdöldestillate, N.A.G. oder Erdölprodukte, N.A.G."
    },
    {
      "un_number": "1272",
      "gefahrenzahl": "30",
      "klasse": "3",
      "bezeichnung": "Kiefernöl"
    },
    {
      "un_number": "1274",
      "gefahrenzahl": "30 + 33",
      "klasse": "3",
      "bezeichnung": "1-Propanol (n-Propylalkohol)"
    },
    {
      "un_number": "1275",
      "gefahrenzahl": "33",
      "klasse": "3",
      "bezeichnung": "Propionaldehyd"
    },
    {
      "un_number": "1276",
      "gefahrenzahl": "33",
      "klasse": "3",
      "bezeichnung": "n-Propylacetat"
    },
    {
      "un_number": "1277",
      "gefahrenzahl": "338",
      "klasse": "3",
      "bezeichnung": "Propylamin"
    },
    {
      "un_number": "1278",
      "gefahrenzahl": "33",
      "klasse": "3",
      "bezeichnung": "1-Chlorpropan"
    },
    {
      "un_number": "1279",
      "gefahrenzahl": "33",
      "klasse": "3",
      "bezeichnung": "1,2-Dichlorpropan"
    },
    {
      "un_number": "1280",
      "gefahrenzahl": "33",
      "klasse": "3",
      "bezeichnung": "Propylenoxid"
    },
    {
      "un_number": "1281",
      "gefahrenzahl": "33",
      "klasse": "3",
      "bezeichnung": "Propylformiate"
    },
    {
      "un_number": "1282",
      "gefahrenzahl": "33",
      "klasse": "3",
      "bezeichnung": "Pyridin"
    },
    {
      "un_number": "1286",
      "gefahrenzahl": "30 + 33",
      "klasse": "3",
      "bezeichnung": "Harzöl"
    },
    {
      "un_number": "1287",
      "gefahrenzahl": "30 + 33",
      "klasse": "3",
      "bezeichnung": "Gummilösung"
    },
    {
      "un_number": "1288",
      "gefahrenzahl": "30 + 33",
      "klasse": "3",
      "bezeichnung": "Schieferöl"
    },
    {
      "un_number": "1289",
      "gefahrenzahl": "38 + 338",
      "klasse": "3",
      "bezeichnung": "Natriummethylat, Lösung in Alkohol"
    },
    {
      "un_number": "1292",
      "gefahrenzahl": "30",
      "klasse": "3",
      "bezeichnung": "Tetraethylsilicat (Tetraethylorthosilikat)"
    },
    {
      "un_number": "1293",
      "gefahrenzahl": "30 + 33",
      "klasse": "3",
      "bezeichnung": "Tinkturen, medizinische"
    },
    {
      "un_number": "1294",
      "gefahrenzahl": "33",
      "klasse": "3",
      "bezeichnung": "Toluol"
    },
    {
      "un_number": "1295",
      "gefahrenzahl": "X338",
      "klasse": "4.3",
      "bezeichnung": "Trichlorsilan"
    },
    {
      "un_number": "1296",
      "gefahrenzahl": "338",
      "klasse": "3",
      "bezeichnung": "Triethylamin"
    },
    {
      "un_number": "1297",
      "gefahrenzahl": "38 + 338",
      "klasse": "3",
      "bezeichnung": "Trimethylamin, wässrige Lösung mit mindestens 50 Masse-% Trimethylamin"
    },
    {
      "un_number": "1298",
      "gefahrenzahl": "X338",
      "klasse": "3",
      "bezeichnung": "Trimethylchlorsilan"
    },
    {
      "un_number": "1299",
      "gefahrenzahl": "30",
      "klasse": "3",
      "bezeichnung": "Terpentin"
    }
  ]
}