{
  "title": "UN-Nummern 1300–1399",
  "generated": "2025-09-16",
  "count": 83,
  "columns": [
    "un_number",
    "gefahrenzahl",
    "klasse",
    "bezeichnung"
  ],
  "rows": [
    {
      "un_number": "1300",
      "gefahrenzahl": "30 + 33",
      "klasse": "3",
      "bezeichnung": "Terpentinölersatz"
    },
    {
      "un_number": "1301",
      "gefahrenzahl": "339",
      "klasse": "3",
      "bezeichnung": "Vinylacetat, stabilisiert"
    },
    {
      "un_number": "1302",
      "gefahrenzahl": "339",
      "klasse": "3",
      "bezeichnung": "Vinylethylether, stabilisiert"
    },
    {
      "un_number": "1303",
      "gefahrenzahl": "339",
      "klasse": "3",
      "bezeichnung": "Vinylidenchlorid, stabilisiert"
    },
    {
      "un_number": "1304",
      "gefahrenzahl": "339",
      "klasse": "3",
      "bezeichnung": "Vinylisobutylether, stabilisiert"
    },
    {
      "un_number": "1305",
      "gefahrenzahl": "X339",
      "klasse": "3",
      "bezeichnung": "Vinyltrichlorsilan, stabilisiert"
    },
    {
      "un_number": "1306",
      "gefahrenzahl": "30 + 33",
      "klasse": "3",
      "bezeichnung": "Holzschutzmittel, flüssig"
    },
    {
      "un_number": "1307",
      "gefahrenzahl": "30 + 33",
      "klasse": "3",
      "bezeichnung": "Xylene"
    },
    {
      "un_number": "1308",
      "gefahrenzahl": "30 + 33",
      "klasse": "3",
      "bezeichnung": "Zirconium, suspendiert in einem entzündbaren flüssigen Stoff"
    },
    {
      "un_number": "1309",
      "gefahrenzahl": "40",
      "klasse": "4.1",
      "bezeichnung": "Aluminiumpulver, überzogen"
    },
    {
      "un_number": "1310",
      "gefahrenzahl": "40",
      "klasse": "4.1",
      "bezeichnung": "Ammoniumpikrat, angefeuchtet mit mindestens 10 Masse-% Wasser"
    },
    {
      "un_number": "1312",
      "gefahrenzahl": "40",
      "klasse": "4.1",
      "bezeichnung": "Borneol"
    },
    {
      "un_number": "1313",
      "gefahrenzahl": "40",
      "klasse": "4.1",
      "bezeichnung": "Calciumresinat"
    },
    {
      "un_number": "1314",
      "gefahrenzahl": "40",
      "klasse": "4.1",
      "bezeichnung": "Calciumresinat, geschmolzen und erstarrt"
    },
    {
      "un_number": "1318",
      "gefahrenzahl": "40",
      "klasse": "4.1",
      "bezeichnung": "Cobaltresinat, gefällt"
    },
    {
      "un_number": "1320",
      "gefahrenzahl": "46",
      "klasse": "4.1",
      "bezeichnung": "Dinitrophenol, angefeuchtet mit mindestens 15 Masse-% Wasser"
    },
    {
      "un_number": "1321",
      "gefahrenzahl": "46",
      "klasse": "4.1",
      "bezeichnung": "Dinitrophenolate, angefeuchtet mit mindestens 15 Masse-% Wasser"
    },
    {
      "un_number": "1322",
      "gefahrenzahl": "40",
      "klasse": "4.1",
      "bezeichnung": "Dinitroresorcinol, angefeuchtet mit mindestens 15 Masse-% Wasser"
    },
    {
      "un_number": "1323",
      "gefahrenzahl": "40",
      "klasse": "4.1",
      "bezeichnung": "Cereisen"
    },
    {
      "un_number": "1324",
      "gefahrenzahl": "40",
      "klasse": "4.1",
      "bezeichnung": "Filme auf Nitrocellulosebasis, gelatiniert, ausgenommen Abfälle"
    },
    {
      "un_number": "1325",
      "gefahrenzahl": "40",
      "klasse": "4.1",
      "bezeichnung": "Entzündbarer organischer fester Stoff"
    },
    {
      "un_number": "1326",
      "gefahrenzahl": "40",
      "klasse": "4.1",
      "bezeichnung": "Hafniumpulver, angefeuchtet mit mindestens 25 % Wasser"
    },
    {
      "un_number": "1327",
      "gefahrenzahl": "?",
      "klasse": "4.1",
      "bezeichnung": "Heu oder Stroh oder Bhusa [unterliegt nicht den Vorschriften des ADR]"
    },
    {
      "un_number": "1328",
      "gefahrenzahl": "40",
      "klasse": "4.1",
      "bezeichnung": "Hexamethylentetramin"
    },
    {
      "un_number": "1330",
      "gefahrenzahl": "40",
      "klasse": "4.1",
      "bezeichnung": "Manganresinat"
    },
    {
      "un_number": "1331",
      "gefahrenzahl": "40",
      "klasse": "4.1",
      "bezeichnung": "Zündhölzer, überall zündbar"
    },
    {
      "un_number": "1332",
      "gefahrenzahl": "40",
      "klasse": "4.1",
      "bezeichnung": "Metaldehyd"
    },
    {
      "un_number": "1333",
      "gefahrenzahl": "40",
      "klasse": "4.1",
      "bezeichnung": "Cer, Platten, Barren, Stangen"
    },
    {
      "un_number": "1334",
      "gefahrenzahl": "40",
      "klasse": "4.1",
      "bezeichnung": "Naphthalin, roh oder raffiniert"
    },
    {
      "un_number": "1336",
      "gefahrenzahl": "40",
      "klasse": "4.1",
      "bezeichnung": "Nitroguanidin (Picrit), angefeuchtet mit mindestens 20 Masse-% Wasser"
    },
    {
      "un_number": "1337",
      "gefahrenzahl": "40",
      "klasse": "4.1",
      "bezeichnung": "Nitrostärke, angefeuchtet mit mindestens 20 Masse-% Wasser"
    },
    {
      "un_number": "1338",
      "gefahrenzahl": "40",
      "klasse": "4.1",
      "bezeichnung": "Phosphor, amorph"
    },
    {
      "un_number": "1339",
      "gefahrenzahl": "40",
      "klasse": "4.1",
      "bezeichnung": "Phosphorheptasulfid (P<sub>4</sub>S<sub>7</sub>), ohne gelben oder weißen Phosphor"
    },
    {
      "un_number": "1340",
      "gefahrenzahl": "423",
      "klasse": "4.3",
      "bezeichnung": "Phosphorpentasulfid (P<sub>2</sub>S<sub>5</sub>), ohne gelben oder weißen Phosphor"
    },
    {
      "un_number": "1341",
      "gefahrenzahl": "40",
      "klasse": "4.1",
      "bezeichnung": "Phosphorsesquisulfid (P<sub>4</sub>S<sub>3</sub>), ohne gelben oder weißen Phosphor"
    },
    {
      "un_number": "1343",
      "gefahrenzahl": "40",
      "klasse": "4.1",
      "bezeichnung": "Phosphortrisulfid (P<sub>4</sub>S<sub>6</sub>), ohne gelben oder weißen Phosphor"
    },
    {
      "un_number": "1344",
      "gefahrenzahl": "40",
      "klasse": "4.1",
      "bezeichnung": "Trinitrophenol (Pikrinsäure), angefeuchtet mit mindestens 30 Masse-% Wasser"
    },
    {
      "un_number": "1345",
      "gefahrenzahl": "40",
      "klasse": "4.1",
      "bezeichnung": "Kautschuk- (Gummi-) abfälle, gemahlen oder Kautschuk- (Gummi) reste, pulverförmig oder granuliert, höchstens 840 µm und mehr als 45 % Kautschuk-Gehalt"
    },
    {
      "un_number": "1346",
      "gefahrenzahl": "40",
      "klasse": "4.1",
      "bezeichnung": "Siliciumpulver, amorph"
    },
    {
      "un_number": "1347",
      "gefahrenzahl": "40",
      "klasse": "4.1",
      "bezeichnung": "Silberpikrat, angefeuchtet mit mindestens 30 Masse-% Wasser"
    },
    {
      "un_number": "1348",
      "gefahrenzahl": "46",
      "klasse": "4.1",
      "bezeichnung": "Natriumdinitroorthokresolat, angefeuchtet mit mindestens 15 Masse-% Wasser"
    },
    {
      "un_number": "1349",
      "gefahrenzahl": "40",
      "klasse": "4.1",
      "bezeichnung": "Natriumpikramat, angefeuchtet mit mindestens 20 Masse-% Wasser"
    },
    {
      "un_number": "1350",
      "gefahrenzahl": "40",
      "klasse": "4.1",
      "bezeichnung": "Schwefel"
    },
    {
      "un_number": "1352",
      "gefahrenzahl": "40",
      "klasse": "4.1",
      "bezeichnung": "Titanpulver, angefeuchtet mit mindestens 25 % Wasser"
    },
    {
      "un_number": "1353",
      "gefahrenzahl": "40",
      "klasse": "4.1",
      "bezeichnung": "Fasern, imprägniert mit schwach nitrierter Cellulose oder Gewebe imprägniert mit schwach nitrierter Cellulose"
    },
    {
      "un_number": "1354",
      "gefahrenzahl": "40",
      "klasse": "4.1",
      "bezeichnung": "Trinitrobenzen, angefeuchtet mit mindestens 30 Masse-% Wasser"
    },
    {
      "un_number": "1355",
      "gefahrenzahl": "40",
      "klasse": "4.1",
      "bezeichnung": "Trinitrobenzoesäure, angefeuchtet mit mindestens 30 Masse-% Wasser"
    },
    {
      "un_number": "1356",
      "gefahrenzahl": "40",
      "klasse": "4.1",
      "bezeichnung": "Trinitrotoluol (TNT), angefeuchtet mit mindestens 30 Masse-% Wasser"
    },
    {
      "un_number": "1357",
      "gefahrenzahl": "40",
      "klasse": "4.1",
      "bezeichnung": "Harnstoffnitrat, angefeuchtet mit mindestens 20 Masse-% Wasser"
    },
    {
      "un_number": "1358",
      "gefahrenzahl": "40",
      "klasse": "4.1",
      "bezeichnung": "Zirconiumpulver, angefeuchtet mit mindestens 25 % Wasser"
    },
    {
      "un_number": "1360",
      "gefahrenzahl": "X462",
      "klasse": "4.3",
      "bezeichnung": "Calciumphosphid"
    },
    {
      "un_number": "1361",
      "gefahrenzahl": "40",
      "klasse": "4.2",
      "bezeichnung": "Kohle oder Ruß, tierischen oder pflanzlichen Ursprungs"
    },
    {
      "un_number": "1362",
      "gefahrenzahl": "40",
      "klasse": "4.2",
      "bezeichnung": "Kohle, aktiviert"
    },
    {
      "un_number": "1363",
      "gefahrenzahl": "40",
      "klasse": "4.2",
      "bezeichnung": "Kopra"
    },
    {
      "un_number": "1364",
      "gefahrenzahl": "40",
      "klasse": "4.2",
      "bezeichnung": "Baumwollabfälle, ölhaltig"
    },
    {
      "un_number": "1365",
      "gefahrenzahl": "40",
      "klasse": "4.2",
      "bezeichnung": "Baumwolle, nass"
    },
    {
      "un_number": "1366",
      "gefahrenzahl": "X333",
      "klasse": "4.2",
      "bezeichnung": "Diethylzink"
    },
    {
      "un_number": "1369",
      "gefahrenzahl": "40",
      "klasse": "4.2",
      "bezeichnung": "p-Nitrosodimethylanilin"
    },
    {
      "un_number": "1370",
      "gefahrenzahl": "X333",
      "klasse": "4.2",
      "bezeichnung": "Dimethylzink"
    },
    {
      "un_number": "1372",
      "gefahrenzahl": null,
      "klasse": "4.2",
      "bezeichnung": "Fasern, tierischen Ursprungs oder Fasern, pflanzlichen Ursprungs, gebrannt, nass oder feucht (Unterliegt nicht den Vorschriften des ADR/RID)"
    },
    {
      "un_number": "1373",
      "gefahrenzahl": "40",
      "klasse": "4.2",
      "bezeichnung": "Fasern oder Gewebe, tierischen oder pflanzlichen oder synthetischen Ursprungs, N.A.G., imprägniert mit Öl"
    },
    {
      "un_number": "1374",
      "gefahrenzahl": "40",
      "klasse": "4.2",
      "bezeichnung": "Fischmehl (Fischabfall), nicht stabilisiert, sehr gefährlich, unbeschränkter Feuchtegehalt, unbeschränkter Fettgehalt über 12 Masse-%, unbeschränkter Fettgehalt über 15 Masse-% bei mit Antioxidantien behandeltem Fischmehl oder Fischabfall"
    },
    {
      "un_number": "1376",
      "gefahrenzahl": "40",
      "klasse": "4.2",
      "bezeichnung": "Eisenoxid, gebraucht oder Eisenschwamm, gebraucht, aus der Kokereigasreinigung"
    },
    {
      "un_number": "1378",
      "gefahrenzahl": "40",
      "klasse": "4.2",
      "bezeichnung": "Metallkatalysator, angefeuchtet mit einem sichtbaren Überschuss an Flüssigkeit"
    },
    {
      "un_number": "1379",
      "gefahrenzahl": "40",
      "klasse": "4.2",
      "bezeichnung": "Papier, mit ungesättigten Ölen behandelt, unvollständig getrocknet (auch Kohlepapier)"
    },
    {
      "un_number": "1380",
      "gefahrenzahl": "333",
      "klasse": "4.2",
      "bezeichnung": "Pentaboran"
    },
    {
      "un_number": "1381",
      "gefahrenzahl": "46",
      "klasse": "4.2",
      "bezeichnung": "Phosphor, weiß oder gelb, trocken, unter Wasser oder in Lösung"
    },
    {
      "un_number": "1382",
      "gefahrenzahl": "40",
      "klasse": "4.2",
      "bezeichnung": "Kaliumsulfid, wasserfrei oder Kaliumsulfid mit weniger als 30 % Kristallwasser"
    },
    {
      "un_number": "1383",
      "gefahrenzahl": "43",
      "klasse": "4.2",
      "bezeichnung": "Pyrophores Metall oder Legierung"
    },
    {
      "un_number": "1384",
      "gefahrenzahl": "40",
      "klasse": "4.2",
      "bezeichnung": "Natriumdithionit (Natriumhydrosulfit)"
    },
    {
      "un_number": "1385",
      "gefahrenzahl": "40",
      "klasse": "4.2",
      "bezeichnung": "Natriumsulfid, wasserfrei oder Natriumsulfid mit weniger als 30 % Kristallwasser"
    },
    {
      "un_number": "1386",
      "gefahrenzahl": "40",
      "klasse": "4.2",
      "bezeichnung": "Ölsaatkuchen mit mehr als 1,5 Masse-% Öl und höchstens 11 Masse-% Feuchtigkeit"
    },
    {
      "un_number": "1387",
      "gefahrenzahl": null,
      "klasse": "4.2",
      "bezeichnung": "Wollabfälle, nass"
    },
    {
      "un_number": "1389",
      "gefahrenzahl": "X423",
      "klasse": "4.3",
      "bezeichnung": "Alkalimetallamalgam"
    },
    {
      "un_number": "1390",
      "gefahrenzahl": "423",
      "klasse": "4.3",
      "bezeichnung": "Alkalimetallamide"
    },
    {
      "un_number": "1391",
      "gefahrenzahl": "X423",
      "klasse": "4.3",
      "bezeichnung": "Alkalimetalldispersion oder Erdalkalimetalldispersion"
    },
    {
      "un_number": "1392",
      "gefahrenzahl": "X423",
      "klasse": "4.3",
      "bezeichnung": "Erdalkalimetallamalgam, flüssig"
    },
    {
      "un_number": "1393",
      "gefahrenzahl": "423",
      "klasse": "4.3",
      "bezeichnung": "Erdalkalimetalllegierung"
    },
    {
      "un_number": "1394",
      "gefahrenzahl": "423",
      "klasse": "4.3",
      "bezeichnung": "Aluminiumcarbid"
    },
    {
      "un_number": "1395",
      "gefahrenzahl": "462",
      "klasse": "4.3",
      "bezeichnung": "Aluminiumferrosiliciumpulver"
    },
    {
      "un_number": "1396",
      "gefahrenzahl": "423",
      "klasse": "4.3",
      "bezeichnung": "Aluminiumpulver, nicht überzogen"
    },
    {
      "un_number": "1397",
      "gefahrenzahl": "X462",
      "klasse": "4.3",
      "bezeichnung": "Aluminiumphosphid"
    },
    {
      "un_number": "1398",
      "gefahrenzahl": "423",
      "klasse": "4.3",
      "bezeichnung": "Aluminiumsiliciumpulver, nicht überzogen"
    }
  ]
}