{
  "title": "UN-Nummern 1400–1499",
  "generated": "2025-09-16",
  "count": 83,
  "columns": [
    "un_number",
    "gefahrenzahl",
    "klasse",
    "bezeichnung"
  ],
  "rows": [
    {
      "un_number": "1400",
      "gefahrenzahl": "423",
      "klasse": "4.3",
      "bezeichnung": "Bariumazid, trocken oder angefeuchtet mit weniger als 50 Masse-% Wasser"
    },
    {
      "un_number": "1401",
      "gefahrenzahl": "423",
      "klasse": "4.3",
      "bezeichnung": "Calciumresinat"
    },
    {
      "un_number": "1402",
      "gefahrenzahl": "423",
      "klasse": "4.3",
      "bezeichnung": "Calciumcarbid"
    },
    {
      "un_number": "1403",
      "gefahrenzahl": "423",
      "klasse": "4.3",
      "bezeichnung": "Calciumcyanamid mit mehr als 0,1 Masse-% Calciumcarbid"
    },
    {
      "un_number": "1404",
      "gefahrenzahl": "X423",
      "klasse": "4.3",
      "bezeichnung": "Calciumhydrid"
    },
    {
      "un_number": "1405",
      "gefahrenzahl": "423",
      "klasse": "4.3",
      "bezeichnung": "Calciumsilicid"
    },
    {
      "un_number": "1407",
      "gefahrenzahl": "X423",
      "klasse": "4.3",
      "bezeichnung": "Caesium"
    },
    {
      "un_number": "1408",
      "gefahrenzahl": "462",
      "klasse": "4.3",
      "bezeichnung": "Ferrosilicium mit mindestens 30 Masse-%, aber weniger als 90 Masse-% Silicium"
    },
    {
      "un_number": "1409",
      "gefahrenzahl": "423",
      "klasse": "4.3",
      "bezeichnung": "Metallhydride, mit Wasser reagierend"
    },
    {
      "un_number": "1410",
      "gefahrenzahl": "X423",
      "klasse": "4.3",
      "bezeichnung": "Lithiumaluminiumhydrid"
    },
    {
      "un_number": "1411",
      "gefahrenzahl": "X433",
      "klasse": "4.3",
      "bezeichnung": "Lithiumaluminiumhydrid in Ether"
    },
    {
      "un_number": "1413",
      "gefahrenzahl": "X423",
      "klasse": "4.3",
      "bezeichnung": "Lithiumborhydrid"
    },
    {
      "un_number": "1414",
      "gefahrenzahl": "X423",
      "klasse": "4.3",
      "bezeichnung": "Lithiumhydrid"
    },
    {
      "un_number": "1415",
      "gefahrenzahl": "X423",
      "klasse": "4.3",
      "bezeichnung": "Lithium"
    },
    {
      "un_number": "1417",
      "gefahrenzahl": "423",
      "klasse": "4.3",
      "bezeichnung": "Lithiumsilicium"
    },
    {
      "un_number": "1418",
      "gefahrenzahl": "423",
      "klasse": "4.3",
      "bezeichnung": "Magnesiumpulver oder Magnesiumlegierungspulver"
    },
    {
      "un_number": "1419",
      "gefahrenzahl": "423",
      "klasse": "4.3",
      "bezeichnung": "Magnesiumaluminiumphosphid"
    },
    {
      "un_number": "1420",
      "gefahrenzahl": "X423",
      "klasse": "4.3",
      "bezeichnung": "Kaliummetalllegierungen, flüssig"
    },
    {
      "un_number": "1421",
      "gefahrenzahl": "X423",
      "klasse": "4.3",
      "bezeichnung": "Alkalimetalllegierung, flüssig"
    },
    {
      "un_number": "1422",
      "gefahrenzahl": "X423",
      "klasse": "4.3",
      "bezeichnung": "Kalium-Natrium-Legierungen, flüssig"
    },
    {
      "un_number": "1423",
      "gefahrenzahl": "X423",
      "klasse": "4.3",
      "bezeichnung": "Rubidium"
    },
    {
      "un_number": "1426",
      "gefahrenzahl": "X423",
      "klasse": "4.3",
      "bezeichnung": "Natriumborhydrid"
    },
    {
      "un_number": "1427",
      "gefahrenzahl": "X423",
      "klasse": "4.3",
      "bezeichnung": "Natriumhydrid"
    },
    {
      "un_number": "1428",
      "gefahrenzahl": "X423",
      "klasse": "4.3",
      "bezeichnung": "Natrium"
    },
    {
      "un_number": "1431",
      "gefahrenzahl": "48",
      "klasse": "4.2",
      "bezeichnung": "Natriummethylat, Lösung in Alkohol"
    },
    {
      "un_number": "1432",
      "gefahrenzahl": "X462",
      "klasse": "4.3",
      "bezeichnung": "Natriumphosphid"
    },
    {
      "un_number": "1433",
      "gefahrenzahl": "X462",
      "klasse": "4.3",
      "bezeichnung": "Zinnphosphide"
    },
    {
      "un_number": "1435",
      "gefahrenzahl": "423",
      "klasse": "4.3",
      "bezeichnung": "Zinkaschen"
    },
    {
      "un_number": "1436",
      "gefahrenzahl": "423",
      "klasse": "4.3",
      "bezeichnung": "Zinkpulver oder Zinkstaub"
    },
    {
      "un_number": "1437",
      "gefahrenzahl": "40",
      "klasse": "4.1",
      "bezeichnung": "Zirconiumhydrid"
    },
    {
      "un_number": "1438",
      "gefahrenzahl": "50",
      "klasse": "5.1",
      "bezeichnung": "Aluminiumnitrat"
    },
    {
      "un_number": "1439",
      "gefahrenzahl": "50",
      "klasse": "5.1",
      "bezeichnung": "Ammoniumdichromat"
    },
    {
      "un_number": "1442",
      "gefahrenzahl": "50",
      "klasse": "5.1",
      "bezeichnung": "Ammoniumperchlorat"
    },
    {
      "un_number": "1444",
      "gefahrenzahl": "50",
      "klasse": "5.1",
      "bezeichnung": "Ammoniumpersulfat"
    },
    {
      "un_number": "1445",
      "gefahrenzahl": "56",
      "klasse": "5.1",
      "bezeichnung": "Bariumchlorat, fest"
    },
    {
      "un_number": "1446",
      "gefahrenzahl": "56",
      "klasse": "5.1",
      "bezeichnung": "Bariumnitrat"
    },
    {
      "un_number": "1447",
      "gefahrenzahl": "56",
      "klasse": "5.1",
      "bezeichnung": "Bariumperchlorat, fest"
    },
    {
      "un_number": "1448",
      "gefahrenzahl": "56",
      "klasse": "5.1",
      "bezeichnung": "Bariumpermanganat"
    },
    {
      "un_number": "1449",
      "gefahrenzahl": "56",
      "klasse": "5.1",
      "bezeichnung": "Bariumperoxid"
    },
    {
      "un_number": "1450",
      "gefahrenzahl": "50",
      "klasse": "5.1",
      "bezeichnung": "Bromate, anorganisch"
    },
    {
      "un_number": "1451",
      "gefahrenzahl": "50",
      "klasse": "5.1",
      "bezeichnung": "Caesiumnitrat"
    },
    {
      "un_number": "1452",
      "gefahrenzahl": "50",
      "klasse": "5.1",
      "bezeichnung": "Calciumchlorat"
    },
    {
      "un_number": "1453",
      "gefahrenzahl": "50",
      "klasse": "5.1",
      "bezeichnung": "Calciumchlorit"
    },
    {
      "un_number": "1454",
      "gefahrenzahl": "50",
      "klasse": "5.1",
      "bezeichnung": "Calciumnitrat"
    },
    {
      "un_number": "1455",
      "gefahrenzahl": "50",
      "klasse": "5.1",
      "bezeichnung": "Calciumperchlorat"
    },
    {
      "un_number": "1456",
      "gefahrenzahl": "50",
      "klasse": "5.1",
      "bezeichnung": "Calciumpermanganat"
    },
    {
      "un_number": "1457",
      "gefahrenzahl": "50",
      "klasse": "5.1",
      "bezeichnung": "Calciumperoxid"
    },
    {
      "un_number": "1458",
      "gefahrenzahl": "50",
      "klasse": "5.1",
      "bezeichnung": "Chlorat und Borat, Mischung"
    },
    {
      "un_number": "1459",
      "gefahrenzahl": "50",
      "klasse": "5.1",
      "bezeichnung": "Chlorat und Magnesiumchlorid, Mischung, fest"
    },
    {
      "un_number": "1461",
      "gefahrenzahl": "50",
      "klasse": "5.1",
      "bezeichnung": "Chlorate, anorganisch"
    },
    {
      "un_number": "1462",
      "gefahrenzahl": "50",
      "klasse": "5.1",
      "bezeichnung": "Chlorite, anorganisch"
    },
    {
      "un_number": "1463",
      "gefahrenzahl": "58",
      "klasse": "5.1",
      "bezeichnung": "Chromtrioxid, wasserfrei"
    },
    {
      "un_number": "1465",
      "gefahrenzahl": "50",
      "klasse": "5.1",
      "bezeichnung": "Didymiumnitrat"
    },
    {
      "un_number": "1466",
      "gefahrenzahl": "50",
      "klasse": "5.1",
      "bezeichnung": "Eisen(III)-nitrat"
    },
    {
      "un_number": "1467",
      "gefahrenzahl": "50",
      "klasse": "5.1",
      "bezeichnung": "Guanidinnitrat"
    },
    {
      "un_number": "1469",
      "gefahrenzahl": "56",
      "klasse": "5.1",
      "bezeichnung": "Bleinitrat"
    },
    {
      "un_number": "1470",
      "gefahrenzahl": "56",
      "klasse": "5.1",
      "bezeichnung": "Bleiperchlorat, fest"
    },
    {
      "un_number": "1471",
      "gefahrenzahl": "50",
      "klasse": "5.1",
      "bezeichnung": "Lithiumhypochlorit, trocken oder Mischung"
    },
    {
      "un_number": "1472",
      "gefahrenzahl": "50",
      "klasse": "5.1",
      "bezeichnung": "Lithiumperoxid"
    },
    {
      "un_number": "1473",
      "gefahrenzahl": "50",
      "klasse": "5.1",
      "bezeichnung": "Magnesiumbromat"
    },
    {
      "un_number": "1474",
      "gefahrenzahl": "50",
      "klasse": "5.1",
      "bezeichnung": "Magnesiumnitrat"
    },
    {
      "un_number": "1475",
      "gefahrenzahl": "50",
      "klasse": "5.1",
      "bezeichnung": "Magnesiumperchlorat"
    },
    {
      "un_number": "1476",
      "gefahrenzahl": "50",
      "klasse": "5.1",
      "bezeichnung": "Magnesiumperoxid"
    },
    {
      "un_number": "1477",
      "gefahrenzahl": "50",
      "klasse": "5.1",
      "bezeichnung": "Nitrate, anorganisch"
    },
    {
      "un_number": "1479",
      "gefahrenzahl": "50",
      "klasse": "5.1",
      "bezeichnung": "Entzündend (oxidierend) wirkender Stoff"
    },
    {
      "un_number": "1481",
      "gefahrenzahl": "50",
      "klasse": "5.1",
      "bezeichnung": "Perchlorate, anorganisch"
    },
    {
      "un_number": "1482",
      "gefahrenzahl": "50",
      "klasse": "5.1",
      "bezeichnung": "Permanganate, anorganisch"
    },
    {
      "un_number": "1483",
      "gefahrenzahl": "50",
      "klasse": "5.1",
      "bezeichnung": "Peroxide, anorganisch"
    },
    {
      "un_number": "1484",
      "gefahrenzahl": "50",
      "klasse": "5.1",
      "bezeichnung": "Kaliumbromat"
    },
    {
      "un_number": "1485",
      "gefahrenzahl": "50",
      "klasse": "5.1",
      "bezeichnung": "Kaliumchlorat"
    },
    {
      "un_number": "1486",
      "gefahrenzahl": "50",
      "klasse": "5.1",
      "bezeichnung": "Kaliumnitrat"
    },
    {
      "un_number": "1487",
      "gefahrenzahl": "50",
      "klasse": "5.1",
      "bezeichnung": "Kaliumnitrat und Natriumnitrit, Mischung"
    },
    {
      "un_number": "1488",
      "gefahrenzahl": "50",
      "klasse": "5.1",
      "bezeichnung": "Kaliumnitrit"
    },
    {
      "un_number": "1489",
      "gefahrenzahl": "50",
      "klasse": "5.1",
      "bezeichnung": "Kaliumperchlorat"
    },
    {
      "un_number": "1490",
      "gefahrenzahl": "50",
      "klasse": "5.1",
      "bezeichnung": "Kaliumpermanganat"
    },
    {
      "un_number": "1491",
      "gefahrenzahl": "55",
      "klasse": "5.1",
      "bezeichnung": "Kaliumperoxid"
    },
    {
      "un_number": "1492",
      "gefahrenzahl": "50",
      "klasse": "5.1",
      "bezeichnung": "Kaliumpersulfat"
    },
    {
      "un_number": "1493",
      "gefahrenzahl": "50",
      "klasse": "5.1",
      "bezeichnung": "Silbernitrat"
    },
    {
      "un_number": "1494",
      "gefahrenzahl": "50",
      "klasse": "5.1",
      "bezeichnung": "Natriumbromat"
    },
    {
      "un_number": "1495",
      "gefahrenzahl": "50",
      "klasse": "5.1",
      "bezeichnung": "Natriumchlorat"
    },
    {
      "un_number": "1496",
      "gefahrenzahl": "50",
      "klasse": "5.1",
      "bezeichnung": "Natriumchlorit"
    },
    {
      "un_number": "1498",
      "gefahrenzahl": "50",
      "klasse": "5.1",
      "bezeichnung": "Natriumnitrat"
    },
    {
      "un_number": "1499",
      "gefahrenzahl": "50",
      "klasse": "5.1",
      "bezeichnung": "Natriumnitrat und Kaliumnitrat, Mischung"
    }
  ]
}