{
  "title": "UN-Nummern 1500–1599",
  "generated": "2025-09-16",
  "count": 68,
  "columns": [
    "un_number",
    "gefahrenzahl",
    "klasse",
    "bezeichnung"
  ],
  "rows": [
    {
      "un_number": "1500",
      "gefahrenzahl": "56",
      "klasse": "5.1",
      "bezeichnung": "Kaliumnitrat und Natriumnitrit, Mischung"
    },
    {
      "un_number": "1502",
      "gefahrenzahl": "50",
      "klasse": "5.1",
      "bezeichnung": "Natriumperchlorat"
    },
    {
      "un_number": "1503",
      "gefahrenzahl": "50",
      "klasse": "5.1",
      "bezeichnung": "Natriumpermanganat"
    },
    {
      "un_number": "1504",
      "gefahrenzahl": "55",
      "klasse": "5.1",
      "bezeichnung": "Natriumperoxid"
    },
    {
      "un_number": "1505",
      "gefahrenzahl": "50",
      "klasse": "5.1",
      "bezeichnung": "Natriumpersulfat"
    },
    {
      "un_number": "1506",
      "gefahrenzahl": "50",
      "klasse": "5.1",
      "bezeichnung": "Strontiumchlorat"
    },
    {
      "un_number": "1507",
      "gefahrenzahl": "50",
      "klasse": "5.1",
      "bezeichnung": "Strontiumnitrat"
    },
    {
      "un_number": "1508",
      "gefahrenzahl": "50",
      "klasse": "5.1",
      "bezeichnung": "Strontiumperchlorat"
    },
    {
      "un_number": "1509",
      "gefahrenzahl": "50",
      "klasse": "5.1",
      "bezeichnung": "Strontiumperoxid"
    },
    {
      "un_number": "1510",
      "gefahrenzahl": "559",
      "klasse": "5.1",
      "bezeichnung": "Tetranitromethan"
    },
    {
      "un_number": "1511",
      "gefahrenzahl": "58",
      "klasse": "5.1",
      "bezeichnung": "Harnstoffwasserstoffperoxid"
    },
    {
      "un_number": "1512",
      "gefahrenzahl": "50",
      "klasse": "5.1",
      "bezeichnung": "Zinkammoniumnitrit"
    },
    {
      "un_number": "1513",
      "gefahrenzahl": "50",
      "klasse": "5.1",
      "bezeichnung": "Zinkchlorat"
    },
    {
      "un_number": "1514",
      "gefahrenzahl": "50",
      "klasse": "5.1",
      "bezeichnung": "Zinknitrat"
    },
    {
      "un_number": "1515",
      "gefahrenzahl": "50",
      "klasse": "5.1",
      "bezeichnung": "Zinkpermanganat"
    },
    {
      "un_number": "1516",
      "gefahrenzahl": "50",
      "klasse": "5.1",
      "bezeichnung": "Zinkperoxid"
    },
    {
      "un_number": "1517",
      "gefahrenzahl": "40",
      "klasse": "4.1",
      "bezeichnung": "Zirconiumpikramat, angefeuchtet mit mindestens 20 Masse-% Wasser"
    },
    {
      "un_number": "1541",
      "gefahrenzahl": "669",
      "klasse": "6.1",
      "bezeichnung": "Acetoncyanhydrin, stabilisiert"
    },
    {
      "un_number": "1544",
      "gefahrenzahl": "60 + 66",
      "klasse": "6.1",
      "bezeichnung": "Alkaloide, fest oder Alkaloidsalze, fest"
    },
    {
      "un_number": "1545",
      "gefahrenzahl": "639",
      "klasse": "6.1",
      "bezeichnung": "Allylisothiocyanat, stabilisiert"
    },
    {
      "un_number": "1546",
      "gefahrenzahl": "60",
      "klasse": "6.1",
      "bezeichnung": "Ammoniumarsenat"
    },
    {
      "un_number": "1547",
      "gefahrenzahl": "60",
      "klasse": "6.1",
      "bezeichnung": "Anilin"
    },
    {
      "un_number": "1548",
      "gefahrenzahl": "60",
      "klasse": "6.1",
      "bezeichnung": "Anilinhydrochlorid"
    },
    {
      "un_number": "1549",
      "gefahrenzahl": "60",
      "klasse": "6.1",
      "bezeichnung": "Anorganische Antimonverbindung, fest, N.A.G."
    },
    {
      "un_number": "1550",
      "gefahrenzahl": "60",
      "klasse": "6.1",
      "bezeichnung": "Antimonlaktat"
    },
    {
      "un_number": "1551",
      "gefahrenzahl": "60",
      "klasse": "6.1",
      "bezeichnung": "Antimonylkaliumtartrat"
    },
    {
      "un_number": "1553",
      "gefahrenzahl": "66",
      "klasse": "6.1",
      "bezeichnung": "Arsensäure, flüssig"
    },
    {
      "un_number": "1554",
      "gefahrenzahl": "60",
      "klasse": "6.1",
      "bezeichnung": "Arsensäure, fest"
    },
    {
      "un_number": "1555",
      "gefahrenzahl": "60",
      "klasse": "6.1",
      "bezeichnung": "Arsen(III)-bromid"
    },
    {
      "un_number": "1556",
      "gefahrenzahl": "60 + 66",
      "klasse": "6.1",
      "bezeichnung": "Arsenverbindung, flüssig, anorganisch einschließlich Arsenate, Arsenite und Arsensulfide"
    },
    {
      "un_number": "1557",
      "gefahrenzahl": "60 + 66",
      "klasse": "6.1",
      "bezeichnung": "Arsenverbindung, fest, anorganisch (einschließlich Arsenate, Arsenite und Arsensulfide)"
    },
    {
      "un_number": "1558",
      "gefahrenzahl": "60",
      "klasse": "6.1",
      "bezeichnung": "Arsensäure, flüssig"
    },
    {
      "un_number": "1559",
      "gefahrenzahl": "60",
      "klasse": "6.1",
      "bezeichnung": "Arsenpentoxid"
    },
    {
      "un_number": "1560",
      "gefahrenzahl": "66",
      "klasse": "6.1",
      "bezeichnung": "Arsen(III)-chlorid"
    },
    {
      "un_number": "1561",
      "gefahrenzahl": "60",
      "klasse": "6.1",
      "bezeichnung": "Arsen(III)-oxid"
    },
    {
      "un_number": "1562",
      "gefahrenzahl": "60",
      "klasse": "6.1",
      "bezeichnung": "Arsenstaub"
    },
    {
      "un_number": "1564",
      "gefahrenzahl": "60",
      "klasse": "6.1",
      "bezeichnung": "Bariumverbindungen, N.A.G."
    },
    {
      "un_number": "1565",
      "gefahrenzahl": "66",
      "klasse": "6.1",
      "bezeichnung": "Bariumcyanid"
    },
    {
      "un_number": "1566",
      "gefahrenzahl": "60",
      "klasse": "6.1",
      "bezeichnung": "Berylliumverbindungen, N.A.G."
    },
    {
      "un_number": "1567",
      "gefahrenzahl": "64",
      "klasse": "6.1",
      "bezeichnung": "Beryllium, Pulver"
    },
    {
      "un_number": "1569",
      "gefahrenzahl": "63",
      "klasse": "6.1",
      "bezeichnung": "Bromaceton"
    },
    {
      "un_number": "1570",
      "gefahrenzahl": "66",
      "klasse": "6.1",
      "bezeichnung": "Brucin"
    },
    {
      "un_number": "1571",
      "gefahrenzahl": "46",
      "klasse": "4.1",
      "bezeichnung": "Bariumazid, angefeuchtet mit mindestens 50 Masse-% Wasser"
    },
    {
      "un_number": "1572",
      "gefahrenzahl": "60",
      "klasse": "6.1",
      "bezeichnung": "Kakodylsäure"
    },
    {
      "un_number": "1573",
      "gefahrenzahl": "60",
      "klasse": "6.1",
      "bezeichnung": "Calciumarsenat"
    },
    {
      "un_number": "1574",
      "gefahrenzahl": "60",
      "klasse": "6.1",
      "bezeichnung": "Calciumarsenat und Calciumarsenit, Mischung, fest"
    },
    {
      "un_number": "1575",
      "gefahrenzahl": "66",
      "klasse": "6.1",
      "bezeichnung": "Calciumcyanid"
    },
    {
      "un_number": "1577",
      "gefahrenzahl": "60",
      "klasse": "6.1",
      "bezeichnung": "Chlordinitrobenzole, flüssig"
    },
    {
      "un_number": "1578",
      "gefahrenzahl": "60",
      "klasse": "6.1",
      "bezeichnung": "Chlornitrobenzole, fest"
    },
    {
      "un_number": "1579",
      "gefahrenzahl": "60",
      "klasse": "6.1",
      "bezeichnung": "4-Chlor-o-toluidinhydrochlorid, fest"
    },
    {
      "un_number": "1580",
      "gefahrenzahl": "66",
      "klasse": "6.1",
      "bezeichnung": "Chlorpikrin"
    },
    {
      "un_number": "1581",
      "gefahrenzahl": "26",
      "klasse": "2",
      "bezeichnung": "Chlorpikrin und Brommethan, Gemisch, mit mehr als 2 % Chlorpikrin"
    },
    {
      "un_number": "1582",
      "gefahrenzahl": "26",
      "klasse": "2",
      "bezeichnung": "Chlorpikrin und Methylchlorid, Gemisch"
    },
    {
      "un_number": "1583",
      "gefahrenzahl": "60 + 66",
      "klasse": "6.1",
      "bezeichnung": "Chlorpikrin, Mischung"
    },
    {
      "un_number": "1585",
      "gefahrenzahl": "60",
      "klasse": "6.1",
      "bezeichnung": "Kupferacetoarsenit"
    },
    {
      "un_number": "1586",
      "gefahrenzahl": "60",
      "klasse": "6.1",
      "bezeichnung": "Kupferarsenit"
    },
    {
      "un_number": "1587",
      "gefahrenzahl": "60",
      "klasse": "6.1",
      "bezeichnung": "Kupfercyanid"
    },
    {
      "un_number": "1588",
      "gefahrenzahl": "60 + 66",
      "klasse": "6.1",
      "bezeichnung": "Cyanide, anorganisch, fest"
    },
    {
      "un_number": "1589",
      "gefahrenzahl": "268",
      "klasse": "2",
      "bezeichnung": "Chlorcyan, stabilisiert"
    },
    {
      "un_number": "1590",
      "gefahrenzahl": "60",
      "klasse": "6.1",
      "bezeichnung": "Dichloraniline, flüssig"
    },
    {
      "un_number": "1591",
      "gefahrenzahl": "60",
      "klasse": "6.1",
      "bezeichnung": "o-Dichlorbenzen"
    },
    {
      "un_number": "1593",
      "gefahrenzahl": "60",
      "klasse": "6.1",
      "bezeichnung": "Dichlormethan"
    },
    {
      "un_number": "1594",
      "gefahrenzahl": "60",
      "klasse": "6.1",
      "bezeichnung": "Diethylsulfat"
    },
    {
      "un_number": "1595",
      "gefahrenzahl": "668",
      "klasse": "6.1",
      "bezeichnung": "Dimethylsulfat"
    },
    {
      "un_number": "1596",
      "gefahrenzahl": "60",
      "klasse": "6.1",
      "bezeichnung": "Dinitroaniline"
    },
    {
      "un_number": "1597",
      "gefahrenzahl": "60",
      "klasse": "6.1",
      "bezeichnung": "Dinitrobenzole, flüssig"
    },
    {
      "un_number": "1598",
      "gefahrenzahl": "60",
      "klasse": "6.1",
      "bezeichnung": "Dinitro-o-kresol"
    },
    {
      "un_number": "1599",
      "gefahrenzahl": "60",
      "klasse": "6.1",
      "bezeichnung": "Dinitrophenol-Lösung"
    }
  ]
}