{
  "title": "UN-Nummern 1600–1699",
  "generated": "2025-09-16",
  "count": 84,
  "columns": [
    "un_number",
    "gefahrenzahl",
    "klasse",
    "bezeichnung"
  ],
  "rows": [
    {
      "un_number": "1600",
      "gefahrenzahl": "60",
      "klasse": "6.1",
      "bezeichnung": "Dinitrotoluole, geschmolzen"
    },
    {
      "un_number": "1601",
      "gefahrenzahl": "60 + 66",
      "klasse": "6.1",
      "bezeichnung": "Desinfektionsmittel, fest, giftig, N.A.G."
    },
    {
      "un_number": "1602",
      "gefahrenzahl": "60 + 66",
      "klasse": "6.1",
      "bezeichnung": "Farbe, flüssig, giftig, N.A.G. oder Farbstoffzwischenprodukt, flüssig, giftig, N.A.G."
    },
    {
      "un_number": "1603",
      "gefahrenzahl": "63",
      "klasse": "6.1",
      "bezeichnung": "Ethylbromacetat"
    },
    {
      "un_number": "1604",
      "gefahrenzahl": "83",
      "klasse": "8",
      "bezeichnung": "Ethylendiamin"
    },
    {
      "un_number": "1605",
      "gefahrenzahl": "66",
      "klasse": "6.1",
      "bezeichnung": "Ethylendibromid"
    },
    {
      "un_number": "1606",
      "gefahrenzahl": "60",
      "klasse": "6.1",
      "bezeichnung": "Eisen(III)-arsenat"
    },
    {
      "un_number": "1607",
      "gefahrenzahl": "60",
      "klasse": "6.1",
      "bezeichnung": "Eisen(III)-arsenit"
    },
    {
      "un_number": "1608",
      "gefahrenzahl": "60",
      "klasse": "6.1",
      "bezeichnung": "Eisen(II)-arsenat"
    },
    {
      "un_number": "1611",
      "gefahrenzahl": "60",
      "klasse": "6.1",
      "bezeichnung": "Hexaethyltetraphosphat"
    },
    {
      "un_number": "1612",
      "gefahrenzahl": "26",
      "klasse": "2",
      "bezeichnung": "Hexaethyltetraphosphat und verdichtetes Gas, Gemisch"
    },
    {
      "un_number": "1613",
      "gefahrenzahl": "663",
      "klasse": "6.1",
      "bezeichnung": "Cyanwasserstoff, wässrige Lösung, mit höchstens 20 % Cyanwasserstoff"
    },
    {
      "un_number": "1614",
      "gefahrenzahl": "663",
      "klasse": "6.1",
      "bezeichnung": "Cyanwasserstoff, stabilisiert, mit weniger als 3 % Wasser und aufgesaugt durch eine inerte, poröse Masse"
    },
    {
      "un_number": "1616",
      "gefahrenzahl": "60",
      "klasse": "6.1",
      "bezeichnung": "Blei(II)-acetat (Bleiacetat)"
    },
    {
      "un_number": "1617",
      "gefahrenzahl": "60",
      "klasse": "6.1",
      "bezeichnung": "Bleiarsenate"
    },
    {
      "un_number": "1618",
      "gefahrenzahl": "60",
      "klasse": "6.1",
      "bezeichnung": "Bleiarsenite"
    },
    {
      "un_number": "1620",
      "gefahrenzahl": "60",
      "klasse": "6.1",
      "bezeichnung": "Bleicyanid"
    },
    {
      "un_number": "1621",
      "gefahrenzahl": "60",
      "klasse": "6.1",
      "bezeichnung": "London purple"
    },
    {
      "un_number": "1622",
      "gefahrenzahl": "60",
      "klasse": "6.1",
      "bezeichnung": "Magnesiumarsenat"
    },
    {
      "un_number": "1623",
      "gefahrenzahl": "60",
      "klasse": "6.1",
      "bezeichnung": "Quecksilber(II)-arsenat"
    },
    {
      "un_number": "1624",
      "gefahrenzahl": "60",
      "klasse": "6.1",
      "bezeichnung": "Quecksilber(II)-chlorid"
    },
    {
      "un_number": "1625",
      "gefahrenzahl": "60",
      "klasse": "6.1",
      "bezeichnung": "Quecksilber(II)-nitrat"
    },
    {
      "un_number": "1626",
      "gefahrenzahl": "66",
      "klasse": "6.1",
      "bezeichnung": "Kaliumquecksilber(II)-cyanid"
    },
    {
      "un_number": "1627",
      "gefahrenzahl": "60",
      "klasse": "6.1",
      "bezeichnung": "Quecksilber(I)-nitrat"
    },
    {
      "un_number": "1629",
      "gefahrenzahl": "60",
      "klasse": "6.1",
      "bezeichnung": "Quecksilberacetat"
    },
    {
      "un_number": "1630",
      "gefahrenzahl": "60",
      "klasse": "6.1",
      "bezeichnung": "Quecksilber(II)-ammoniumchlorid"
    },
    {
      "un_number": "1631",
      "gefahrenzahl": "60",
      "klasse": "6.1",
      "bezeichnung": "Quecksilber(II)-benzoat"
    },
    {
      "un_number": "1634",
      "gefahrenzahl": "60",
      "klasse": "6.1",
      "bezeichnung": "Quecksilberbromide"
    },
    {
      "un_number": "1636",
      "gefahrenzahl": "60",
      "klasse": "6.1",
      "bezeichnung": "Quecksilbercyanid"
    },
    {
      "un_number": "1637",
      "gefahrenzahl": "60",
      "klasse": "6.1",
      "bezeichnung": "Quecksilberglukonat"
    },
    {
      "un_number": "1638",
      "gefahrenzahl": "60",
      "klasse": "6.1",
      "bezeichnung": "Quecksilberiodid (Quecksilber(I)-iodid und Quecksilber(II)-iodid)"
    },
    {
      "un_number": "1639",
      "gefahrenzahl": "60",
      "klasse": "6.1",
      "bezeichnung": "Quecksilbernucleat"
    },
    {
      "un_number": "1640",
      "gefahrenzahl": "60",
      "klasse": "6.1",
      "bezeichnung": "Quecksilberoleat"
    },
    {
      "un_number": "1641",
      "gefahrenzahl": "60",
      "klasse": "6.1",
      "bezeichnung": "Quecksilber(II)-oxid"
    },
    {
      "un_number": "1642",
      "gefahrenzahl": "60",
      "klasse": "6.1",
      "bezeichnung": "Quecksilberoxycyanid, desensibilisiert"
    },
    {
      "un_number": "1643",
      "gefahrenzahl": "60",
      "klasse": "6.1",
      "bezeichnung": "Kaliumquecksilber(II)-iodid"
    },
    {
      "un_number": "1644",
      "gefahrenzahl": "60",
      "klasse": "6.1",
      "bezeichnung": "Quecksilbersalicylat"
    },
    {
      "un_number": "1645",
      "gefahrenzahl": "60",
      "klasse": "6.1",
      "bezeichnung": "Quecksilbersulfat"
    },
    {
      "un_number": "1646",
      "gefahrenzahl": "60",
      "klasse": "6.1",
      "bezeichnung": "Quecksilberthiocyanat"
    },
    {
      "un_number": "1647",
      "gefahrenzahl": "66",
      "klasse": "6.1",
      "bezeichnung": "Brommethan und Ethylendibromid, Mischung, flüssig"
    },
    {
      "un_number": "1648",
      "gefahrenzahl": "33",
      "klasse": "3",
      "bezeichnung": "Acetonitril"
    },
    {
      "un_number": "1649",
      "gefahrenzahl": "66",
      "klasse": "6.1",
      "bezeichnung": "Klopfschutzmittel für Motorkraftstoff"
    },
    {
      "un_number": "1650",
      "gefahrenzahl": "60",
      "klasse": "6.1",
      "bezeichnung": "beta-Naphthylamin, fest"
    },
    {
      "un_number": "1651",
      "gefahrenzahl": "60",
      "klasse": "6.1",
      "bezeichnung": "Naphthylthioharnstoff"
    },
    {
      "un_number": "1652",
      "gefahrenzahl": "60",
      "klasse": "6.1",
      "bezeichnung": "Naphthylharnstoff"
    },
    {
      "un_number": "1653",
      "gefahrenzahl": "60",
      "klasse": "6.1",
      "bezeichnung": "Nickelcyanid"
    },
    {
      "un_number": "1654",
      "gefahrenzahl": "60",
      "klasse": "6.1",
      "bezeichnung": "Nikotin"
    },
    {
      "un_number": "1655",
      "gefahrenzahl": "60 + 66",
      "klasse": "6.1",
      "bezeichnung": "Nikotinverbindung, fest oder Nikotinzubereitung, fest"
    },
    {
      "un_number": "1656",
      "gefahrenzahl": "60",
      "klasse": "6.1",
      "bezeichnung": "Nikotinhydrochlorid, flüssig oder Lösung"
    },
    {
      "un_number": "1657",
      "gefahrenzahl": "60",
      "klasse": "6.1",
      "bezeichnung": "Nikotinsalicylat"
    },
    {
      "un_number": "1658",
      "gefahrenzahl": "60",
      "klasse": "6.1",
      "bezeichnung": "Nikotinsulfat, Lösung"
    },
    {
      "un_number": "1659",
      "gefahrenzahl": "60",
      "klasse": "6.1",
      "bezeichnung": "Nikotintartrat"
    },
    {
      "un_number": "1660",
      "gefahrenzahl": "265",
      "klasse": "2",
      "bezeichnung": "Stickstoffmonoxid, verdichtet (Stickoxide, verdichtet)"
    },
    {
      "un_number": "1661",
      "gefahrenzahl": "60",
      "klasse": "6.1",
      "bezeichnung": "Nitroaniline (o-, m-, p-)"
    },
    {
      "un_number": "1662",
      "gefahrenzahl": "60",
      "klasse": "6.1",
      "bezeichnung": "Trinitrobenzen, trocken oder angefeuchtet mit weniger als 30 Masse-% Wasser"
    },
    {
      "un_number": "1663",
      "gefahrenzahl": "60",
      "klasse": "6.1",
      "bezeichnung": "Nitrophenole (o-, m-, p-)"
    },
    {
      "un_number": "1664",
      "gefahrenzahl": "60",
      "klasse": "6.1",
      "bezeichnung": "Nitrotoluole, flüssig"
    },
    {
      "un_number": "1665",
      "gefahrenzahl": "60",
      "klasse": "6.1",
      "bezeichnung": "Nitroxylene, flüssig"
    },
    {
      "un_number": "1669",
      "gefahrenzahl": "60",
      "klasse": "6.1",
      "bezeichnung": "Pentachlorethan"
    },
    {
      "un_number": "1670",
      "gefahrenzahl": "66",
      "klasse": "6.1",
      "bezeichnung": "Perchlormethylmercaptan"
    },
    {
      "un_number": "1671",
      "gefahrenzahl": "60",
      "klasse": "6.1",
      "bezeichnung": "Phenol, fest"
    },
    {
      "un_number": "1672",
      "gefahrenzahl": "66",
      "klasse": "6.1",
      "bezeichnung": "Phenylcarbylaminchlorid"
    },
    {
      "un_number": "1673",
      "gefahrenzahl": "60",
      "klasse": "6.1",
      "bezeichnung": "Phenylendiamine (o-, m-, p-)"
    },
    {
      "un_number": "1674",
      "gefahrenzahl": "60",
      "klasse": "6.1",
      "bezeichnung": "Phenylquecksilber(II)-acetat"
    },
    {
      "un_number": "1677",
      "gefahrenzahl": "60",
      "klasse": "6.1",
      "bezeichnung": "Kaliumarsenat"
    },
    {
      "un_number": "1678",
      "gefahrenzahl": "60",
      "klasse": "6.1",
      "bezeichnung": "Kaliumarsenit"
    },
    {
      "un_number": "1679",
      "gefahrenzahl": "60",
      "klasse": "6.1",
      "bezeichnung": "Kaliumkupfer(I)-cyanid"
    },
    {
      "un_number": "1680",
      "gefahrenzahl": "66",
      "klasse": "6.1",
      "bezeichnung": "Kaliumcyanid, fest"
    },
    {
      "un_number": "1683",
      "gefahrenzahl": "60",
      "klasse": "6.1",
      "bezeichnung": "Silberarsenit"
    },
    {
      "un_number": "1684",
      "gefahrenzahl": "60",
      "klasse": "6.1",
      "bezeichnung": "Quecksilbercyanid"
    },
    {
      "un_number": "1685",
      "gefahrenzahl": "60",
      "klasse": "6.1",
      "bezeichnung": "Natriumarsenat"
    },
    {
      "un_number": "1686",
      "gefahrenzahl": "60",
      "klasse": "6.1",
      "bezeichnung": "Natriumarsenit, wässrige Lösung"
    },
    {
      "un_number": "1687",
      "gefahrenzahl": "60",
      "klasse": "6.1",
      "bezeichnung": "Natriumazid"
    },
    {
      "un_number": "1688",
      "gefahrenzahl": "60",
      "klasse": "6.1",
      "bezeichnung": "Natriumkakodylat"
    },
    {
      "un_number": "1689",
      "gefahrenzahl": "66",
      "klasse": "6.1",
      "bezeichnung": "Natriumcyanid, fest"
    },
    {
      "un_number": "1690",
      "gefahrenzahl": "60",
      "klasse": "6.1",
      "bezeichnung": "Natriumfluorid, fest"
    },
    {
      "un_number": "1691",
      "gefahrenzahl": "60",
      "klasse": "6.1",
      "bezeichnung": "Strontiumarsenit"
    },
    {
      "un_number": "1692",
      "gefahrenzahl": "66",
      "klasse": "6.1",
      "bezeichnung": "Strychnin oder Strychninsalze"
    },
    {
      "un_number": "1693",
      "gefahrenzahl": "60 + 66",
      "klasse": "6.1",
      "bezeichnung": "Stoff zur Herstellung von Tränengasen, flüssig, N.A.G."
    },
    {
      "un_number": "1694",
      "gefahrenzahl": "66",
      "klasse": "6.1",
      "bezeichnung": "Brombenzylcyanide, flüssig oder fest"
    },
    {
      "un_number": "1695",
      "gefahrenzahl": "663",
      "klasse": "6.1",
      "bezeichnung": "Chloraceton, stabilisiert"
    },
    {
      "un_number": "1697",
      "gefahrenzahl": "60",
      "klasse": "6.1",
      "bezeichnung": "Chloracetophenon, fest"
    },
    {
      "un_number": "1698",
      "gefahrenzahl": "66",
      "klasse": "6.1",
      "bezeichnung": "Diphenylaminochlorarsin"
    },
    {
      "un_number": "1699",
      "gefahrenzahl": "66",
      "klasse": "6.1",
      "bezeichnung": "Diphenylchlorarsin, flüssig"
    }
  ]
}