{
  "title": "UN-Nummern 1700–1799",
  "generated": "2025-09-16",
  "count": 92,
  "columns": [
    "un_number",
    "gefahrenzahl",
    "klasse",
    "bezeichnung"
  ],
  "rows": [
    {
      "un_number": "1700",
      "gefahrenzahl": null,
      "klasse": "6.1",
      "bezeichnung": "Tränengas-Kerzen"
    },
    {
      "un_number": "1701",
      "gefahrenzahl": "60",
      "klasse": "6.1",
      "bezeichnung": "Xylylbromid, flüssig"
    },
    {
      "un_number": "1702",
      "gefahrenzahl": "60",
      "klasse": "6.1",
      "bezeichnung": "1,1,2,2-Tetrachlorethan"
    },
    {
      "un_number": "1704",
      "gefahrenzahl": "60",
      "klasse": "6.1",
      "bezeichnung": "Tetraethyldithiopyrophosphat"
    },
    {
      "un_number": "1707",
      "gefahrenzahl": "60",
      "klasse": "6.1",
      "bezeichnung": "Thalliumverbindung, N.A.G."
    },
    {
      "un_number": "1708",
      "gefahrenzahl": "60",
      "klasse": "6.1",
      "bezeichnung": "Toluidine, flüssig"
    },
    {
      "un_number": "1709",
      "gefahrenzahl": "60",
      "klasse": "6.1",
      "bezeichnung": "2,4-Toluylendiamin, fest"
    },
    {
      "un_number": "1710",
      "gefahrenzahl": "60",
      "klasse": "6.1",
      "bezeichnung": "Trichlorethylen"
    },
    {
      "un_number": "1711",
      "gefahrenzahl": "60",
      "klasse": "6.1",
      "bezeichnung": "Xylidine, flüssig"
    },
    {
      "un_number": "1712",
      "gefahrenzahl": "60",
      "klasse": "6.1",
      "bezeichnung": "Zinkarsenat oder Zinkarsenit oder Zinkarsenat und Zinkarsenit, Mischung"
    },
    {
      "un_number": "1713",
      "gefahrenzahl": "66",
      "klasse": "6.1",
      "bezeichnung": "Zinkcyanid"
    },
    {
      "un_number": "1714",
      "gefahrenzahl": "X462",
      "klasse": "6.1",
      "bezeichnung": "Zinkphosphid"
    },
    {
      "un_number": "1715",
      "gefahrenzahl": "83",
      "klasse": "8",
      "bezeichnung": "Essigsäureanhydrid"
    },
    {
      "un_number": "1716",
      "gefahrenzahl": "80",
      "klasse": "8",
      "bezeichnung": "Acetylbromid"
    },
    {
      "un_number": "1717",
      "gefahrenzahl": "X338",
      "klasse": "3",
      "bezeichnung": "Acetylchlorid"
    },
    {
      "un_number": "1718",
      "gefahrenzahl": "80",
      "klasse": "8",
      "bezeichnung": "Butylphosphat"
    },
    {
      "un_number": "1719",
      "gefahrenzahl": "80",
      "klasse": "8",
      "bezeichnung": "Ätzender, alkalischer, flüssiger Stoff, N.A.G."
    },
    {
      "un_number": "1722",
      "gefahrenzahl": "668",
      "klasse": "6.1",
      "bezeichnung": "Allylchlorformiat"
    },
    {
      "un_number": "1723",
      "gefahrenzahl": "338",
      "klasse": "3",
      "bezeichnung": "Allyliodid"
    },
    {
      "un_number": "1724",
      "gefahrenzahl": "X839",
      "klasse": "8",
      "bezeichnung": "Allyltrichlorsilan, stabilisiert"
    },
    {
      "un_number": "1725",
      "gefahrenzahl": "80",
      "klasse": "8",
      "bezeichnung": "Aluminiumbromid, wasserfrei"
    },
    {
      "un_number": "1726",
      "gefahrenzahl": "80",
      "klasse": "8",
      "bezeichnung": "Aluminiumchlorid, wasserfrei"
    },
    {
      "un_number": "1727",
      "gefahrenzahl": "80",
      "klasse": "8",
      "bezeichnung": "Ammoniumhydrogendifluorid, fest"
    },
    {
      "un_number": "1728",
      "gefahrenzahl": "X80",
      "klasse": "8",
      "bezeichnung": "Amyltrichlorsilan"
    },
    {
      "un_number": "1729",
      "gefahrenzahl": "80",
      "klasse": "8",
      "bezeichnung": "Anisoylchlorid"
    },
    {
      "un_number": "1730",
      "gefahrenzahl": "X80",
      "klasse": "8",
      "bezeichnung": "Antimonpentachlorid, flüssig"
    },
    {
      "un_number": "1731",
      "gefahrenzahl": "80",
      "klasse": "8",
      "bezeichnung": "Antimonpentachlorid, Lösung"
    },
    {
      "un_number": "1732",
      "gefahrenzahl": "86",
      "klasse": "8",
      "bezeichnung": "Antimon(V)-fluorid"
    },
    {
      "un_number": "1733",
      "gefahrenzahl": "80",
      "klasse": "8",
      "bezeichnung": "Antimontrichlorid"
    },
    {
      "un_number": "1736",
      "gefahrenzahl": "80",
      "klasse": "8",
      "bezeichnung": "Benzoylchlorid"
    },
    {
      "un_number": "1737",
      "gefahrenzahl": "68",
      "klasse": "6.1",
      "bezeichnung": "Benzylbromid"
    },
    {
      "un_number": "1738",
      "gefahrenzahl": "68",
      "klasse": "6.1",
      "bezeichnung": "Benzylchlorid"
    },
    {
      "un_number": "1739",
      "gefahrenzahl": "88",
      "klasse": "8",
      "bezeichnung": "Benzylchlorformiat"
    },
    {
      "un_number": "1740",
      "gefahrenzahl": "80",
      "klasse": "8",
      "bezeichnung": "Hydrogendifluoride, fest, N.A.G."
    },
    {
      "un_number": "1741",
      "gefahrenzahl": "268",
      "klasse": "2",
      "bezeichnung": "Bortrichlorid"
    },
    {
      "un_number": "1742",
      "gefahrenzahl": "80",
      "klasse": "8",
      "bezeichnung": "Bortrifluorid-Essigsäure-Komplex, flüssig"
    },
    {
      "un_number": "1743",
      "gefahrenzahl": "80",
      "klasse": "8",
      "bezeichnung": "Bortrifluorid-Propionsäure-Komplex, flüssig"
    },
    {
      "un_number": "1744",
      "gefahrenzahl": "886",
      "klasse": "8",
      "bezeichnung": "Brom oder Brom, Lösung"
    },
    {
      "un_number": "1745",
      "gefahrenzahl": "568",
      "klasse": "5.1",
      "bezeichnung": "Brompentafluorid"
    },
    {
      "un_number": "1746",
      "gefahrenzahl": "568",
      "klasse": "5.1",
      "bezeichnung": "Bromtrifluorid"
    },
    {
      "un_number": "1747",
      "gefahrenzahl": "X83",
      "klasse": "8",
      "bezeichnung": "Butyltrichlorsilan"
    },
    {
      "un_number": "1748",
      "gefahrenzahl": "50",
      "klasse": "5.1",
      "bezeichnung": "Calciumhypochlorit, trocken oder Calciumhypochlorit, Mischung, trocken, mit mehr als 39 % aktivem Chlor sowie 8,8 % aktivem Sauerstoff"
    },
    {
      "un_number": "1749",
      "gefahrenzahl": "265",
      "klasse": "2",
      "bezeichnung": "Chlortrifluorid"
    },
    {
      "un_number": "1750",
      "gefahrenzahl": "68",
      "klasse": "6.1",
      "bezeichnung": "Chloressigsäure, Lösung"
    },
    {
      "un_number": "1751",
      "gefahrenzahl": "68",
      "klasse": "6.1",
      "bezeichnung": "Chloressigsäure, fest"
    },
    {
      "un_number": "1752",
      "gefahrenzahl": "668",
      "klasse": "6.1",
      "bezeichnung": "Chloracetylchlorid"
    },
    {
      "un_number": "1753",
      "gefahrenzahl": "X80",
      "klasse": "8",
      "bezeichnung": "Chlorphenyltrichlorsilan"
    },
    {
      "un_number": "1754",
      "gefahrenzahl": "X80",
      "klasse": "8",
      "bezeichnung": "Chlorsulfonsäure mit oder ohne Schwefeltrioxid"
    },
    {
      "un_number": "1755",
      "gefahrenzahl": "80",
      "klasse": "8",
      "bezeichnung": "Chromsäure, Lösung"
    },
    {
      "un_number": "1756",
      "gefahrenzahl": "80",
      "klasse": "8",
      "bezeichnung": "Chromfluorid, fest (CrF<sub>2</sub>, CrF<sub>3</sub>, CrF<sub>4</sub> und CrF<sub>5</sub>)"
    },
    {
      "un_number": "1757",
      "gefahrenzahl": "80",
      "klasse": "8",
      "bezeichnung": "Chromfluorid, Lösung (CrF<sub>2</sub>, CrF<sub>3</sub>, CrF<sub>4</sub> und CrF<sub>5</sub>)"
    },
    {
      "un_number": "1758",
      "gefahrenzahl": "X88",
      "klasse": "8",
      "bezeichnung": "Chromoxychlorid"
    },
    {
      "un_number": "1759",
      "gefahrenzahl": "80 + 88",
      "klasse": "8",
      "bezeichnung": "Ätzender, fester Stoff, N.A.G."
    },
    {
      "un_number": "1760",
      "gefahrenzahl": "80 + 88",
      "klasse": "8",
      "bezeichnung": "Ätzender, flüssiger Stoff, N.A.G."
    },
    {
      "un_number": "1761",
      "gefahrenzahl": "86",
      "klasse": "8",
      "bezeichnung": "Kupferethylendiamin, Lösung"
    },
    {
      "un_number": "1762",
      "gefahrenzahl": "X80",
      "klasse": "8",
      "bezeichnung": "Cyclohexenyltrichlorsilan"
    },
    {
      "un_number": "1763",
      "gefahrenzahl": "X80",
      "klasse": "8",
      "bezeichnung": "Cyclohexyltrichlorsilan"
    },
    {
      "un_number": "1764",
      "gefahrenzahl": "80",
      "klasse": "8",
      "bezeichnung": "Dichloressigsäure"
    },
    {
      "un_number": "1765",
      "gefahrenzahl": "X80",
      "klasse": "8",
      "bezeichnung": "Dichloracetylchlorid"
    },
    {
      "un_number": "1766",
      "gefahrenzahl": "X80",
      "klasse": "8",
      "bezeichnung": "Dichlorphenyltrichlorsilan"
    },
    {
      "un_number": "1767",
      "gefahrenzahl": "X83",
      "klasse": "8",
      "bezeichnung": "Diethyldichlorsilan"
    },
    {
      "un_number": "1768",
      "gefahrenzahl": "80",
      "klasse": "8",
      "bezeichnung": "Difluorphosphorsäure, wasserfrei"
    },
    {
      "un_number": "1769",
      "gefahrenzahl": "X80",
      "klasse": "8",
      "bezeichnung": "Diphenyldichlorsilan"
    },
    {
      "un_number": "1770",
      "gefahrenzahl": "80",
      "klasse": "8",
      "bezeichnung": "Diphenylbrommethan"
    },
    {
      "un_number": "1771",
      "gefahrenzahl": "X80",
      "klasse": "8",
      "bezeichnung": "Dodecyltrichlorsilan"
    },
    {
      "un_number": "1773",
      "gefahrenzahl": "80",
      "klasse": "8",
      "bezeichnung": "Eisenchlorid, wasserfrei (Eisen(II)-chlorid und Eisen(III)-chlorid)"
    },
    {
      "un_number": "1774",
      "gefahrenzahl": "80",
      "klasse": "8",
      "bezeichnung": "Feuerlöscherladungen, ätzender flüssiger Stoff"
    },
    {
      "un_number": "1775",
      "gefahrenzahl": "80",
      "klasse": "8",
      "bezeichnung": "Fluorborsäure"
    },
    {
      "un_number": "1776",
      "gefahrenzahl": "80",
      "klasse": "8",
      "bezeichnung": "Fluorphosphorsäure, wasserfrei"
    },
    {
      "un_number": "1777",
      "gefahrenzahl": "88",
      "klasse": "8",
      "bezeichnung": "Fluorsulfonsäure"
    },
    {
      "un_number": "1778",
      "gefahrenzahl": "80",
      "klasse": "8",
      "bezeichnung": "Fluorkieselsäure"
    },
    {
      "un_number": "1779",
      "gefahrenzahl": "83",
      "klasse": "8",
      "bezeichnung": "Ameisensäure, mit mehr als 85 Masse-% Säure"
    },
    {
      "un_number": "1780",
      "gefahrenzahl": "80",
      "klasse": "8",
      "bezeichnung": "Fumarylchlorid"
    },
    {
      "un_number": "1781",
      "gefahrenzahl": "X80",
      "klasse": "8",
      "bezeichnung": "Hexadecyltrichlorsilan"
    },
    {
      "un_number": "1782",
      "gefahrenzahl": "80",
      "klasse": "8",
      "bezeichnung": "Hexafluorphosphorsäure"
    },
    {
      "un_number": "1783",
      "gefahrenzahl": "80",
      "klasse": "8",
      "bezeichnung": "Hexamethylendiamin, Lösung"
    },
    {
      "un_number": "1784",
      "gefahrenzahl": "X80",
      "klasse": "8",
      "bezeichnung": "Cyclohexyltrichlorsilan"
    },
    {
      "un_number": "1786",
      "gefahrenzahl": "886",
      "klasse": "8",
      "bezeichnung": "Fluorwasserstoffsäure und Schwefelsäure, Mischung"
    },
    {
      "un_number": "1787",
      "gefahrenzahl": "80",
      "klasse": "8",
      "bezeichnung": "Iodwasserstoffsäure"
    },
    {
      "un_number": "1788",
      "gefahrenzahl": "80",
      "klasse": "8",
      "bezeichnung": "Bromwasserstoffsäure"
    },
    {
      "un_number": "1789",
      "gefahrenzahl": "80",
      "klasse": "8",
      "bezeichnung": "Salzsäure"
    },
    {
      "un_number": "1790",
      "gefahrenzahl": "86",
      "klasse": "8",
      "bezeichnung": "Fluorwasserstoffsäure mit höchstens 60 % Fluorwasserstoff"
    },
    {
      "un_number": "1790",
      "gefahrenzahl": "886",
      "klasse": "8",
      "bezeichnung": "Fluorwasserstoffsäure mit mehr als 60 % Fluorwasserstoff, aber höchstens 85 % Fluorwasserstoff"
    },
    {
      "un_number": "1790",
      "gefahrenzahl": "886",
      "klasse": "8",
      "bezeichnung": "Fluorwasserstoffsäure mit mehr als 85 % Fluorwasserstoff"
    },
    {
      "un_number": "1791",
      "gefahrenzahl": "80",
      "klasse": "8",
      "bezeichnung": "Hypochloritlösung"
    },
    {
      "un_number": "1792",
      "gefahrenzahl": "80",
      "klasse": "8",
      "bezeichnung": "Iodmonochlorid, fest"
    },
    {
      "un_number": "1793",
      "gefahrenzahl": "80",
      "klasse": "8",
      "bezeichnung": "Isopropylphosphat"
    },
    {
      "un_number": "1794",
      "gefahrenzahl": "80",
      "klasse": "8",
      "bezeichnung": "Blei(II)-sulfat mit mehr als 3 % freier Säure"
    },
    {
      "un_number": "1796",
      "gefahrenzahl": "80",
      "klasse": "8",
      "bezeichnung": "Nitriersäuremischung mit höchstens 50 % Salpetersäure"
    },
    {
      "un_number": "1796",
      "gefahrenzahl": "885",
      "klasse": "8",
      "bezeichnung": "Nitriersäuremischung mit mehr als 50 % Salpetersäure"
    },
    {
      "un_number": "1798",
      "gefahrenzahl": null,
      "klasse": "8",
      "bezeichnung": "Gemische aus Salpetersäure und Salzsäure, Beförderung verboten"
    },
    {
      "un_number": "1799",
      "gefahrenzahl": "X80",
      "klasse": "8",
      "bezeichnung": "Nonyltrichlorsilan"
    }
  ]
}