{
  "title": "UN-Nummern 1800–1899",
  "generated": "2025-09-16",
  "count": 76,
  "columns": [
    "un_number",
    "gefahrenzahl",
    "klasse",
    "bezeichnung"
  ],
  "rows": [
    {
      "un_number": "1800",
      "gefahrenzahl": "X80",
      "klasse": "8",
      "bezeichnung": "Octadecyltrichlorsilan"
    },
    {
      "un_number": "1801",
      "gefahrenzahl": "X80",
      "klasse": "8",
      "bezeichnung": "Octyltrichlorsilan"
    },
    {
      "un_number": "1802",
      "gefahrenzahl": "85",
      "klasse": "8",
      "bezeichnung": "Perchlorsäure mit höchstens 50 Masse-% Säure"
    },
    {
      "un_number": "1803",
      "gefahrenzahl": "80",
      "klasse": "8",
      "bezeichnung": "Phenolsulfonsäure, flüssig"
    },
    {
      "un_number": "1804",
      "gefahrenzahl": "X80",
      "klasse": "8",
      "bezeichnung": "Chlorphenyltrichlorsilan"
    },
    {
      "un_number": "1805",
      "gefahrenzahl": "80",
      "klasse": "8",
      "bezeichnung": "Phosphorsäure, Lösung"
    },
    {
      "un_number": "1806",
      "gefahrenzahl": "80",
      "klasse": "8",
      "bezeichnung": "Phosphorpentachlorid"
    },
    {
      "un_number": "1807",
      "gefahrenzahl": "80",
      "klasse": "8",
      "bezeichnung": "Phosphorpentoxid"
    },
    {
      "un_number": "1808",
      "gefahrenzahl": "X80",
      "klasse": "8",
      "bezeichnung": "Phosphortribromid"
    },
    {
      "un_number": "1809",
      "gefahrenzahl": "668",
      "klasse": "6.1",
      "bezeichnung": "Phosphortrichlorid"
    },
    {
      "un_number": "1810",
      "gefahrenzahl": "X668",
      "klasse": "8",
      "bezeichnung": "Phosphoroxychlorid"
    },
    {
      "un_number": "1811",
      "gefahrenzahl": "86",
      "klasse": "8",
      "bezeichnung": "Kaliumhydrogendifluorid, fest"
    },
    {
      "un_number": "1812",
      "gefahrenzahl": "60",
      "klasse": "6.1",
      "bezeichnung": "Kaliumfluorid, fest"
    },
    {
      "un_number": "1813",
      "gefahrenzahl": "80",
      "klasse": "8",
      "bezeichnung": "Kaliumhydroxid, fest"
    },
    {
      "un_number": "1814",
      "gefahrenzahl": "80",
      "klasse": "8",
      "bezeichnung": "Kaliumhydroxidlösungen (Kalilauge)"
    },
    {
      "un_number": "1815",
      "gefahrenzahl": "338",
      "klasse": "3",
      "bezeichnung": "Propionylchlorid"
    },
    {
      "un_number": "1816",
      "gefahrenzahl": "X83",
      "klasse": "8",
      "bezeichnung": "Propyltrichlorsilan"
    },
    {
      "un_number": "1817",
      "gefahrenzahl": "X80",
      "klasse": "8",
      "bezeichnung": "Pyrosulfurylchlorid"
    },
    {
      "un_number": "1818",
      "gefahrenzahl": "X80",
      "klasse": "8",
      "bezeichnung": "Siliciumtetrachlorid"
    },
    {
      "un_number": "1819",
      "gefahrenzahl": "80",
      "klasse": "8",
      "bezeichnung": "Natriumaluminatlösung"
    },
    {
      "un_number": "1823",
      "gefahrenzahl": "80",
      "klasse": "8",
      "bezeichnung": "Natriumhydroxid, fest"
    },
    {
      "un_number": "1824",
      "gefahrenzahl": "80",
      "klasse": "8",
      "bezeichnung": "Natriumhydroxidlösungen (Natronlauge)"
    },
    {
      "un_number": "1825",
      "gefahrenzahl": "80",
      "klasse": "8",
      "bezeichnung": "Natriummonoxid"
    },
    {
      "un_number": "1826",
      "gefahrenzahl": "80",
      "klasse": "8",
      "bezeichnung": "Abfall-Nitriersäuremischung mit höchstens 50 % Salpetersäure"
    },
    {
      "un_number": "1826",
      "gefahrenzahl": "885",
      "klasse": "8",
      "bezeichnung": "Abfall-Nitriersäuremischung mit mehr als 50 % Salpetersäure"
    },
    {
      "un_number": "1827",
      "gefahrenzahl": "X80",
      "klasse": "8",
      "bezeichnung": "Zinntetrachlorid, wasserfrei"
    },
    {
      "un_number": "1828",
      "gefahrenzahl": "X88",
      "klasse": "8",
      "bezeichnung": "Schwefelchloride (Schwefel(I)-chlorid, Schwefeldichlorid und Schwefeltetrachlorid)"
    },
    {
      "un_number": "1829",
      "gefahrenzahl": "X88",
      "klasse": "8",
      "bezeichnung": "Schwefeltrioxid, stabilisiert"
    },
    {
      "un_number": "1830",
      "gefahrenzahl": "80",
      "klasse": "8",
      "bezeichnung": "Schwefelsäure mit mehr als 51 % Säure"
    },
    {
      "un_number": "1831",
      "gefahrenzahl": "X886",
      "klasse": "8",
      "bezeichnung": "Schwefelsäure, rauchend (Oleum)"
    },
    {
      "un_number": "1832",
      "gefahrenzahl": "80",
      "klasse": "8",
      "bezeichnung": "Schwefelsäure, gebraucht"
    },
    {
      "un_number": "1833",
      "gefahrenzahl": "80",
      "klasse": "8",
      "bezeichnung": "Schweflige Säure"
    },
    {
      "un_number": "1834",
      "gefahrenzahl": "X88",
      "klasse": "8",
      "bezeichnung": "Pyrosulfurylchlorid"
    },
    {
      "un_number": "1835",
      "gefahrenzahl": "80",
      "klasse": "8",
      "bezeichnung": "Tetramethylammoniumhydroxid, wässrige Lösung mit mehr als 2,5 %, aber weniger als 25 % Tetramethylammoniumhydroxid"
    },
    {
      "un_number": "1836",
      "gefahrenzahl": "X88",
      "klasse": "8",
      "bezeichnung": "Thionylchlorid"
    },
    {
      "un_number": "1837",
      "gefahrenzahl": "X80",
      "klasse": "8",
      "bezeichnung": "Thiophosphorylchlorid"
    },
    {
      "un_number": "1838",
      "gefahrenzahl": "X80",
      "klasse": "8",
      "bezeichnung": "Titantetrachlorid"
    },
    {
      "un_number": "1839",
      "gefahrenzahl": "80",
      "klasse": "8",
      "bezeichnung": "Trichloressigsäure"
    },
    {
      "un_number": "1840",
      "gefahrenzahl": "80",
      "klasse": "8",
      "bezeichnung": "Zinkchlorid, Lösung"
    },
    {
      "un_number": "1841",
      "gefahrenzahl": "90",
      "klasse": "9",
      "bezeichnung": "Acetaldehydammoniak"
    },
    {
      "un_number": "1843",
      "gefahrenzahl": "60",
      "klasse": "6.1",
      "bezeichnung": "Ammoniumdinitro-o-kresolat"
    },
    {
      "un_number": "1845",
      "gefahrenzahl": null,
      "klasse": "9",
      "bezeichnung": "Kohlenstoffdioxid, fest (Trockeneis) [unterliegt nicht den Vorschriften des ADR]"
    },
    {
      "un_number": "1846",
      "gefahrenzahl": "60",
      "klasse": "6.1",
      "bezeichnung": "Tetrachlormethan (Tetrachlorkohlenstoff)"
    },
    {
      "un_number": "1847",
      "gefahrenzahl": "80",
      "klasse": "8",
      "bezeichnung": "Kaliumsulfid, hydratisiert, mit mindestens 30 % Kristallwasser"
    },
    {
      "un_number": "1848",
      "gefahrenzahl": "80",
      "klasse": "8",
      "bezeichnung": "Propionsäure, mit mindestens 10 % und weniger als 90 Masse-% Säure"
    },
    {
      "un_number": "1849",
      "gefahrenzahl": "80",
      "klasse": "8",
      "bezeichnung": "Natriumsulfid mit mindestens 30 % Kristallwasser"
    },
    {
      "un_number": "1851",
      "gefahrenzahl": "60",
      "klasse": "6.1",
      "bezeichnung": "Medikament, flüssig, giftig, N.A.G."
    },
    {
      "un_number": "1854",
      "gefahrenzahl": "43",
      "klasse": "4.2",
      "bezeichnung": "Bariumlegierungen, pyrophor"
    },
    {
      "un_number": "1855",
      "gefahrenzahl": "43",
      "klasse": "4.2",
      "bezeichnung": "Calcium, pyrophor oder Calciumlegierungen, pyrophor"
    },
    {
      "un_number": "1856",
      "gefahrenzahl": null,
      "klasse": "4.2",
      "bezeichnung": "Lappen, ölhaltig"
    },
    {
      "un_number": "1857",
      "gefahrenzahl": null,
      "klasse": "4.2",
      "bezeichnung": "Textilabfälle, nass"
    },
    {
      "un_number": "1858",
      "gefahrenzahl": "20",
      "klasse": "2",
      "bezeichnung": "Hexafluorpropylen (Gas als Kältemittel R 1216)"
    },
    {
      "un_number": "1859",
      "gefahrenzahl": "268",
      "klasse": "2",
      "bezeichnung": "Siliciumtetrafluorid, verdichtet"
    },
    {
      "un_number": "1860",
      "gefahrenzahl": "239",
      "klasse": "2",
      "bezeichnung": "Vinylfluorid, stabilisiert"
    },
    {
      "un_number": "1862",
      "gefahrenzahl": "33",
      "klasse": "3",
      "bezeichnung": "Ethylcrotonat"
    },
    {
      "un_number": "1863",
      "gefahrenzahl": "30 + 33",
      "klasse": "3",
      "bezeichnung": "Düsenkraftstoff, Dampfdruck bei 50 °C größer als 110 kPa z. B. Jet A1"
    },
    {
      "un_number": "1865",
      "gefahrenzahl": "33",
      "klasse": "3",
      "bezeichnung": "n-Propylnitrat"
    },
    {
      "un_number": "1866",
      "gefahrenzahl": "30 + 33",
      "klasse": "3",
      "bezeichnung": "Harzlösung, entzündbar"
    },
    {
      "un_number": "1868",
      "gefahrenzahl": "46",
      "klasse": "4.1",
      "bezeichnung": "Decaboran"
    },
    {
      "un_number": "1869",
      "gefahrenzahl": "40",
      "klasse": "4.1",
      "bezeichnung": "Magnesium oder Magnesiumlegierungen, mit mehr als 50 % Magnesium, in Pellets, Spänen, Bändern"
    },
    {
      "un_number": "1870",
      "gefahrenzahl": "X423",
      "klasse": "4.3",
      "bezeichnung": "Kaliumborhydrid"
    },
    {
      "un_number": "1871",
      "gefahrenzahl": "40",
      "klasse": "4.1",
      "bezeichnung": "Titanhydrid"
    },
    {
      "un_number": "1872",
      "gefahrenzahl": "56",
      "klasse": "5.1",
      "bezeichnung": "Bleidioxid"
    },
    {
      "un_number": "1873",
      "gefahrenzahl": "558",
      "klasse": "5.1",
      "bezeichnung": "Perchlorsäure, mit mehr als 50 Masse-%, aber höchstens 72 Masse-% Säure"
    },
    {
      "un_number": "1884",
      "gefahrenzahl": "60",
      "klasse": "6.1",
      "bezeichnung": "Bariumoxid"
    },
    {
      "un_number": "1885",
      "gefahrenzahl": "60",
      "klasse": "6.1",
      "bezeichnung": "Benzidin"
    },
    {
      "un_number": "1886",
      "gefahrenzahl": "60",
      "klasse": "6.1",
      "bezeichnung": "Benzylidenchlorid"
    },
    {
      "un_number": "1887",
      "gefahrenzahl": "60",
      "klasse": "6.1",
      "bezeichnung": "Bromchlormethan"
    },
    {
      "un_number": "1888",
      "gefahrenzahl": "60",
      "klasse": "6.1",
      "bezeichnung": "Trichlormethan (Chloroform)"
    },
    {
      "un_number": "1889",
      "gefahrenzahl": "668",
      "klasse": "6.1",
      "bezeichnung": "Bromcyan"
    },
    {
      "un_number": "1891",
      "gefahrenzahl": "60",
      "klasse": "6.1",
      "bezeichnung": "Ethylbromid"
    },
    {
      "un_number": "1892",
      "gefahrenzahl": "66",
      "klasse": "6.1",
      "bezeichnung": "Ethyldichlorarsin"
    },
    {
      "un_number": "1894",
      "gefahrenzahl": "60",
      "klasse": "6.1",
      "bezeichnung": "Phenylquecksilber(II)-hydroxid"
    },
    {
      "un_number": "1895",
      "gefahrenzahl": "60",
      "klasse": "6.1",
      "bezeichnung": "Phenylquecksilber(II)-nitrat"
    },
    {
      "un_number": "1897",
      "gefahrenzahl": "60",
      "klasse": "6.1",
      "bezeichnung": "Tetrachlorethen (Perchlorethylen)"
    },
    {
      "un_number": "1898",
      "gefahrenzahl": "80",
      "klasse": "8",
      "bezeichnung": "Acetyliodid"
    }
  ]
}