{
  "title": "UN-Nummern 1900–1999",
  "generated": "2025-09-16",
  "count": 87,
  "columns": [
    "un_number",
    "gefahrenzahl",
    "klasse",
    "bezeichnung"
  ],
  "rows": [
    {
      "un_number": "1902",
      "gefahrenzahl": "80",
      "klasse": "8",
      "bezeichnung": "Diisooctylphosphat"
    },
    {
      "un_number": "1903",
      "gefahrenzahl": "80 + 88",
      "klasse": "8",
      "bezeichnung": "Desinfektionsmittel, flüssig, ätzend, N.A.G."
    },
    {
      "un_number": "1905",
      "gefahrenzahl": "88",
      "klasse": "8",
      "bezeichnung": "Selensäure"
    },
    {
      "un_number": "1906",
      "gefahrenzahl": "80",
      "klasse": "8",
      "bezeichnung": "Abfallschwefelsäure"
    },
    {
      "un_number": "1907",
      "gefahrenzahl": "80",
      "klasse": "8",
      "bezeichnung": "Natronkalk mit mehr als 4 % Natriumhydroxid"
    },
    {
      "un_number": "1908",
      "gefahrenzahl": "80",
      "klasse": "8",
      "bezeichnung": "Chloritlösungen"
    },
    {
      "un_number": "1910",
      "gefahrenzahl": null,
      "klasse": "8",
      "bezeichnung": "Calciumoxid (unterliegt nicht den Vorschriften des ADR)"
    },
    {
      "un_number": "1911",
      "gefahrenzahl": "263",
      "klasse": "2",
      "bezeichnung": "Diboran, verdichtet"
    },
    {
      "un_number": "1912",
      "gefahrenzahl": "23",
      "klasse": "2",
      "bezeichnung": "Methylchlorid und Dichlormethan, Gemisch"
    },
    {
      "un_number": "1913",
      "gefahrenzahl": "22",
      "klasse": "2",
      "bezeichnung": "Neon, tiefgekühlt, flüssig"
    },
    {
      "un_number": "1914",
      "gefahrenzahl": "30",
      "klasse": "3",
      "bezeichnung": "Butylpropionate"
    },
    {
      "un_number": "1915",
      "gefahrenzahl": "30",
      "klasse": "3",
      "bezeichnung": "Cyclohexanon"
    },
    {
      "un_number": "1916",
      "gefahrenzahl": "63",
      "klasse": "6.1",
      "bezeichnung": "2,2′-Dichlordiethylether"
    },
    {
      "un_number": "1917",
      "gefahrenzahl": "339",
      "klasse": "3",
      "bezeichnung": "Ethylacrylat, stabilisiert"
    },
    {
      "un_number": "1918",
      "gefahrenzahl": "30",
      "klasse": "3",
      "bezeichnung": "Isopropylbenzen"
    },
    {
      "un_number": "1919",
      "gefahrenzahl": "339",
      "klasse": "3",
      "bezeichnung": "Methylacrylat, stabilisiert"
    },
    {
      "un_number": "1920",
      "gefahrenzahl": "30",
      "klasse": "3",
      "bezeichnung": "Nonane"
    },
    {
      "un_number": "1921",
      "gefahrenzahl": "336",
      "klasse": "3",
      "bezeichnung": "Propylenimin, stabilisiert"
    },
    {
      "un_number": "1922",
      "gefahrenzahl": "338",
      "klasse": "3",
      "bezeichnung": "Pyrrolidin"
    },
    {
      "un_number": "1923",
      "gefahrenzahl": "40",
      "klasse": "4.2",
      "bezeichnung": "Calciumdithionit (Calciumhydrosulfit)"
    },
    {
      "un_number": "1928",
      "gefahrenzahl": "X323",
      "klasse": "4.3",
      "bezeichnung": "Methylmagnesiumbromid in Diethylether"
    },
    {
      "un_number": "1929",
      "gefahrenzahl": "40",
      "klasse": "4.2",
      "bezeichnung": "Kaliumdithionit (Kaliumhydrosulfit)"
    },
    {
      "un_number": "1931",
      "gefahrenzahl": "90",
      "klasse": "9",
      "bezeichnung": "Zinkdithionit"
    },
    {
      "un_number": "1932",
      "gefahrenzahl": "40",
      "klasse": "4.2",
      "bezeichnung": "Zirconiumabfall"
    },
    {
      "un_number": "1935",
      "gefahrenzahl": "60 + 66",
      "klasse": "6.1",
      "bezeichnung": "Cyanid, Lösung, N.A.G."
    },
    {
      "un_number": "1938",
      "gefahrenzahl": "80",
      "klasse": "8",
      "bezeichnung": "Bromessigsäure, Lösung"
    },
    {
      "un_number": "1939",
      "gefahrenzahl": "80",
      "klasse": "8",
      "bezeichnung": "Phosphoroxybromid"
    },
    {
      "un_number": "1940",
      "gefahrenzahl": "80",
      "klasse": "8",
      "bezeichnung": "Thioglycolsäure"
    },
    {
      "un_number": "1941",
      "gefahrenzahl": "90",
      "klasse": "9",
      "bezeichnung": "Dibromdifluormethan"
    },
    {
      "un_number": "1942",
      "gefahrenzahl": "50",
      "klasse": "5.1",
      "bezeichnung": "Ammoniumnitrat, mit höchstens 0,2 % brennbaren Stoffen (einschließlich organischer Stoffe als Kohlenstoff-Äquivalent) und frei von sonstigen zugesetzten Stoffen"
    },
    {
      "un_number": "1944",
      "gefahrenzahl": "40",
      "klasse": "4.1",
      "bezeichnung": "Sicherheitszündhölzer (Heftchen, Briefchen oder Schachteln)"
    },
    {
      "un_number": "1945",
      "gefahrenzahl": "40",
      "klasse": "4.1",
      "bezeichnung": "Wachszündhölzer"
    },
    {
      "un_number": "1950",
      "gefahrenzahl": "23",
      "klasse": "2",
      "bezeichnung": "Druckgaspackungen; entzündbar"
    },
    {
      "un_number": "1950",
      "gefahrenzahl": "238",
      "klasse": "2",
      "bezeichnung": "Druckgaspackungen; entzündbar, ätzend"
    },
    {
      "un_number": "1950",
      "gefahrenzahl": "20",
      "klasse": "2",
      "bezeichnung": "Druckgaspackungen; erstickend"
    },
    {
      "un_number": "1950",
      "gefahrenzahl": "26",
      "klasse": "2",
      "bezeichnung": "Druckgaspackungen; giftig"
    },
    {
      "un_number": "1950",
      "gefahrenzahl": "263",
      "klasse": "2",
      "bezeichnung": "Druckgaspackungen; giftig, entzündbar"
    },
    {
      "un_number": "1950",
      "gefahrenzahl": "263",
      "klasse": "2",
      "bezeichnung": "Druckgaspackungen; giftig, entzündbar, ätzend"
    },
    {
      "un_number": "1950",
      "gefahrenzahl": "25",
      "klasse": "2",
      "bezeichnung": "Druckgaspackungen; giftig, oxidierend"
    },
    {
      "un_number": "1950",
      "gefahrenzahl": "265",
      "klasse": "2",
      "bezeichnung": "Druckgaspackungen; giftig, oxidierend, ätzend"
    },
    {
      "un_number": "1950",
      "gefahrenzahl": "268",
      "klasse": "2",
      "bezeichnung": "Druckgaspackungen; giftig, ätzend"
    },
    {
      "un_number": "1950",
      "gefahrenzahl": "25",
      "klasse": "2",
      "bezeichnung": "Druckgaspackungen; oxidierend"
    },
    {
      "un_number": "1950",
      "gefahrenzahl": "28",
      "klasse": "2",
      "bezeichnung": "Druckgaspackungen; ätzend"
    },
    {
      "un_number": "1950",
      "gefahrenzahl": "285",
      "klasse": "2",
      "bezeichnung": "Druckgaspackungen; ätzend, oxidierend"
    },
    {
      "un_number": "1951",
      "gefahrenzahl": "22",
      "klasse": "2",
      "bezeichnung": "Argon, tiefgekühlt, flüssig"
    },
    {
      "un_number": "1952",
      "gefahrenzahl": "20",
      "klasse": "2",
      "bezeichnung": "Ethylenoxid und Kohlenstoffdioxid, Gemisch mit höchstens 9 % Ethylenoxid"
    },
    {
      "un_number": "1953",
      "gefahrenzahl": "263",
      "klasse": "2",
      "bezeichnung": "Verdichtetes Gas, giftig, entzündbar, N.A.G."
    },
    {
      "un_number": "1954",
      "gefahrenzahl": "23",
      "klasse": "2",
      "bezeichnung": "Verdichtetes Gas, entzündbar, N.A.G."
    },
    {
      "un_number": "1955",
      "gefahrenzahl": "26",
      "klasse": "2",
      "bezeichnung": "Verdichtetes Gas, giftig, N.A.G."
    },
    {
      "un_number": "1956",
      "gefahrenzahl": "20",
      "klasse": "2",
      "bezeichnung": "Verdichtetes Gas, N.A.G."
    },
    {
      "un_number": "1957",
      "gefahrenzahl": "23",
      "klasse": "2",
      "bezeichnung": "Deuterium, verdichtet"
    },
    {
      "un_number": "1958",
      "gefahrenzahl": "20",
      "klasse": "2",
      "bezeichnung": "1,2-Dichlor-1,1,2,2-tetrafluorethan (Gas als Kältemittel R 114)"
    },
    {
      "un_number": "1959",
      "gefahrenzahl": "239",
      "klasse": "2",
      "bezeichnung": "1,1-Difluorethylen (Gas als Kältemittel R 1132a)"
    },
    {
      "un_number": "1961",
      "gefahrenzahl": "223",
      "klasse": "2",
      "bezeichnung": "Ethan, tiefgekühlt, flüssig"
    },
    {
      "un_number": "1962",
      "gefahrenzahl": "23",
      "klasse": "2",
      "bezeichnung": "Ethen (Ethylen)"
    },
    {
      "un_number": "1963",
      "gefahrenzahl": "22",
      "klasse": "2",
      "bezeichnung": "Helium, tiefgekühlt, flüssig"
    },
    {
      "un_number": "1964",
      "gefahrenzahl": "23",
      "klasse": "2",
      "bezeichnung": "Kohlenwasserstoffgas, Gemisch, verdichtet, N.A.G."
    },
    {
      "un_number": "1965",
      "gefahrenzahl": "23",
      "klasse": "2",
      "bezeichnung": "Kohlenwasserstoffgas, Gemische, verflüssigt, N.A.G. (Gemisch A, A 01, A 02, A 0, A 1, B 1, B 2, B oder C)"
    },
    {
      "un_number": "1966",
      "gefahrenzahl": "223",
      "klasse": "2",
      "bezeichnung": "Wasserstoff, tiefgekühlt, flüssig"
    },
    {
      "un_number": "1967",
      "gefahrenzahl": "26",
      "klasse": "2",
      "bezeichnung": "Insektenbekämpfungsmittel, gasförmig, giftig, N.A.G."
    },
    {
      "un_number": "1968",
      "gefahrenzahl": "20",
      "klasse": "2",
      "bezeichnung": "Insektenbekämpfungsmittel, gasförmig, N.A.G."
    },
    {
      "un_number": "1969",
      "gefahrenzahl": "23",
      "klasse": "2",
      "bezeichnung": "Isobutan"
    },
    {
      "un_number": "1970",
      "gefahrenzahl": "22",
      "klasse": "2",
      "bezeichnung": "Krypton, tiefgekühlt, flüssig"
    },
    {
      "un_number": "1971",
      "gefahrenzahl": "23",
      "klasse": "2",
      "bezeichnung": "Methan, verdichtet oder Erdgas, verdichtet, mit hohem Methangehalt"
    },
    {
      "un_number": "1972",
      "gefahrenzahl": "223",
      "klasse": "2",
      "bezeichnung": "Methan, tiefgekühlt, flüssig oder Erdgas, tiefgekühlt, flüssig, mit hohem Methangehalt, LNG (Liquefied Natural Gas)"
    },
    {
      "un_number": "1973",
      "gefahrenzahl": "20",
      "klasse": "2",
      "bezeichnung": "Chlordifluormethan und Chlorpentafluorethan, Gemisch mit einem konstanten Siedepunkt mit rund 49 % Chlordifluormethan (Gas als Kältemittel R 502)"
    },
    {
      "un_number": "1974",
      "gefahrenzahl": "20",
      "klasse": "2",
      "bezeichnung": "Bromchlordifluormethan (Gas als Kältemittel R 12B1)"
    },
    {
      "un_number": "1975",
      "gefahrenzahl": "265",
      "klasse": "2",
      "bezeichnung": "Stickstoffmonoxid und Distickstofftetroxid Gemisch (Stickstoffmonoxid und Stickstoffdioxid Gemisch)"
    },
    {
      "un_number": "1976",
      "gefahrenzahl": "20",
      "klasse": "2",
      "bezeichnung": "Octafluorcyclobutan (Gas als Kältemittel RC 318)"
    },
    {
      "un_number": "1977",
      "gefahrenzahl": "22",
      "klasse": "2",
      "bezeichnung": "Stickstoff, tiefgekühlt, flüssig"
    },
    {
      "un_number": "1978",
      "gefahrenzahl": "23",
      "klasse": "2",
      "bezeichnung": "Propan"
    },
    {
      "un_number": "1979",
      "gefahrenzahl": "20",
      "klasse": "2",
      "bezeichnung": "Edelgase, Gemisch, verdichtet"
    },
    {
      "un_number": "1980",
      "gefahrenzahl": "20",
      "klasse": "2",
      "bezeichnung": "Edelgase und Sauerstoff, Gemisch, verdichtet"
    },
    {
      "un_number": "1981",
      "gefahrenzahl": "20",
      "klasse": "2",
      "bezeichnung": "Edelgase und Stickstoff, Gemisch, verdichtet"
    },
    {
      "un_number": "1982",
      "gefahrenzahl": "20",
      "klasse": "2",
      "bezeichnung": "Tetrafluormethan, verdichtet (Gas als Kältemittel R 14, verdichtet)"
    },
    {
      "un_number": "1983",
      "gefahrenzahl": "20",
      "klasse": "2",
      "bezeichnung": "1-Chlor-2,2,2-trifluorethan (Gas als Kältemittel R 133a)"
    },
    {
      "un_number": "1984",
      "gefahrenzahl": "20",
      "klasse": "2",
      "bezeichnung": "Trifluormethan (Gas als Kältemittel R 23)"
    },
    {
      "un_number": "1986",
      "gefahrenzahl": "36 + 336",
      "klasse": "3",
      "bezeichnung": "Alkohole, entzündbar, giftig, N.A.G."
    },
    {
      "un_number": "1987",
      "gefahrenzahl": "30 + 33",
      "klasse": "3",
      "bezeichnung": "Alkohole, N.A.G."
    },
    {
      "un_number": "1988",
      "gefahrenzahl": "36 + 336",
      "klasse": "3",
      "bezeichnung": "Aldehyde, entzündbar, giftig, N.A.G."
    },
    {
      "un_number": "1989",
      "gefahrenzahl": "33",
      "klasse": "3",
      "bezeichnung": "Aldehyde, N.A.G."
    },
    {
      "un_number": "1990",
      "gefahrenzahl": "90",
      "klasse": "9",
      "bezeichnung": "Benzaldehyd"
    },
    {
      "un_number": "1991",
      "gefahrenzahl": "336",
      "klasse": "3",
      "bezeichnung": "Chloropren, stabilisiert"
    },
    {
      "un_number": "1992",
      "gefahrenzahl": "36 + 336",
      "klasse": "3",
      "bezeichnung": "Entzündbarer, flüssiger Stoff, giftig, N.A.G."
    },
    {
      "un_number": "1993",
      "gefahrenzahl": "30 + 33",
      "klasse": "3",
      "bezeichnung": "Entzündbarer, flüssiger Stoff, N.A.G."
    },
    {
      "un_number": "1994",
      "gefahrenzahl": "663",
      "klasse": "6.1",
      "bezeichnung": "Eisenpentacarbonyl"
    },
    {
      "un_number": "1999",
      "gefahrenzahl": "30 + 33",
      "klasse": "3",
      "bezeichnung": "Teere, flüssig, einschließlich Straßenasphalt und Öle, Bitumen, und Cutback (Verschnittbitumen)"
    }
  ]
}