{
  "title": "UN-Nummern 2000–2099",
  "generated": "2025-09-16",
  "count": 68,
  "columns": [
    "un_number",
    "gefahrenzahl",
    "klasse",
    "bezeichnung"
  ],
  "rows": [
    {
      "un_number": "2000",
      "gefahrenzahl": "40",
      "klasse": "4.1",
      "bezeichnung": "Zelluloid, in Blöcken, Stangen, Platten, Rohren usw. (ausgenommen Abfälle)"
    },
    {
      "un_number": "2001",
      "gefahrenzahl": "40",
      "klasse": "4.1",
      "bezeichnung": "Cobaltnaphtenatpulver"
    },
    {
      "un_number": "2002",
      "gefahrenzahl": "40",
      "klasse": "4.2",
      "bezeichnung": "Zelluloid, Abfall"
    },
    {
      "un_number": "2003",
      "gefahrenzahl": "X333",
      "klasse": "4.2",
      "bezeichnung": "Metallalkyle, mit Wasser reagierend oder Metallaryle, mit Wasser reagierend"
    },
    {
      "un_number": "2004",
      "gefahrenzahl": "40",
      "klasse": "4.2",
      "bezeichnung": "Magnesiumdiamid"
    },
    {
      "un_number": "2005",
      "gefahrenzahl": "X333",
      "klasse": "4.2",
      "bezeichnung": "Diphenylmagnesium"
    },
    {
      "un_number": "2006",
      "gefahrenzahl": "40",
      "klasse": "4.2",
      "bezeichnung": "Kunststoffe auf Nitrocellulosebasis, selbsterhitzungsfähig, N.A.G."
    },
    {
      "un_number": "2008",
      "gefahrenzahl": "40",
      "klasse": "4.2",
      "bezeichnung": "Zirconiumpulver, trocken"
    },
    {
      "un_number": "2009",
      "gefahrenzahl": "40",
      "klasse": "4.2",
      "bezeichnung": "Zirconium, trocken, Bleche, Streifen oder gerollter Draht (dünner als 18 µm)"
    },
    {
      "un_number": "2010",
      "gefahrenzahl": "X423",
      "klasse": "4.3",
      "bezeichnung": "Magnesiumhydrid"
    },
    {
      "un_number": "2011",
      "gefahrenzahl": "X462",
      "klasse": "4.3",
      "bezeichnung": "Magnesiumphosphid"
    },
    {
      "un_number": "2012",
      "gefahrenzahl": "X462",
      "klasse": "4.3",
      "bezeichnung": "Kaliumphosphid"
    },
    {
      "un_number": "2013",
      "gefahrenzahl": "X462",
      "klasse": "4.3",
      "bezeichnung": "Strontiumphosphid"
    },
    {
      "un_number": "2014",
      "gefahrenzahl": "58",
      "klasse": "5.1",
      "bezeichnung": "Wasserstoffperoxid, wässrige Lösung mit mindestens 20 %, aber höchstens 60 % Wasserstoffperoxid (Stabilisierung nach Bedarf)"
    },
    {
      "un_number": "2015",
      "gefahrenzahl": "559",
      "klasse": "5.1",
      "bezeichnung": "Wasserstoffperoxid, wässrige Lösung, stabilisiert mit mehr als 60 % Wasserstoffperoxid"
    },
    {
      "un_number": "2016",
      "gefahrenzahl": "60",
      "klasse": "6.1",
      "bezeichnung": "Munition, giftig, nicht explosiv, ohne Zerleger oder Ausstoßladung, nicht scharf"
    },
    {
      "un_number": "2017",
      "gefahrenzahl": "68",
      "klasse": "6.1",
      "bezeichnung": "Munition, tränenerzeugend, nicht explosiv, ohne Zerleger oder Ausstoßladung, nicht scharf"
    },
    {
      "un_number": "2018",
      "gefahrenzahl": "60",
      "klasse": "6.1",
      "bezeichnung": "Chloraniline, fest"
    },
    {
      "un_number": "2019",
      "gefahrenzahl": "60",
      "klasse": "6.1",
      "bezeichnung": "Chloraniline, flüssig"
    },
    {
      "un_number": "2020",
      "gefahrenzahl": "60",
      "klasse": "6.1",
      "bezeichnung": "Chlorphenole, fest"
    },
    {
      "un_number": "2021",
      "gefahrenzahl": "60",
      "klasse": "6.1",
      "bezeichnung": "Chlorphenole, flüssig"
    },
    {
      "un_number": "2022",
      "gefahrenzahl": "68",
      "klasse": "6.1",
      "bezeichnung": "Cresylsäure"
    },
    {
      "un_number": "2023",
      "gefahrenzahl": "63",
      "klasse": "6.1",
      "bezeichnung": "Epichlorhydrin"
    },
    {
      "un_number": "2024",
      "gefahrenzahl": "60 + 66",
      "klasse": "6.1",
      "bezeichnung": "Quecksilberverbindung, flüssig, N.A.G."
    },
    {
      "un_number": "2025",
      "gefahrenzahl": "60 + 66",
      "klasse": "6.1",
      "bezeichnung": "Quecksilberverbindung, fest, N.A.G."
    },
    {
      "un_number": "2026",
      "gefahrenzahl": "60 + 66",
      "klasse": "6.1",
      "bezeichnung": "Phenylquecksilberverbindungen, N.A.G."
    },
    {
      "un_number": "2027",
      "gefahrenzahl": "60",
      "klasse": "6.1",
      "bezeichnung": "Natriumarsenit, fest"
    },
    {
      "un_number": "2028",
      "gefahrenzahl": "80",
      "klasse": "8",
      "bezeichnung": "Rauchbomben, Nebelbomben, nicht explosiv, ätzenden flüssigen Stoff enthaltend, ohne Zünder"
    },
    {
      "un_number": "2029",
      "gefahrenzahl": "886",
      "klasse": "8",
      "bezeichnung": "Hydrazin, wasserfrei"
    },
    {
      "un_number": "2030",
      "gefahrenzahl": "86",
      "klasse": "8",
      "bezeichnung": "Hydrazinhydrat oder Hydrazin, wässrige Lösung mit mindestens 37 Masse-%, aber höchstens 64 Masse-% Hydrazin"
    },
    {
      "un_number": "2031",
      "gefahrenzahl": "80",
      "klasse": "8",
      "bezeichnung": "Salpetersäure, andere als rotrauchend, mit höchstens 70 % Säure"
    },
    {
      "un_number": "2031",
      "gefahrenzahl": "885",
      "klasse": "8",
      "bezeichnung": "Salpetersäure, andere als rotrauchend, mit mehr als 70 % Säure"
    },
    {
      "un_number": "2032",
      "gefahrenzahl": "856",
      "klasse": "8",
      "bezeichnung": "Salpetersäure, rotrauchend"
    },
    {
      "un_number": "2033",
      "gefahrenzahl": "80",
      "klasse": "8",
      "bezeichnung": "Kaliummonoxid"
    },
    {
      "un_number": "2034",
      "gefahrenzahl": "23",
      "klasse": "2",
      "bezeichnung": "Wasserstoff und Methan, Gemisch, verdichtet"
    },
    {
      "un_number": "2035",
      "gefahrenzahl": "23",
      "klasse": "2",
      "bezeichnung": "1,1,1-Trifluorethan (Gas als Kältemittel R 143a)"
    },
    {
      "un_number": "2036",
      "gefahrenzahl": "20",
      "klasse": "2",
      "bezeichnung": "Xenon, verdichtet"
    },
    {
      "un_number": "2037",
      "gefahrenzahl": null,
      "klasse": "2",
      "bezeichnung": "Gefäße, klein, mit Gas (Gaspatronen), ohne Entnahmeeinrichtung, nicht nachfüllbar"
    },
    {
      "un_number": "2038",
      "gefahrenzahl": "60",
      "klasse": "6.1",
      "bezeichnung": "Dinitrotoluole, flüssig"
    },
    {
      "un_number": "2044",
      "gefahrenzahl": "23",
      "klasse": "2",
      "bezeichnung": "2,2-Dimethylpropan"
    },
    {
      "un_number": "2045",
      "gefahrenzahl": "33",
      "klasse": "3",
      "bezeichnung": "Isobutyraldehyd (Isobutanal)"
    },
    {
      "un_number": "2046",
      "gefahrenzahl": "30",
      "klasse": "3",
      "bezeichnung": "Cymole (Cymene)"
    },
    {
      "un_number": "2047",
      "gefahrenzahl": "30 + 33",
      "klasse": "3",
      "bezeichnung": "Dichlorpropene"
    },
    {
      "un_number": "2048",
      "gefahrenzahl": "30",
      "klasse": "3",
      "bezeichnung": "Dicyclopentadien"
    },
    {
      "un_number": "2049",
      "gefahrenzahl": "30",
      "klasse": "3",
      "bezeichnung": "Diethylbenzen"
    },
    {
      "un_number": "2050",
      "gefahrenzahl": "33",
      "klasse": "3",
      "bezeichnung": "Diisobutylen, isomere Verbindungen"
    },
    {
      "un_number": "2051",
      "gefahrenzahl": "83",
      "klasse": "8",
      "bezeichnung": "2-Dimethylaminoethanol"
    },
    {
      "un_number": "2052",
      "gefahrenzahl": "30",
      "klasse": "3",
      "bezeichnung": "Limonen (Dipenten)"
    },
    {
      "un_number": "2053",
      "gefahrenzahl": "30",
      "klasse": "3",
      "bezeichnung": "Methylisobutylcarbinol"
    },
    {
      "un_number": "2054",
      "gefahrenzahl": "883",
      "klasse": "8",
      "bezeichnung": "Morpholin"
    },
    {
      "un_number": "2055",
      "gefahrenzahl": "39",
      "klasse": "3",
      "bezeichnung": "Styrol, monomer, stabilisiert"
    },
    {
      "un_number": "2056",
      "gefahrenzahl": "33",
      "klasse": "3",
      "bezeichnung": "Tetrahydrofuran"
    },
    {
      "un_number": "2057",
      "gefahrenzahl": "30 + 33",
      "klasse": "3",
      "bezeichnung": "Tripropylen"
    },
    {
      "un_number": "2058",
      "gefahrenzahl": "33",
      "klasse": "3",
      "bezeichnung": "Valeraldehyd"
    },
    {
      "un_number": "2059",
      "gefahrenzahl": "30 + 33",
      "klasse": "3",
      "bezeichnung": "Zellulosenitrat (Nitrocellulose), Lösung, entzündbar"
    },
    {
      "un_number": "2067",
      "gefahrenzahl": "50",
      "klasse": "5.1",
      "bezeichnung": "Ammoniumnitrathaltige Düngemittel, Typ A1"
    },
    {
      "un_number": "2068",
      "gefahrenzahl": "50",
      "klasse": "5.1",
      "bezeichnung": "Ammoniumnitrathaltige Düngemittel, Typ A2"
    },
    {
      "un_number": "2069",
      "gefahrenzahl": "50",
      "klasse": "5.1",
      "bezeichnung": "Ammoniumnitrathaltige Düngemittel, Typ A3"
    },
    {
      "un_number": "2070",
      "gefahrenzahl": "50",
      "klasse": "5.1",
      "bezeichnung": "Ammoniumnitrathaltige Düngemittel, Typ A4"
    },
    {
      "un_number": "2071",
      "gefahrenzahl": null,
      "klasse": "9",
      "bezeichnung": "Ammoniumnitrathaltige Düngemittel (unterliegt nicht den Vorschriften des ADR)"
    },
    {
      "un_number": "2072",
      "gefahrenzahl": null,
      "klasse": "5.1",
      "bezeichnung": "Ammoniumnitrathaltige Düngemittel (Beförderung verboten)"
    },
    {
      "un_number": "2073",
      "gefahrenzahl": "20",
      "klasse": "2",
      "bezeichnung": "Ammoniaklösung in Wasser, relative Dichte kleiner als 0,880 kg/m<sup>−3</sup> bei 15 °C, mit mehr als 35 %, aber höchstens 50 % Ammoniak"
    },
    {
      "un_number": "2074",
      "gefahrenzahl": "60",
      "klasse": "6.1",
      "bezeichnung": "Acrylamid, fest"
    },
    {
      "un_number": "2075",
      "gefahrenzahl": "69",
      "klasse": "6.1",
      "bezeichnung": "Chloral, wasserfrei, stabilisiert"
    },
    {
      "un_number": "2076",
      "gefahrenzahl": "68",
      "klasse": "6.1",
      "bezeichnung": "Kresole, flüssig oder fest"
    },
    {
      "un_number": "2077",
      "gefahrenzahl": "60",
      "klasse": "6.1",
      "bezeichnung": "alpha-Naphthylamin"
    },
    {
      "un_number": "2078",
      "gefahrenzahl": "60",
      "klasse": "6.1",
      "bezeichnung": "Toluol-2,4-diisocyanat"
    },
    {
      "un_number": "2079",
      "gefahrenzahl": "80",
      "klasse": "8",
      "bezeichnung": "Diethylentriamin"
    }
  ]
}