{
  "title": "UN-Nummern 2100–2199",
  "generated": "2025-09-16",
  "count": 14,
  "columns": [
    "un_number",
    "gefahrenzahl",
    "klasse",
    "bezeichnung"
  ],
  "rows": [
    {
      "un_number": "2186",
      "gefahrenzahl": null,
      "klasse": "2",
      "bezeichnung": "Chlorwasserstoff, tiefgekühlt, flüssig [Beförderung verboten]"
    },
    {
      "un_number": "2187",
      "gefahrenzahl": "22",
      "klasse": "2",
      "bezeichnung": "Kohlenstoffdioxid, tiefgekühlt, flüssig"
    },
    {
      "un_number": "2188",
      "gefahrenzahl": null,
      "klasse": "2",
      "bezeichnung": "Diphenylaminochlorarsin"
    },
    {
      "un_number": "2189",
      "gefahrenzahl": "263",
      "klasse": "2",
      "bezeichnung": "Dimethyldichlorsilan"
    },
    {
      "un_number": "2190",
      "gefahrenzahl": null,
      "klasse": "2",
      "bezeichnung": "Sauerstoffdifluorid, verdichtet"
    },
    {
      "un_number": "2191",
      "gefahrenzahl": "26",
      "klasse": "2",
      "bezeichnung": "Sulfurylfluorid"
    },
    {
      "un_number": "2192",
      "gefahrenzahl": null,
      "klasse": "2",
      "bezeichnung": "Germane (Germaniumwasserstoff)"
    },
    {
      "un_number": "2193",
      "gefahrenzahl": "20",
      "klasse": "2",
      "bezeichnung": "Hexafluorethan, verdichtet (Gas als Kältemittel R 116, verdichtet)"
    },
    {
      "un_number": "2194",
      "gefahrenzahl": null,
      "klasse": "2",
      "bezeichnung": "Selenhexafluorid"
    },
    {
      "un_number": "2195",
      "gefahrenzahl": null,
      "klasse": "2",
      "bezeichnung": "Tellurhexafluorid"
    },
    {
      "un_number": "2196",
      "gefahrenzahl": null,
      "klasse": "2",
      "bezeichnung": "Wolframhexafluorid"
    },
    {
      "un_number": "2197",
      "gefahrenzahl": "268",
      "klasse": "2",
      "bezeichnung": "Iodwasserstoff, wasserfrei"
    },
    {
      "un_number": "2198",
      "gefahrenzahl": null,
      "klasse": "2",
      "bezeichnung": "Phosphorpentafluorid, verdichtet"
    },
    {
      "un_number": "2199",
      "gefahrenzahl": null,
      "klasse": "2",
      "bezeichnung": "Phosphorwasserstoff (Phosphin)"
    }
  ]
}