{
  "title": "UN-Nummern 2200–2299",
  "generated": "2025-09-16",
  "count": 89,
  "columns": [
    "un_number",
    "gefahrenzahl",
    "klasse",
    "bezeichnung"
  ],
  "rows": [
    {
      "un_number": "2200",
      "gefahrenzahl": "239",
      "klasse": "2",
      "bezeichnung": "Propadien, stabilisiert"
    },
    {
      "un_number": "2201",
      "gefahrenzahl": "225",
      "klasse": "2",
      "bezeichnung": "Lachgas (Distickstoffmonoxid), tiefgekühlt, flüssig"
    },
    {
      "un_number": "2202",
      "gefahrenzahl": null,
      "klasse": "2",
      "bezeichnung": "Selenwasserstoff, wasserfrei"
    },
    {
      "un_number": "2203",
      "gefahrenzahl": "23",
      "klasse": "2",
      "bezeichnung": "Dimethyldichlorsilane, verdichtet"
    },
    {
      "un_number": "2204",
      "gefahrenzahl": "263",
      "klasse": "2",
      "bezeichnung": "Carbonylsulfid"
    },
    {
      "un_number": "2205",
      "gefahrenzahl": "60",
      "klasse": "6.1",
      "bezeichnung": "Adiponitril"
    },
    {
      "un_number": "2206",
      "gefahrenzahl": "60",
      "klasse": "6.1",
      "bezeichnung": "Isocyanate, giftig, N.A.G. oder Isocyanat, Lösung, giftig, N.A.G."
    },
    {
      "un_number": "2208",
      "gefahrenzahl": "50",
      "klasse": "5.1",
      "bezeichnung": "Calciumhypochlorit, Mischung, trocken, mit mehr als 10 %, aber höchstens 39 % aktivem Chlor"
    },
    {
      "un_number": "2209",
      "gefahrenzahl": "80",
      "klasse": "8",
      "bezeichnung": "Formaldehydlösung mit mindestens 25 % Formaldehyd"
    },
    {
      "un_number": "2210",
      "gefahrenzahl": "40",
      "klasse": "4.2",
      "bezeichnung": "Maneb oder Manebzubereitungen mit mindestens 60 Masse-% Maneb"
    },
    {
      "un_number": "2211",
      "gefahrenzahl": "90",
      "klasse": "9",
      "bezeichnung": "Schäumbare Polymerkügelchen, entzündbare Dämpfe abgebend"
    },
    {
      "un_number": "2212",
      "gefahrenzahl": "90",
      "klasse": "9",
      "bezeichnung": "Asbest, Amphibol (Amosit, Tremolit, Aktinolith, Anthophyllit, Krokydolith Mysorit)"
    },
    {
      "un_number": "2213",
      "gefahrenzahl": "40",
      "klasse": "4.1",
      "bezeichnung": "Paraformaldehyd"
    },
    {
      "un_number": "2214",
      "gefahrenzahl": "80",
      "klasse": "8",
      "bezeichnung": "Phthalsäureanhydrid mit mehr als 0,05 % Maleinsäureanhydrid"
    },
    {
      "un_number": "2215",
      "gefahrenzahl": "80",
      "klasse": "8",
      "bezeichnung": "Maleinsäureanhydrid, geschmolzen"
    },
    {
      "un_number": "2216",
      "gefahrenzahl": null,
      "klasse": "9",
      "bezeichnung": "Fischmehl (Fischabfälle), stabilisiert (unterliegt nicht den Vorschriften des ADR)"
    },
    {
      "un_number": "2217",
      "gefahrenzahl": "40",
      "klasse": "4.2",
      "bezeichnung": "Ölsaatkuchen mit höchstens 1,5 Masse-% Öl und höchstens 11 Masse-% Feuchtigkeit"
    },
    {
      "un_number": "2218",
      "gefahrenzahl": "839",
      "klasse": "8",
      "bezeichnung": "Acrylsäure, stabilisiert"
    },
    {
      "un_number": "2219",
      "gefahrenzahl": "30",
      "klasse": "3",
      "bezeichnung": "Allylglycidylether"
    },
    {
      "un_number": "2222",
      "gefahrenzahl": "30",
      "klasse": "3",
      "bezeichnung": "Anisol"
    },
    {
      "un_number": "2224",
      "gefahrenzahl": "60",
      "klasse": "6.1",
      "bezeichnung": "Benzonitril"
    },
    {
      "un_number": "2225",
      "gefahrenzahl": "80",
      "klasse": "8",
      "bezeichnung": "Benzensulfonylchlorid"
    },
    {
      "un_number": "2226",
      "gefahrenzahl": "80",
      "klasse": "8",
      "bezeichnung": "Benzotrichlorid"
    },
    {
      "un_number": "2227",
      "gefahrenzahl": "39",
      "klasse": "3",
      "bezeichnung": "n-Butylmethacrylat, stabilisiert"
    },
    {
      "un_number": "2232",
      "gefahrenzahl": "66",
      "klasse": "6.1",
      "bezeichnung": "2-Chlorethanal"
    },
    {
      "un_number": "2233",
      "gefahrenzahl": "60",
      "klasse": "6.1",
      "bezeichnung": "Chloranisidine"
    },
    {
      "un_number": "2234",
      "gefahrenzahl": "30",
      "klasse": "3",
      "bezeichnung": "Chlorbenzotrifluoride"
    },
    {
      "un_number": "2235",
      "gefahrenzahl": "60",
      "klasse": "6.1",
      "bezeichnung": "Chlorbenzylchloride, flüssig"
    },
    {
      "un_number": "2236",
      "gefahrenzahl": "60",
      "klasse": "6.1",
      "bezeichnung": "3-Chlor-4-methylphenylisocyanat, flüssig"
    },
    {
      "un_number": "2237",
      "gefahrenzahl": "60",
      "klasse": "6.1",
      "bezeichnung": "Chlornitroaniline"
    },
    {
      "un_number": "2238",
      "gefahrenzahl": "30",
      "klasse": "3",
      "bezeichnung": "Chlortoluole"
    },
    {
      "un_number": "2239",
      "gefahrenzahl": "60",
      "klasse": "6.1",
      "bezeichnung": "Chlortoluidine, fest"
    },
    {
      "un_number": "2240",
      "gefahrenzahl": "88",
      "klasse": "8",
      "bezeichnung": "Chromschwefelsäure"
    },
    {
      "un_number": "2241",
      "gefahrenzahl": "33",
      "klasse": "3",
      "bezeichnung": "Cycloheptan"
    },
    {
      "un_number": "2242",
      "gefahrenzahl": "33",
      "klasse": "3",
      "bezeichnung": "Cyclohepten"
    },
    {
      "un_number": "2243",
      "gefahrenzahl": "30",
      "klasse": "3",
      "bezeichnung": "Cyclohexylacetat"
    },
    {
      "un_number": "2244",
      "gefahrenzahl": "30",
      "klasse": "3",
      "bezeichnung": "Cyclopentanol"
    },
    {
      "un_number": "2245",
      "gefahrenzahl": "30",
      "klasse": "3",
      "bezeichnung": "Cyclopentanon"
    },
    {
      "un_number": "2246",
      "gefahrenzahl": "33",
      "klasse": "3",
      "bezeichnung": "Cyclopenten"
    },
    {
      "un_number": "2247",
      "gefahrenzahl": "30",
      "klasse": "3",
      "bezeichnung": "n-Decan"
    },
    {
      "un_number": "2248",
      "gefahrenzahl": "83",
      "klasse": "8",
      "bezeichnung": "Di-n-Butylamin"
    },
    {
      "un_number": "2249",
      "gefahrenzahl": null,
      "klasse": "6.1",
      "bezeichnung": "Dichlordimethylether, symmetrisch (Beförderung verboten)"
    },
    {
      "un_number": "2250",
      "gefahrenzahl": "60",
      "klasse": "6.1",
      "bezeichnung": "Dichlorphenylisocyanate"
    },
    {
      "un_number": "2251",
      "gefahrenzahl": "339",
      "klasse": "3",
      "bezeichnung": "Bicyclo-(2,2,1)-hepta-2,5-dien, stabilisiert (Norbornan-2,5-dien, stabilisiert)"
    },
    {
      "un_number": "2252",
      "gefahrenzahl": "33",
      "klasse": "3",
      "bezeichnung": "1,2-Dimethoxyethan"
    },
    {
      "un_number": "2253",
      "gefahrenzahl": "60",
      "klasse": "6.1",
      "bezeichnung": "''N'',''N''-Dimethylanilin"
    },
    {
      "un_number": "2254",
      "gefahrenzahl": null,
      "klasse": "4.1",
      "bezeichnung": "Sturmzündhölzer"
    },
    {
      "un_number": "2256",
      "gefahrenzahl": "33",
      "klasse": "3",
      "bezeichnung": "Cyclohexen"
    },
    {
      "un_number": "2257",
      "gefahrenzahl": "X423",
      "klasse": "4.3",
      "bezeichnung": "Kalium"
    },
    {
      "un_number": "2258",
      "gefahrenzahl": "83",
      "klasse": "8",
      "bezeichnung": "1,2-Propylendiamin"
    },
    {
      "un_number": "2259",
      "gefahrenzahl": "80",
      "klasse": "8",
      "bezeichnung": "Triethylentetramin"
    },
    {
      "un_number": "2260",
      "gefahrenzahl": "38",
      "klasse": "3",
      "bezeichnung": "Tripropylamin"
    },
    {
      "un_number": "2261",
      "gefahrenzahl": "60",
      "klasse": "6.1",
      "bezeichnung": "Xylenole, fest"
    },
    {
      "un_number": "2262",
      "gefahrenzahl": "80",
      "klasse": "8",
      "bezeichnung": "N,N-Dimethylcarbamoylchlorid"
    },
    {
      "un_number": "2263",
      "gefahrenzahl": "33",
      "klasse": "3",
      "bezeichnung": "Dimethylcyclohexane"
    },
    {
      "un_number": "2264",
      "gefahrenzahl": "83",
      "klasse": "8",
      "bezeichnung": "N,N-Dimethylcyclohexylamin"
    },
    {
      "un_number": "2265",
      "gefahrenzahl": "30",
      "klasse": "3",
      "bezeichnung": "N,N-Dimethylformamid"
    },
    {
      "un_number": "2266",
      "gefahrenzahl": "338",
      "klasse": "3",
      "bezeichnung": "Dimethyl-n-propylamin"
    },
    {
      "un_number": "2267",
      "gefahrenzahl": "68",
      "klasse": "6.1",
      "bezeichnung": "Dimethylthiophosphorylchlorid"
    },
    {
      "un_number": "2269",
      "gefahrenzahl": "80",
      "klasse": "8",
      "bezeichnung": "3,3′-Iminobispropylamin"
    },
    {
      "un_number": "2270",
      "gefahrenzahl": "338",
      "klasse": "3",
      "bezeichnung": "Ethylamin, wässrige Lösung mit mindestens 50 Masse-% und höchstens 70 Masse-% Ethylamin"
    },
    {
      "un_number": "2271",
      "gefahrenzahl": "30",
      "klasse": "3",
      "bezeichnung": "Ethylamylketon"
    },
    {
      "un_number": "2272",
      "gefahrenzahl": "60",
      "klasse": "6.1",
      "bezeichnung": "''N''-Ethylanilin"
    },
    {
      "un_number": "2273",
      "gefahrenzahl": "60",
      "klasse": "6-1",
      "bezeichnung": "2-Ethylanilin"
    },
    {
      "un_number": "2274",
      "gefahrenzahl": "60",
      "klasse": "6.1",
      "bezeichnung": "''N''-Ethyl-''N''-benzylanilin"
    },
    {
      "un_number": "2275",
      "gefahrenzahl": "30",
      "klasse": "3",
      "bezeichnung": "2-Ethylbutanol"
    },
    {
      "un_number": "2276",
      "gefahrenzahl": "38",
      "klasse": "3",
      "bezeichnung": "2-Ethylhexylamin"
    },
    {
      "un_number": "2277",
      "gefahrenzahl": "339",
      "klasse": "3",
      "bezeichnung": "Ethylmethacrylat"
    },
    {
      "un_number": "2278",
      "gefahrenzahl": "33",
      "klasse": "3",
      "bezeichnung": "''n''-Hepten"
    },
    {
      "un_number": "2279",
      "gefahrenzahl": "60",
      "klasse": "6.1",
      "bezeichnung": "Hexachlorbutadien"
    },
    {
      "un_number": "2280",
      "gefahrenzahl": "80",
      "klasse": "8",
      "bezeichnung": "Hexamethylendiamin, fest"
    },
    {
      "un_number": "2281",
      "gefahrenzahl": "60",
      "klasse": "6.1",
      "bezeichnung": "Hexamethylendiisocyanat"
    },
    {
      "un_number": "2282",
      "gefahrenzahl": "30",
      "klasse": "3.",
      "bezeichnung": "Hexanole"
    },
    {
      "un_number": "2283",
      "gefahrenzahl": "39",
      "klasse": "3",
      "bezeichnung": "Isobutylmethacrylat, stabilisiert"
    },
    {
      "un_number": "2284",
      "gefahrenzahl": "336",
      "klasse": "3",
      "bezeichnung": "Isobutyronitril"
    },
    {
      "un_number": "2285",
      "gefahrenzahl": "63",
      "klasse": "6.1",
      "bezeichnung": "Isocyanatobenzotrifluoride"
    },
    {
      "un_number": "2286",
      "gefahrenzahl": "30",
      "klasse": "3",
      "bezeichnung": "Pentamethylheptan"
    },
    {
      "un_number": "2287",
      "gefahrenzahl": "33",
      "klasse": "3",
      "bezeichnung": "Isoheptene"
    },
    {
      "un_number": "2288",
      "gefahrenzahl": "33",
      "klasse": "3",
      "bezeichnung": "Isohexene"
    },
    {
      "un_number": "2289",
      "gefahrenzahl": "80",
      "klasse": "8",
      "bezeichnung": "Isophorondiamin"
    },
    {
      "un_number": "2290",
      "gefahrenzahl": "60",
      "klasse": "6.1",
      "bezeichnung": "Isophorondiisocyanat"
    },
    {
      "un_number": "2291",
      "gefahrenzahl": "60",
      "klasse": "6.1",
      "bezeichnung": "Bleiverbindung, löslich, N.A.G."
    },
    {
      "un_number": "2293",
      "gefahrenzahl": "30",
      "klasse": "3",
      "bezeichnung": "4-Methoxy-4-methylpentan-2-on"
    },
    {
      "un_number": "2294",
      "gefahrenzahl": "60",
      "klasse": "6.1",
      "bezeichnung": "''N''-Methylanilin"
    },
    {
      "un_number": "2295",
      "gefahrenzahl": "663",
      "klasse": "6.1",
      "bezeichnung": "Methylchloracetat"
    },
    {
      "un_number": "2296",
      "gefahrenzahl": "33",
      "klasse": "3",
      "bezeichnung": "Methylcyclohexan"
    },
    {
      "un_number": "2297",
      "gefahrenzahl": "30",
      "klasse": "3",
      "bezeichnung": "2-Methylcyclohexanon"
    },
    {
      "un_number": "2298",
      "gefahrenzahl": "33",
      "klasse": "3",
      "bezeichnung": "Methylcyclopentan"
    },
    {
      "un_number": "2299",
      "gefahrenzahl": "60",
      "klasse": "6.1",
      "bezeichnung": "Methyldichloracetat"
    }
  ]
}