{
  "title": "UN-Nummern 2300–2399",
  "generated": "2025-09-16",
  "count": 95,
  "columns": [
    "un_number",
    "gefahrenzahl",
    "klasse",
    "bezeichnung"
  ],
  "rows": [
    {
      "un_number": "2300",
      "gefahrenzahl": "60",
      "klasse": "6.1",
      "bezeichnung": "2-Methyl-5-ethylpyridin"
    },
    {
      "un_number": "2301",
      "gefahrenzahl": "33",
      "klasse": "3",
      "bezeichnung": "2-Methylfuran"
    },
    {
      "un_number": "2302",
      "gefahrenzahl": "30",
      "klasse": "3",
      "bezeichnung": "5-Methylhexan-2-on"
    },
    {
      "un_number": "2303",
      "gefahrenzahl": "30",
      "klasse": "3",
      "bezeichnung": "Isopropenylbenzen"
    },
    {
      "un_number": "2304",
      "gefahrenzahl": "44",
      "klasse": "4.1",
      "bezeichnung": "Naphthalin, geschmolzen"
    },
    {
      "un_number": "2305",
      "gefahrenzahl": "80",
      "klasse": "8",
      "bezeichnung": "Trinitrobenzensulfonsäure"
    },
    {
      "un_number": "2306",
      "gefahrenzahl": "60",
      "klasse": "6.1",
      "bezeichnung": "Nitrobenzotrifluoride, flüssig"
    },
    {
      "un_number": "2307",
      "gefahrenzahl": "60",
      "klasse": "6.1",
      "bezeichnung": "3-Nitro-4-chlorbenzotrifluorid"
    },
    {
      "un_number": "2308",
      "gefahrenzahl": "X80",
      "klasse": "8",
      "bezeichnung": "Nitrosylschwefelsäure, flüssig"
    },
    {
      "un_number": "2309",
      "gefahrenzahl": "33",
      "klasse": "3",
      "bezeichnung": "Octadiene"
    },
    {
      "un_number": "2310",
      "gefahrenzahl": "36",
      "klasse": "3",
      "bezeichnung": "Pentan-2,4-dion"
    },
    {
      "un_number": "2311",
      "gefahrenzahl": "60",
      "klasse": "6.1",
      "bezeichnung": "Phenetidine"
    },
    {
      "un_number": "2312",
      "gefahrenzahl": "60",
      "klasse": "6.1",
      "bezeichnung": "Phenol, geschmolzen"
    },
    {
      "un_number": "2313",
      "gefahrenzahl": "30",
      "klasse": "3",
      "bezeichnung": "Picoline"
    },
    {
      "un_number": "2315",
      "gefahrenzahl": "90",
      "klasse": "9",
      "bezeichnung": "Polychlorierte Biphenyle, flüssig"
    },
    {
      "un_number": "2316",
      "gefahrenzahl": "66",
      "klasse": "6.1",
      "bezeichnung": "Natriumkupfer(I)-cyanid, fest"
    },
    {
      "un_number": "2317",
      "gefahrenzahl": "66",
      "klasse": "6.1",
      "bezeichnung": "Natriumkupfer(I)-cyanid, Lösung"
    },
    {
      "un_number": "2318",
      "gefahrenzahl": "40",
      "klasse": "4.2",
      "bezeichnung": "Natriumhydrogensulfid mit weniger als 25 % Kristallwasser"
    },
    {
      "un_number": "2319",
      "gefahrenzahl": "30",
      "klasse": "3",
      "bezeichnung": "Terpenkohlenwasserstoffe, N.A.G."
    },
    {
      "un_number": "2320",
      "gefahrenzahl": "80",
      "klasse": "8",
      "bezeichnung": "Tetraethylenpentamin"
    },
    {
      "un_number": "2321",
      "gefahrenzahl": "60",
      "klasse": "6.1",
      "bezeichnung": "Trichlorbenzole, flüssig"
    },
    {
      "un_number": "2322",
      "gefahrenzahl": "60",
      "klasse": "6.1",
      "bezeichnung": "Trichlorbuten"
    },
    {
      "un_number": "2323",
      "gefahrenzahl": "30",
      "klasse": "3",
      "bezeichnung": "Triethylphosphit"
    },
    {
      "un_number": "2324",
      "gefahrenzahl": "30",
      "klasse": "3",
      "bezeichnung": "Triisobutylen"
    },
    {
      "un_number": "2325",
      "gefahrenzahl": "30",
      "klasse": "3",
      "bezeichnung": "1,3,5-Trimethylbenzen"
    },
    {
      "un_number": "2326",
      "gefahrenzahl": "80",
      "klasse": "8",
      "bezeichnung": "Trimethylcyclohexylamin"
    },
    {
      "un_number": "2327",
      "gefahrenzahl": "80",
      "klasse": "8",
      "bezeichnung": "Trimethylhexamethylendiamine"
    },
    {
      "un_number": "2328",
      "gefahrenzahl": "60",
      "klasse": "6.1",
      "bezeichnung": "Trimethylhexamethylendiisocyanat (und isomere Gemische)"
    },
    {
      "un_number": "2329",
      "gefahrenzahl": "30",
      "klasse": "3",
      "bezeichnung": "Trimethylphosphit"
    },
    {
      "un_number": "2330",
      "gefahrenzahl": "30",
      "klasse": "3",
      "bezeichnung": "Undecan"
    },
    {
      "un_number": "2331",
      "gefahrenzahl": "80",
      "klasse": "8",
      "bezeichnung": "Zinkchlorid, wasserfrei"
    },
    {
      "un_number": "2332",
      "gefahrenzahl": "30",
      "klasse": "3",
      "bezeichnung": "Acetaldehydoxim"
    },
    {
      "un_number": "2333",
      "gefahrenzahl": "336",
      "klasse": "3",
      "bezeichnung": "Allylacetat"
    },
    {
      "un_number": "2334",
      "gefahrenzahl": "663",
      "klasse": "6.1",
      "bezeichnung": "Allylamin"
    },
    {
      "un_number": "2335",
      "gefahrenzahl": "336",
      "klasse": "3",
      "bezeichnung": "Allylethylether"
    },
    {
      "un_number": "2336",
      "gefahrenzahl": "336",
      "klasse": "3",
      "bezeichnung": "Allylformiat"
    },
    {
      "un_number": "2337",
      "gefahrenzahl": "663",
      "klasse": "6.1",
      "bezeichnung": "Phenylmercaptan"
    },
    {
      "un_number": "2338",
      "gefahrenzahl": "33",
      "klasse": "3",
      "bezeichnung": "Chlorbenzotrifluoride"
    },
    {
      "un_number": "2339",
      "gefahrenzahl": "33",
      "klasse": "3",
      "bezeichnung": "2-Brombutan"
    },
    {
      "un_number": "2340",
      "gefahrenzahl": "33",
      "klasse": "3",
      "bezeichnung": "2-Bromethylethylether"
    },
    {
      "un_number": "2341",
      "gefahrenzahl": "30",
      "klasse": "3",
      "bezeichnung": "1-Brom-3-methylbutan"
    },
    {
      "un_number": "2342",
      "gefahrenzahl": "33",
      "klasse": "3",
      "bezeichnung": "Brommethylpropan"
    },
    {
      "un_number": "2343",
      "gefahrenzahl": "33",
      "klasse": "3",
      "bezeichnung": "2-Brompentan"
    },
    {
      "un_number": "2344",
      "gefahrenzahl": "33",
      "klasse": "3",
      "bezeichnung": "Brompropan"
    },
    {
      "un_number": "2345",
      "gefahrenzahl": "30",
      "klasse": "3",
      "bezeichnung": "3-Brompropin"
    },
    {
      "un_number": "2346",
      "gefahrenzahl": "33",
      "klasse": "3",
      "bezeichnung": "Butandion"
    },
    {
      "un_number": "2347",
      "gefahrenzahl": "33",
      "klasse": "3",
      "bezeichnung": "Butylmercaptan"
    },
    {
      "un_number": "2348",
      "gefahrenzahl": "39",
      "klasse": "3",
      "bezeichnung": "Acrylsäurebutylester (Butylacrylat), stabilisiert"
    },
    {
      "un_number": "2350",
      "gefahrenzahl": "33",
      "klasse": "3",
      "bezeichnung": "Butylmethylether"
    },
    {
      "un_number": "2351",
      "gefahrenzahl": "30 + 33",
      "klasse": "3",
      "bezeichnung": "Butylnitrit"
    },
    {
      "un_number": "2352",
      "gefahrenzahl": "339",
      "klasse": "3",
      "bezeichnung": "Vinyisobutylether, stabilisiert"
    },
    {
      "un_number": "2353",
      "gefahrenzahl": "338",
      "klasse": "3",
      "bezeichnung": "Butyrylchlorid"
    },
    {
      "un_number": "2354",
      "gefahrenzahl": "336",
      "klasse": "3",
      "bezeichnung": "Chlormethylethylether"
    },
    {
      "un_number": "2356",
      "gefahrenzahl": "33",
      "klasse": "3",
      "bezeichnung": "2-Chlorpropan"
    },
    {
      "un_number": "2357",
      "gefahrenzahl": "83",
      "klasse": "8",
      "bezeichnung": "Cyclohexylamin"
    },
    {
      "un_number": "2358",
      "gefahrenzahl": "33",
      "klasse": "3",
      "bezeichnung": "Cyclooctatetraen"
    },
    {
      "un_number": "2359",
      "gefahrenzahl": "338",
      "klasse": "3",
      "bezeichnung": "Diallylamin"
    },
    {
      "un_number": "2360",
      "gefahrenzahl": "336",
      "klasse": "3",
      "bezeichnung": "Diallylether"
    },
    {
      "un_number": "2361",
      "gefahrenzahl": "38",
      "klasse": "3",
      "bezeichnung": "Diisobutylamin"
    },
    {
      "un_number": "2362",
      "gefahrenzahl": "33",
      "klasse": "3",
      "bezeichnung": "1,1-Dichlorethan"
    },
    {
      "un_number": "2363",
      "gefahrenzahl": "33",
      "klasse": "3",
      "bezeichnung": "Methanthiol (Methylmercaptan)"
    },
    {
      "un_number": "2364",
      "gefahrenzahl": "30",
      "klasse": "3",
      "bezeichnung": "''n''-Propylbenzen"
    },
    {
      "un_number": "2366",
      "gefahrenzahl": "30",
      "klasse": "3",
      "bezeichnung": "Diethylcarbonat"
    },
    {
      "un_number": "2367",
      "gefahrenzahl": "33",
      "klasse": "3",
      "bezeichnung": "alpha-Methylvaleraldehyd"
    },
    {
      "un_number": "2368",
      "gefahrenzahl": "30",
      "klasse": "3",
      "bezeichnung": "α-Pinen"
    },
    {
      "un_number": "2370",
      "gefahrenzahl": "33",
      "klasse": "3",
      "bezeichnung": "Hex-1-en"
    },
    {
      "un_number": "2371",
      "gefahrenzahl": "33",
      "klasse": "3",
      "bezeichnung": "Isopentene"
    },
    {
      "un_number": "2372",
      "gefahrenzahl": "33",
      "klasse": "3",
      "bezeichnung": "1,2-Di(dimethylamino)ethan"
    },
    {
      "un_number": "2373",
      "gefahrenzahl": "33",
      "klasse": "3",
      "bezeichnung": "Diethoxymethan"
    },
    {
      "un_number": "2374",
      "gefahrenzahl": "33",
      "klasse": "3",
      "bezeichnung": "3,3-Diethoxypropen"
    },
    {
      "un_number": "2375",
      "gefahrenzahl": "33",
      "klasse": "3",
      "bezeichnung": "Diethylsulfid"
    },
    {
      "un_number": "2376",
      "gefahrenzahl": "33",
      "klasse": "3",
      "bezeichnung": "2,3-Dihydropyran"
    },
    {
      "un_number": "2377",
      "gefahrenzahl": "33",
      "klasse": "3",
      "bezeichnung": "1,1-Dimethoxyethan"
    },
    {
      "un_number": "2378",
      "gefahrenzahl": "336",
      "klasse": "3",
      "bezeichnung": "2-Dimethylaminoacetonitril"
    },
    {
      "un_number": "2379",
      "gefahrenzahl": "338",
      "klasse": "3",
      "bezeichnung": "1,3-Dimethylbutylamin"
    },
    {
      "un_number": "2380",
      "gefahrenzahl": "33",
      "klasse": "3",
      "bezeichnung": "Dimethyldiethoxysilan"
    },
    {
      "un_number": "2381",
      "gefahrenzahl": "33",
      "klasse": "3",
      "bezeichnung": "Dimethyldisulfid"
    },
    {
      "un_number": "2382",
      "gefahrenzahl": "663",
      "klasse": "6.1",
      "bezeichnung": "Dimethylhydrazin, symmetrisch"
    },
    {
      "un_number": "2383",
      "gefahrenzahl": "338",
      "klasse": "3",
      "bezeichnung": "3,3'-Iminobispropylamin"
    },
    {
      "un_number": "2384",
      "gefahrenzahl": "33",
      "klasse": "3",
      "bezeichnung": "Di-n-propylether"
    },
    {
      "un_number": "2385",
      "gefahrenzahl": "33",
      "klasse": "3",
      "bezeichnung": "Ethylisobutyrat"
    },
    {
      "un_number": "2386",
      "gefahrenzahl": "338",
      "klasse": "3",
      "bezeichnung": "1-Ethylpiperidin"
    },
    {
      "un_number": "2387",
      "gefahrenzahl": "33",
      "klasse": "3",
      "bezeichnung": "Fluorbenzol"
    },
    {
      "un_number": "2388",
      "gefahrenzahl": "33",
      "klasse": "3",
      "bezeichnung": "Fluortoluole"
    },
    {
      "un_number": "2389",
      "gefahrenzahl": "33",
      "klasse": "3",
      "bezeichnung": "Furan"
    },
    {
      "un_number": "2390",
      "gefahrenzahl": "33",
      "klasse": "3",
      "bezeichnung": "2-Iodbutan"
    },
    {
      "un_number": "2391",
      "gefahrenzahl": "33",
      "klasse": "3",
      "bezeichnung": "Iodmethylpropane"
    },
    {
      "un_number": "2392",
      "gefahrenzahl": "30",
      "klasse": "3",
      "bezeichnung": "Iodpropane"
    },
    {
      "un_number": "2393",
      "gefahrenzahl": "33",
      "klasse": "3",
      "bezeichnung": "Isobutylformiat"
    },
    {
      "un_number": "2394",
      "gefahrenzahl": "30",
      "klasse": "3",
      "bezeichnung": "Isobutylpropionat"
    },
    {
      "un_number": "2395",
      "gefahrenzahl": "338",
      "klasse": "3",
      "bezeichnung": "Isobutyrylchlorid"
    },
    {
      "un_number": "2396",
      "gefahrenzahl": "336",
      "klasse": "3",
      "bezeichnung": "Methacrylaldehyd, stabilisiert"
    },
    {
      "un_number": "2397",
      "gefahrenzahl": "33",
      "klasse": "3",
      "bezeichnung": "3-Methylbutan-2-on"
    },
    {
      "un_number": "2398",
      "gefahrenzahl": "33",
      "klasse": "3",
      "bezeichnung": "Methyl-tert-butylether"
    },
    {
      "un_number": "2399",
      "gefahrenzahl": "338",
      "klasse": "3",
      "bezeichnung": "1-Methylpiperidin"
    }
  ]
}