{
  "title": "UN-Nummern 2400–2499",
  "generated": "2025-09-16",
  "count": 84,
  "columns": [
    "un_number",
    "gefahrenzahl",
    "klasse",
    "bezeichnung"
  ],
  "rows": [
    {
      "un_number": "2400",
      "gefahrenzahl": "33",
      "klasse": "3",
      "bezeichnung": "Methylisovalerat"
    },
    {
      "un_number": "2401",
      "gefahrenzahl": "883",
      "klasse": "8",
      "bezeichnung": "Piperidin"
    },
    {
      "un_number": "2402",
      "gefahrenzahl": "33",
      "klasse": "3",
      "bezeichnung": "Propanthiole"
    },
    {
      "un_number": "2403",
      "gefahrenzahl": "33",
      "klasse": "3",
      "bezeichnung": "Isopropenylacetat"
    },
    {
      "un_number": "2404",
      "gefahrenzahl": "336",
      "klasse": "3",
      "bezeichnung": "Propionitril"
    },
    {
      "un_number": "2405",
      "gefahrenzahl": "30",
      "klasse": "3",
      "bezeichnung": "Isopropylbutyrat"
    },
    {
      "un_number": "2406",
      "gefahrenzahl": "33",
      "klasse": "3",
      "bezeichnung": "Isopropylisobutyrat"
    },
    {
      "un_number": "2407",
      "gefahrenzahl": null,
      "klasse": "6.1",
      "bezeichnung": "Isopropylchlorformiat"
    },
    {
      "un_number": "2409",
      "gefahrenzahl": "33",
      "klasse": "3",
      "bezeichnung": "Isopropylpropionat"
    },
    {
      "un_number": "2410",
      "gefahrenzahl": "33",
      "klasse": "3",
      "bezeichnung": "1,2,3,6-Tetrahydropyridin"
    },
    {
      "un_number": "2411",
      "gefahrenzahl": "336",
      "klasse": "3",
      "bezeichnung": "Butyronitril"
    },
    {
      "un_number": "2412",
      "gefahrenzahl": "33",
      "klasse": "3",
      "bezeichnung": "Tetrahydrothiophen"
    },
    {
      "un_number": "2413",
      "gefahrenzahl": "30",
      "klasse": "3",
      "bezeichnung": "Tetrapropylorthotitanat"
    },
    {
      "un_number": "2414",
      "gefahrenzahl": "33",
      "klasse": "3",
      "bezeichnung": "Tetrahydrothiophen"
    },
    {
      "un_number": "2416",
      "gefahrenzahl": "33",
      "klasse": "3",
      "bezeichnung": "Trimethylborat"
    },
    {
      "un_number": "2417",
      "gefahrenzahl": "268",
      "klasse": "2",
      "bezeichnung": "Carbonylfluorid, verdichtet"
    },
    {
      "un_number": "2418",
      "gefahrenzahl": null,
      "klasse": "2",
      "bezeichnung": "Schwefeltetrafluorid"
    },
    {
      "un_number": "2419",
      "gefahrenzahl": "23",
      "klasse": "2",
      "bezeichnung": "Bromtrifluorethylen"
    },
    {
      "un_number": "2420",
      "gefahrenzahl": "268",
      "klasse": "2",
      "bezeichnung": "Hexafluoraceton"
    },
    {
      "un_number": "2421",
      "gefahrenzahl": null,
      "klasse": "2",
      "bezeichnung": "Distickstofftrioxid [Beförderung verboten]"
    },
    {
      "un_number": "2422",
      "gefahrenzahl": "20",
      "klasse": "2",
      "bezeichnung": "Octafluorbut-2-en (Gas als Kältemittel R 1318)"
    },
    {
      "un_number": "2424",
      "gefahrenzahl": "20",
      "klasse": "2",
      "bezeichnung": "Octafluorpropan (Gas als Kältemittel R 218)"
    },
    {
      "un_number": "2426",
      "gefahrenzahl": "59",
      "klasse": "5.1",
      "bezeichnung": "Ammoniumnitrat, flüssig, heiße konzentrierte Lösung mit einer Konzentration von mehr als 80 %, aber höchstens 93 %"
    },
    {
      "un_number": "2427",
      "gefahrenzahl": "50",
      "klasse": "5.1",
      "bezeichnung": "Kaliumchlorat, wässrige Lösung"
    },
    {
      "un_number": "2428",
      "gefahrenzahl": "50",
      "klasse": "5.1",
      "bezeichnung": "Natriumchlorat, wässrige Lösung"
    },
    {
      "un_number": "2429",
      "gefahrenzahl": "50",
      "klasse": "5.1",
      "bezeichnung": "Calciumchlorat, wässrige Lösung"
    },
    {
      "un_number": "2430",
      "gefahrenzahl": "80+88",
      "klasse": "8",
      "bezeichnung": "Alkylphenole, fest, N.A.G. (einschließlich C<sub>2</sub>-C<sub>12</sub>-Homologe)"
    },
    {
      "un_number": "2431",
      "gefahrenzahl": "60",
      "klasse": "6.1",
      "bezeichnung": "Chloranisidine"
    },
    {
      "un_number": "2432",
      "gefahrenzahl": "60",
      "klasse": "6.1",
      "bezeichnung": "''N'',''N''-Diethylanilin"
    },
    {
      "un_number": "2433",
      "gefahrenzahl": "60",
      "klasse": "6.1",
      "bezeichnung": "Chlornitrotoluole, flüssig"
    },
    {
      "un_number": "2434",
      "gefahrenzahl": "X80",
      "klasse": "8",
      "bezeichnung": "Dibenzyldichlorsilan"
    },
    {
      "un_number": "2435",
      "gefahrenzahl": "X80",
      "klasse": "8",
      "bezeichnung": "Ethylphenyldichlorsilan"
    },
    {
      "un_number": "2436",
      "gefahrenzahl": "33",
      "klasse": "3",
      "bezeichnung": "Thioessigsäure"
    },
    {
      "un_number": "2437",
      "gefahrenzahl": "X80",
      "klasse": "8",
      "bezeichnung": "Methylphenyldichlorsilan"
    },
    {
      "un_number": "2438",
      "gefahrenzahl": "663",
      "klasse": "6.1",
      "bezeichnung": "Trimethylacetylchlorid"
    },
    {
      "un_number": "2439",
      "gefahrenzahl": "80",
      "klasse": "8",
      "bezeichnung": "Natriumhydrogendifluorid"
    },
    {
      "un_number": "2440",
      "gefahrenzahl": "80",
      "klasse": "8",
      "bezeichnung": "Zinntetrachloridpentahydrat"
    },
    {
      "un_number": "2441",
      "gefahrenzahl": null,
      "klasse": "4.2",
      "bezeichnung": "Titantrichlorid, pyrophor oder Titaniumtrichlorid-Mischungen, pyrophor"
    },
    {
      "un_number": "2442",
      "gefahrenzahl": "X80",
      "klasse": "8",
      "bezeichnung": "Trichloracetylchlorid"
    },
    {
      "un_number": "2443",
      "gefahrenzahl": "80",
      "klasse": "8",
      "bezeichnung": "Vanadiumoxytrichlorid"
    },
    {
      "un_number": "2444",
      "gefahrenzahl": "X88",
      "klasse": "8",
      "bezeichnung": "Vanadiumtetrachlorid"
    },
    {
      "un_number": "2445",
      "gefahrenzahl": "X333",
      "klasse": "4.2",
      "bezeichnung": "Lithiumalkyle"
    },
    {
      "un_number": "2446",
      "gefahrenzahl": "60",
      "klasse": "6.1",
      "bezeichnung": "Nitrokresole, fest"
    },
    {
      "un_number": "2447",
      "gefahrenzahl": "446",
      "klasse": "4.2",
      "bezeichnung": "Phosphor, weiß, geschmolzen"
    },
    {
      "un_number": "2448",
      "gefahrenzahl": "44",
      "klasse": "4.1",
      "bezeichnung": "Schwefel, geschmolzen"
    },
    {
      "un_number": "2451",
      "gefahrenzahl": "25",
      "klasse": "2",
      "bezeichnung": "Stickstofftrifluorid, verdichtet"
    },
    {
      "un_number": "2452",
      "gefahrenzahl": "239",
      "klasse": "2",
      "bezeichnung": "Ethylacetylen, stabilisiert"
    },
    {
      "un_number": "2453",
      "gefahrenzahl": "23",
      "klasse": "2",
      "bezeichnung": "Ethylfluorid (Gas als Kältemittel R 161)"
    },
    {
      "un_number": "2454",
      "gefahrenzahl": "23",
      "klasse": "2",
      "bezeichnung": "Methylfluorid (Gas als Kältemittel R 41)"
    },
    {
      "un_number": "2455",
      "gefahrenzahl": null,
      "klasse": "2",
      "bezeichnung": "Methylnitrit [Beförderung verboten]"
    },
    {
      "un_number": "2456",
      "gefahrenzahl": "33",
      "klasse": "3",
      "bezeichnung": "2-Chlorpropen"
    },
    {
      "un_number": "2457",
      "gefahrenzahl": "33",
      "klasse": "3",
      "bezeichnung": "2,3-Dimethylbutan"
    },
    {
      "un_number": "2458",
      "gefahrenzahl": "33",
      "klasse": "3",
      "bezeichnung": "Hexadiene"
    },
    {
      "un_number": "2459",
      "gefahrenzahl": "33",
      "klasse": "3",
      "bezeichnung": "2-Methylbut-1-en"
    },
    {
      "un_number": "2460",
      "gefahrenzahl": "33",
      "klasse": "3",
      "bezeichnung": "2-Methylbut-2-en"
    },
    {
      "un_number": "2461",
      "gefahrenzahl": "33",
      "klasse": "3",
      "bezeichnung": "Methylpentadiene"
    },
    {
      "un_number": "2463",
      "gefahrenzahl": null,
      "klasse": "4.3",
      "bezeichnung": "Lithiumaluminiumhydrid"
    },
    {
      "un_number": "2464",
      "gefahrenzahl": "56",
      "klasse": "5.1",
      "bezeichnung": "Berylliumnitrat"
    },
    {
      "un_number": "2465",
      "gefahrenzahl": "50",
      "klasse": "5.1",
      "bezeichnung": "Dichlorisocyanursäure, trocken oder Dichlorisocyanursäuresalze"
    },
    {
      "un_number": "2466",
      "gefahrenzahl": null,
      "klasse": "5.1",
      "bezeichnung": "Kaliumsuperoxid"
    },
    {
      "un_number": "2468",
      "gefahrenzahl": "50",
      "klasse": "5.1",
      "bezeichnung": "Trichlorisocyanursäure, trocken"
    },
    {
      "un_number": "2469",
      "gefahrenzahl": "50",
      "klasse": "5.1",
      "bezeichnung": "Zinkbromat"
    },
    {
      "un_number": "2470",
      "gefahrenzahl": "60",
      "klasse": "6.1",
      "bezeichnung": "Phenylacetonitril, flüssig"
    },
    {
      "un_number": "2471",
      "gefahrenzahl": "66",
      "klasse": "6.1",
      "bezeichnung": "Osmiumtetroxid"
    },
    {
      "un_number": "2473",
      "gefahrenzahl": "60",
      "klasse": "6.1",
      "bezeichnung": "Natriumarsanilat"
    },
    {
      "un_number": "2474",
      "gefahrenzahl": "60",
      "klasse": "6.1",
      "bezeichnung": "Thiophosgen"
    },
    {
      "un_number": "2475",
      "gefahrenzahl": "80",
      "klasse": "8",
      "bezeichnung": "Vanadiumtrichlorid"
    },
    {
      "un_number": "2477",
      "gefahrenzahl": "663",
      "klasse": "6.1",
      "bezeichnung": "Methylisothiocyanat"
    },
    {
      "un_number": "2478",
      "gefahrenzahl": "36 + 336",
      "klasse": "3",
      "bezeichnung": "Isocyanate, entzündbar, giftig, N.A.G. oder Isocyanat, Lösung, entzündbar, giftig, N.A.G."
    },
    {
      "un_number": "2480",
      "gefahrenzahl": "663",
      "klasse": "6.1",
      "bezeichnung": "Methylisocyanat"
    },
    {
      "un_number": "2481",
      "gefahrenzahl": "663",
      "klasse": "3",
      "bezeichnung": "Ethylisocyanat"
    },
    {
      "un_number": "2482",
      "gefahrenzahl": "663",
      "klasse": "6.1",
      "bezeichnung": "n-Propylisocyanat"
    },
    {
      "un_number": "2483",
      "gefahrenzahl": "336",
      "klasse": "3",
      "bezeichnung": "Isopropylisocyanat"
    },
    {
      "un_number": "2484",
      "gefahrenzahl": "663",
      "klasse": "6.1",
      "bezeichnung": "tert-Butylisocyanat"
    },
    {
      "un_number": "2485",
      "gefahrenzahl": "663",
      "klasse": "6.1",
      "bezeichnung": "n-Butylisocyanat"
    },
    {
      "un_number": "2486",
      "gefahrenzahl": "336",
      "klasse": "3",
      "bezeichnung": "Isobutylisocyanat"
    },
    {
      "un_number": "2487",
      "gefahrenzahl": "663",
      "klasse": "6.1",
      "bezeichnung": "3-Chlor-4-methylphenylisocyanat, flüssig"
    },
    {
      "un_number": "2488",
      "gefahrenzahl": "663",
      "klasse": "6.1",
      "bezeichnung": "Cyclohexylisocyanat"
    },
    {
      "un_number": "2490",
      "gefahrenzahl": "60",
      "klasse": "6.1",
      "bezeichnung": "Dichlorisopropylether"
    },
    {
      "un_number": "2491",
      "gefahrenzahl": "80",
      "klasse": "8",
      "bezeichnung": "Ethanolamin oder Ethanolamin, Lösung"
    },
    {
      "un_number": "2493",
      "gefahrenzahl": "338",
      "klasse": "3",
      "bezeichnung": "Hexamethylenimin"
    },
    {
      "un_number": "2495",
      "gefahrenzahl": "568",
      "klasse": "5.1",
      "bezeichnung": "Iodpentafluorid"
    },
    {
      "un_number": "2496",
      "gefahrenzahl": "80",
      "klasse": "8",
      "bezeichnung": "Propionsäureanhydrid"
    },
    {
      "un_number": "2498",
      "gefahrenzahl": "30",
      "klasse": "3",
      "bezeichnung": "1,2,3,6-Tetrahydrobenzaldehyd"
    }
  ]
}