{
  "title": "UN-Nummern 2500–2599",
  "generated": "2025-09-16",
  "count": 71,
  "columns": [
    "un_number",
    "gefahrenzahl",
    "klasse",
    "bezeichnung"
  ],
  "rows": [
    {
      "un_number": "2501",
      "gefahrenzahl": "60",
      "klasse": "6.1",
      "bezeichnung": "Tris(1-aziridinyl)phosphinoxid, Lösung"
    },
    {
      "un_number": "2502",
      "gefahrenzahl": "83",
      "klasse": "8",
      "bezeichnung": "Valerylchlorid"
    },
    {
      "un_number": "2503",
      "gefahrenzahl": "80",
      "klasse": "8",
      "bezeichnung": "Zirconiumtetrachlorid"
    },
    {
      "un_number": "2504",
      "gefahrenzahl": "60",
      "klasse": "6.1",
      "bezeichnung": "Tetrabromethan"
    },
    {
      "un_number": "2505",
      "gefahrenzahl": "60",
      "klasse": "6.1",
      "bezeichnung": "Ammoniumfluorid"
    },
    {
      "un_number": "2506",
      "gefahrenzahl": "80",
      "klasse": "8",
      "bezeichnung": "Ammoniumhydrogensulfat"
    },
    {
      "un_number": "2507",
      "gefahrenzahl": "80",
      "klasse": "8",
      "bezeichnung": "Hexachloroplatinsäure, fest"
    },
    {
      "un_number": "2508",
      "gefahrenzahl": "80",
      "klasse": "8",
      "bezeichnung": "Molybdänpentachlorid"
    },
    {
      "un_number": "2509",
      "gefahrenzahl": "80",
      "klasse": "8",
      "bezeichnung": "Kaliumhydrogensulfat"
    },
    {
      "un_number": "2511",
      "gefahrenzahl": "80",
      "klasse": "8",
      "bezeichnung": "alpha-Chlorpropionsäure, Lösung oder fest"
    },
    {
      "un_number": "2512",
      "gefahrenzahl": "60",
      "klasse": "6.1",
      "bezeichnung": "Aminophenole (o-, m-, p-)"
    },
    {
      "un_number": "2513",
      "gefahrenzahl": "X80",
      "klasse": "8",
      "bezeichnung": "Bromacetylbromid"
    },
    {
      "un_number": "2514",
      "gefahrenzahl": "30",
      "klasse": "3",
      "bezeichnung": "Brombenzen"
    },
    {
      "un_number": "2515",
      "gefahrenzahl": "60",
      "klasse": "6.1",
      "bezeichnung": "Bromoform"
    },
    {
      "un_number": "2516",
      "gefahrenzahl": "60",
      "klasse": "6.1",
      "bezeichnung": "Tetrabromkohlenstoff"
    },
    {
      "un_number": "2517",
      "gefahrenzahl": "23",
      "klasse": "2",
      "bezeichnung": "1-Chlor-1,1-difluorethan (Gas als Kältemittel R 142b)"
    },
    {
      "un_number": "2518",
      "gefahrenzahl": "60",
      "klasse": "6.1",
      "bezeichnung": "1,5,9-Cyclododecatrien"
    },
    {
      "un_number": "2520",
      "gefahrenzahl": "30",
      "klasse": "3",
      "bezeichnung": "Cyclooctadiene"
    },
    {
      "un_number": "2521",
      "gefahrenzahl": "663",
      "klasse": "6.1",
      "bezeichnung": "Diketen, stabilisiert"
    },
    {
      "un_number": "2522",
      "gefahrenzahl": "69",
      "klasse": "6.1",
      "bezeichnung": "2-Dimethylaminoethylmethacrylat, stabilisiert"
    },
    {
      "un_number": "2524",
      "gefahrenzahl": "30",
      "klasse": "3",
      "bezeichnung": "Ethylorthoformiat"
    },
    {
      "un_number": "2525",
      "gefahrenzahl": "60",
      "klasse": "6.1",
      "bezeichnung": "Ethyloxalat"
    },
    {
      "un_number": "2526",
      "gefahrenzahl": "38",
      "klasse": "3",
      "bezeichnung": "Furfurylamin"
    },
    {
      "un_number": "2527",
      "gefahrenzahl": "39",
      "klasse": "3",
      "bezeichnung": "Isobutylacrylat, stabilisiert"
    },
    {
      "un_number": "2528",
      "gefahrenzahl": "30",
      "klasse": "3",
      "bezeichnung": "Isobutylisobutyrat"
    },
    {
      "un_number": "2529",
      "gefahrenzahl": "38",
      "klasse": "3",
      "bezeichnung": "Isobuttersäure"
    },
    {
      "un_number": "2531",
      "gefahrenzahl": "89",
      "klasse": "8",
      "bezeichnung": "Methacrylsäure, stabilisiert"
    },
    {
      "un_number": "2533",
      "gefahrenzahl": "60",
      "klasse": "6.1",
      "bezeichnung": "Methyltrichloracetat"
    },
    {
      "un_number": "2534",
      "gefahrenzahl": "263",
      "klasse": "2",
      "bezeichnung": "Methylchlorsilan"
    },
    {
      "un_number": "2535",
      "gefahrenzahl": "338",
      "klasse": "3",
      "bezeichnung": "4-Methylmorpholin (''N''-Methylmorpholin)"
    },
    {
      "un_number": "2536",
      "gefahrenzahl": "33",
      "klasse": "3",
      "bezeichnung": "Methyltetrahydrofuran"
    },
    {
      "un_number": "2538",
      "gefahrenzahl": "40",
      "klasse": "4.1",
      "bezeichnung": "Trinitronaphthalin"
    },
    {
      "un_number": "2541",
      "gefahrenzahl": "30",
      "klasse": "3",
      "bezeichnung": "Terpinolen"
    },
    {
      "un_number": "2542",
      "gefahrenzahl": "60",
      "klasse": "6.1",
      "bezeichnung": "Tributylamin"
    },
    {
      "un_number": "2545",
      "gefahrenzahl": "40",
      "klasse": "4.2",
      "bezeichnung": "Hafniumpulver, trocken"
    },
    {
      "un_number": "2546",
      "gefahrenzahl": "40",
      "klasse": "4.2",
      "bezeichnung": "Titanpulver, trocken"
    },
    {
      "un_number": "2547",
      "gefahrenzahl": null,
      "klasse": "5.1",
      "bezeichnung": "Natriumsuperoxid"
    },
    {
      "un_number": "2548",
      "gefahrenzahl": null,
      "klasse": "2",
      "bezeichnung": "Chlorpentafluorid"
    },
    {
      "un_number": "2552",
      "gefahrenzahl": "60",
      "klasse": "6.1",
      "bezeichnung": "Hexafluoracetonhydrat, flüssig"
    },
    {
      "un_number": "2554",
      "gefahrenzahl": "33",
      "klasse": "3",
      "bezeichnung": "Methylallylchlorid"
    },
    {
      "un_number": "2555",
      "gefahrenzahl": null,
      "klasse": "4.1",
      "bezeichnung": "Zellulosenitrat (Nitrocellulose), mit mindestens 25 Masse-% Wasser"
    },
    {
      "un_number": "2556",
      "gefahrenzahl": null,
      "klasse": "4.1",
      "bezeichnung": "Zellulosenitrat (Nitrocellulose), mit mindestens 25 Masse-% Alkohol und höchstens 12,6 % Stickstoff in der Trockenmasse"
    },
    {
      "un_number": "2557",
      "gefahrenzahl": null,
      "klasse": "4.1",
      "bezeichnung": "Zellulosenitrat (Nitrocellulose), Mischung mit höchstens 12,6 % Stickstoff in der Trockenmasse, mit oder ohne Plastifizierungsmittel, mit oder ohne Pigment"
    },
    {
      "un_number": "2558",
      "gefahrenzahl": "663",
      "klasse": "6.1",
      "bezeichnung": "Epibromhydrin"
    },
    {
      "un_number": "2560",
      "gefahrenzahl": "30",
      "klasse": "3",
      "bezeichnung": "2-Methylpentan-2-ol"
    },
    {
      "un_number": "2561",
      "gefahrenzahl": "33",
      "klasse": "3",
      "bezeichnung": "3-Methylbut-1-en"
    },
    {
      "un_number": "2564",
      "gefahrenzahl": "80",
      "klasse": "8",
      "bezeichnung": "Trichloressigsäure, Lösung"
    },
    {
      "un_number": "2565",
      "gefahrenzahl": "80",
      "klasse": "8",
      "bezeichnung": "Dicyclohexylamin"
    },
    {
      "un_number": "2567",
      "gefahrenzahl": "60",
      "klasse": "6.1",
      "bezeichnung": "Natriumpentachlorphenolat"
    },
    {
      "un_number": "2570",
      "gefahrenzahl": "60 + 66",
      "klasse": "6.1",
      "bezeichnung": "Cadmiumverbindung"
    },
    {
      "un_number": "2571",
      "gefahrenzahl": "80",
      "klasse": "8",
      "bezeichnung": "Alkylschwefelsäuren"
    },
    {
      "un_number": "2572",
      "gefahrenzahl": "60",
      "klasse": "6.1",
      "bezeichnung": "Phenylhydrazin"
    },
    {
      "un_number": "2573",
      "gefahrenzahl": "56",
      "klasse": "5.1",
      "bezeichnung": "Thalliumchlorat"
    },
    {
      "un_number": "2574",
      "gefahrenzahl": "60",
      "klasse": "6.1",
      "bezeichnung": "Tricresylphosphat mit mehr als 3 % ortho-Isomer"
    },
    {
      "un_number": "2576",
      "gefahrenzahl": "80",
      "klasse": "8",
      "bezeichnung": "Phosphoroxybromid, geschmolzen"
    },
    {
      "un_number": "2577",
      "gefahrenzahl": "80",
      "klasse": "8",
      "bezeichnung": "Phenylacetylchlorid"
    },
    {
      "un_number": "2578",
      "gefahrenzahl": "80",
      "klasse": "8",
      "bezeichnung": "Phosphortrioxid"
    },
    {
      "un_number": "2579",
      "gefahrenzahl": "80",
      "klasse": "8",
      "bezeichnung": "Piperazin"
    },
    {
      "un_number": "2580",
      "gefahrenzahl": "80",
      "klasse": "8",
      "bezeichnung": "Aluminiumbromid, Lösung"
    },
    {
      "un_number": "2581",
      "gefahrenzahl": "80",
      "klasse": "8",
      "bezeichnung": "Aluminiumchlorid, Lösung"
    },
    {
      "un_number": "2582",
      "gefahrenzahl": "80",
      "klasse": "8",
      "bezeichnung": "Eisenchlorid, Lösung (Eisen(II)-chlorid und Eisen(III)-chlorid)"
    },
    {
      "un_number": "2583",
      "gefahrenzahl": "80",
      "klasse": "8",
      "bezeichnung": "Alkylsulfonsäuren, fest oder Arylsulfonsäuren, fest, mit mehr als 5 % freier Schwefelsäure"
    },
    {
      "un_number": "2584",
      "gefahrenzahl": "80",
      "klasse": "8",
      "bezeichnung": "Alkylsulfonsäuren, flüssig oder Arylsulfonsäuren, flüssig, mit mehr als 5 % freier Schwefelsäure"
    },
    {
      "un_number": "2585",
      "gefahrenzahl": "80",
      "klasse": "8",
      "bezeichnung": "Alkylsulfonsäure, fest oder Arylsulfonsäuren, fest, mit höchstens 5 % freier Schwefelsäure"
    },
    {
      "un_number": "2586",
      "gefahrenzahl": "80",
      "klasse": "8",
      "bezeichnung": "Alkylsulfonsäuren, flüssig oder Arylsulfonsäuren, flüssig, mit höchstens 5 % freier Schwefelsäure"
    },
    {
      "un_number": "2587",
      "gefahrenzahl": "60",
      "klasse": "6.1",
      "bezeichnung": "Benzochinon"
    },
    {
      "un_number": "2588",
      "gefahrenzahl": "60 + 66",
      "klasse": "6.1",
      "bezeichnung": "Pestizid, fest, giftig"
    },
    {
      "un_number": "2589",
      "gefahrenzahl": "63",
      "klasse": "6.1",
      "bezeichnung": "Vinylchloracetat, N.A.G."
    },
    {
      "un_number": "2590",
      "gefahrenzahl": "90",
      "klasse": "9",
      "bezeichnung": "Asbest, Chrysotil"
    },
    {
      "un_number": "2591",
      "gefahrenzahl": "22",
      "klasse": "2",
      "bezeichnung": "Xenon, tiefgekühlt, flüssig"
    },
    {
      "un_number": "2599",
      "gefahrenzahl": "20",
      "klasse": "2",
      "bezeichnung": "Chlortrifluormethan und Trifluormethan, azeotropes Gemisch mit rund 60 % Chlortrifluormethan (Gas als Kältemittel R 503)"
    }
  ]
}