{
  "title": "UN-Nummern 2600–2699",
  "generated": "2025-09-16",
  "count": 76,
  "columns": [
    "un_number",
    "gefahrenzahl",
    "klasse",
    "bezeichnung"
  ],
  "rows": [
    {
      "un_number": "2600",
      "gefahrenzahl": "263",
      "klasse": "2",
      "bezeichnung": "Kohlenstoffmonoxid und Wasserstoff, Gemisch, verdichtet"
    },
    {
      "un_number": "2601",
      "gefahrenzahl": "23",
      "klasse": "2",
      "bezeichnung": "Octafluorcyclobutan (Gas als Kältemittel RC 318)"
    },
    {
      "un_number": "2602",
      "gefahrenzahl": "20",
      "klasse": "2",
      "bezeichnung": "Dichlordifluormethan und 1,1-Difluorethan, azeotropes Gemisch mit rund 74 % Dichlordifluormethan (Gas als Kältemittel R 500)"
    },
    {
      "un_number": "2603",
      "gefahrenzahl": "336",
      "klasse": "3",
      "bezeichnung": "Cycloheptatrien"
    },
    {
      "un_number": "2604",
      "gefahrenzahl": "883",
      "klasse": "8",
      "bezeichnung": "Bortrifluoriddiethyletherat"
    },
    {
      "un_number": "2605",
      "gefahrenzahl": "336",
      "klasse": "3",
      "bezeichnung": "Methoxymethylisocyanat"
    },
    {
      "un_number": "2606",
      "gefahrenzahl": "663",
      "klasse": "6.1",
      "bezeichnung": "Methylorthosilicat"
    },
    {
      "un_number": "2607",
      "gefahrenzahl": "39",
      "klasse": "3",
      "bezeichnung": "Propenal (Acrolein), dimer, stabilisiert"
    },
    {
      "un_number": "2608",
      "gefahrenzahl": "30",
      "klasse": "3",
      "bezeichnung": "Nitropropane"
    },
    {
      "un_number": "2609",
      "gefahrenzahl": "60",
      "klasse": "6.1",
      "bezeichnung": "Triallylborat"
    },
    {
      "un_number": "2610",
      "gefahrenzahl": "38",
      "klasse": "3",
      "bezeichnung": "Triallylamin"
    },
    {
      "un_number": "2611",
      "gefahrenzahl": "63",
      "klasse": "6.1",
      "bezeichnung": "1-Chlorpropan-2-ol"
    },
    {
      "un_number": "2612",
      "gefahrenzahl": "33",
      "klasse": "3",
      "bezeichnung": "Methylpropylether"
    },
    {
      "un_number": "2614",
      "gefahrenzahl": "30",
      "klasse": "3",
      "bezeichnung": "Methylallylalkohol"
    },
    {
      "un_number": "2615",
      "gefahrenzahl": "33",
      "klasse": "3",
      "bezeichnung": "Ethylpropylether"
    },
    {
      "un_number": "2616",
      "gefahrenzahl": "33",
      "klasse": "3",
      "bezeichnung": "Triisopropylborat"
    },
    {
      "un_number": "2617",
      "gefahrenzahl": "30",
      "klasse": "3",
      "bezeichnung": "Methylcyclohexanole, entzündbar"
    },
    {
      "un_number": "2618",
      "gefahrenzahl": "39",
      "klasse": "3",
      "bezeichnung": "Vinyltoluole, stabilisiert"
    },
    {
      "un_number": "2619",
      "gefahrenzahl": "83",
      "klasse": "8",
      "bezeichnung": "Benzyldimethylamin"
    },
    {
      "un_number": "2620",
      "gefahrenzahl": "30",
      "klasse": "3",
      "bezeichnung": "Amylbutyrate"
    },
    {
      "un_number": "2621",
      "gefahrenzahl": "30",
      "klasse": "3",
      "bezeichnung": "Acetylmethylcarbinol"
    },
    {
      "un_number": "2622",
      "gefahrenzahl": "336",
      "klasse": "3",
      "bezeichnung": "Glycidaldehyd"
    },
    {
      "un_number": "2623",
      "gefahrenzahl": null,
      "klasse": "4.1",
      "bezeichnung": "Feueranzünder (fest), mit entzündbarem, flüssigem Stoff getränkt"
    },
    {
      "un_number": "2624",
      "gefahrenzahl": "423",
      "klasse": "4.3",
      "bezeichnung": "Magnesiumsilicid"
    },
    {
      "un_number": "2626",
      "gefahrenzahl": "50",
      "klasse": "5.1",
      "bezeichnung": "Chlorsäure, wässrige Lösung mit höchstens 10 % Säure"
    },
    {
      "un_number": "2627",
      "gefahrenzahl": "50",
      "klasse": "5.1",
      "bezeichnung": "Nitrite, anorganische, N.A.G."
    },
    {
      "un_number": "2628",
      "gefahrenzahl": "66",
      "klasse": "6.1",
      "bezeichnung": "Kaliumfluoracetat"
    },
    {
      "un_number": "2629",
      "gefahrenzahl": "66",
      "klasse": "6.1",
      "bezeichnung": "Natriumfluoracetat"
    },
    {
      "un_number": "2630",
      "gefahrenzahl": "66",
      "klasse": "6.1",
      "bezeichnung": "Selenate oder Selenite"
    },
    {
      "un_number": "2642",
      "gefahrenzahl": "66",
      "klasse": "6.1",
      "bezeichnung": "Fluoressigsäure"
    },
    {
      "un_number": "2643",
      "gefahrenzahl": "60",
      "klasse": "6.1",
      "bezeichnung": "Methylbromacetat"
    },
    {
      "un_number": "2644",
      "gefahrenzahl": "66",
      "klasse": "6.1",
      "bezeichnung": "Methyliodid"
    },
    {
      "un_number": "2645",
      "gefahrenzahl": "60",
      "klasse": "6.1",
      "bezeichnung": "Phenacylbromid"
    },
    {
      "un_number": "2646",
      "gefahrenzahl": "66",
      "klasse": "6.1",
      "bezeichnung": "Hexachlorcyclopentadien"
    },
    {
      "un_number": "2647",
      "gefahrenzahl": "60",
      "klasse": "6.1",
      "bezeichnung": "Malonitril"
    },
    {
      "un_number": "2648",
      "gefahrenzahl": "60",
      "klasse": "6.1",
      "bezeichnung": "1,2-Dibrombutan-3-on"
    },
    {
      "un_number": "2649",
      "gefahrenzahl": "60",
      "klasse": "6.1",
      "bezeichnung": "1,3-Dichloraceton"
    },
    {
      "un_number": "2650",
      "gefahrenzahl": "60",
      "klasse": "6.1",
      "bezeichnung": "1,1-Dichlor-1-nitroethan"
    },
    {
      "un_number": "2651",
      "gefahrenzahl": "60",
      "klasse": "6.1",
      "bezeichnung": "4,4′-Diaminodiphenylmethan"
    },
    {
      "un_number": "2653",
      "gefahrenzahl": "60",
      "klasse": "6.1",
      "bezeichnung": "Benzyliodid"
    },
    {
      "un_number": "2655",
      "gefahrenzahl": "60",
      "klasse": "6.1",
      "bezeichnung": "Kaliumfluorsilicat"
    },
    {
      "un_number": "2656",
      "gefahrenzahl": "60",
      "klasse": "6.1",
      "bezeichnung": "Chinolin"
    },
    {
      "un_number": "2657",
      "gefahrenzahl": "60",
      "klasse": "6.1",
      "bezeichnung": "Selendisulfid"
    },
    {
      "un_number": "2659",
      "gefahrenzahl": "60",
      "klasse": "6.1",
      "bezeichnung": "Natriumchloracetat"
    },
    {
      "un_number": "2660",
      "gefahrenzahl": "60",
      "klasse": "6.1",
      "bezeichnung": "Nitrotoluidine (mono)"
    },
    {
      "un_number": "2661",
      "gefahrenzahl": "60",
      "klasse": "6.1",
      "bezeichnung": "Hexachloraceton"
    },
    {
      "un_number": "2662",
      "gefahrenzahl": "60",
      "klasse": "6.1",
      "bezeichnung": "Hydrochinon"
    },
    {
      "un_number": "2664",
      "gefahrenzahl": "60",
      "klasse": "6.1",
      "bezeichnung": "Dibrommethan"
    },
    {
      "un_number": "2667",
      "gefahrenzahl": "60",
      "klasse": "6.1",
      "bezeichnung": "Butyltoluole"
    },
    {
      "un_number": "2668",
      "gefahrenzahl": "63",
      "klasse": "6.1",
      "bezeichnung": "Chloracetonitril"
    },
    {
      "un_number": "2669",
      "gefahrenzahl": "60",
      "klasse": "6.1",
      "bezeichnung": "Chlorkresole, Lösung"
    },
    {
      "un_number": "2670",
      "gefahrenzahl": "80",
      "klasse": "8",
      "bezeichnung": "Cyanurchlorid"
    },
    {
      "un_number": "2671",
      "gefahrenzahl": "60",
      "klasse": "6.1",
      "bezeichnung": "Aminopyridine (o-, m-, p-)"
    },
    {
      "un_number": "2672",
      "gefahrenzahl": "80",
      "klasse": "8",
      "bezeichnung": "Ammoniaklösung in Wasser, relative Dichte zwischen 0,880 und 0,957 bei 15 °C, mit mehr als 10 %, aber höchstens 35 % Ammoniak"
    },
    {
      "un_number": "2673",
      "gefahrenzahl": "60",
      "klasse": "6.1",
      "bezeichnung": "2-Amino-4-chlorphenol"
    },
    {
      "un_number": "2674",
      "gefahrenzahl": "60",
      "klasse": "6.1",
      "bezeichnung": "Natriumfluorosilicat"
    },
    {
      "un_number": "2676",
      "gefahrenzahl": null,
      "klasse": "2",
      "bezeichnung": "Stiban (Antimonwasserstoff)"
    },
    {
      "un_number": "2677",
      "gefahrenzahl": "80",
      "klasse": "8",
      "bezeichnung": "Rubidiumhydroxidlösung"
    },
    {
      "un_number": "2678",
      "gefahrenzahl": "80",
      "klasse": "8",
      "bezeichnung": "Rubidiumhydroxid"
    },
    {
      "un_number": "2679",
      "gefahrenzahl": "80",
      "klasse": "8",
      "bezeichnung": "Lithiumhydroxidlösung"
    },
    {
      "un_number": "2680",
      "gefahrenzahl": "80",
      "klasse": "8",
      "bezeichnung": "Lithiumhydroxidmonohydrat"
    },
    {
      "un_number": "2681",
      "gefahrenzahl": "80",
      "klasse": "8",
      "bezeichnung": "Caesiumhydroxidlösung"
    },
    {
      "un_number": "2682",
      "gefahrenzahl": "80",
      "klasse": "8",
      "bezeichnung": "Caesiumhydroxid"
    },
    {
      "un_number": "2683",
      "gefahrenzahl": "86",
      "klasse": "8",
      "bezeichnung": "Ammoniumsulfid, Lösung"
    },
    {
      "un_number": "2684",
      "gefahrenzahl": "38",
      "klasse": "3",
      "bezeichnung": "3-(Diethylamino)-propylamin"
    },
    {
      "un_number": "2685",
      "gefahrenzahl": "83",
      "klasse": "8",
      "bezeichnung": "''N'',''N''-Diethylethylendiamin"
    },
    {
      "un_number": "2686",
      "gefahrenzahl": "83",
      "klasse": "8",
      "bezeichnung": "2-Diethylaminoethanol"
    },
    {
      "un_number": "2687",
      "gefahrenzahl": "40",
      "klasse": "4.1",
      "bezeichnung": "Dicyclohexylammoniumnitrit"
    },
    {
      "un_number": "2688",
      "gefahrenzahl": "60",
      "klasse": "6.1",
      "bezeichnung": "1-Brom-3-chlorpropan"
    },
    {
      "un_number": "2689",
      "gefahrenzahl": "60",
      "klasse": "6.1",
      "bezeichnung": "Glycerol-alpha-monochlorhydrin"
    },
    {
      "un_number": "2690",
      "gefahrenzahl": "60",
      "klasse": "6.1",
      "bezeichnung": "''N''-(''n''-Butyl)imidazol"
    },
    {
      "un_number": "2691",
      "gefahrenzahl": "80",
      "klasse": "8",
      "bezeichnung": "Phosphorpentabromid"
    },
    {
      "un_number": "2692",
      "gefahrenzahl": "X88",
      "klasse": "8",
      "bezeichnung": "Bortribromid"
    },
    {
      "un_number": "2693",
      "gefahrenzahl": "80",
      "klasse": "8",
      "bezeichnung": "Hydrogensulfite, wässrige Lösung"
    },
    {
      "un_number": "2698",
      "gefahrenzahl": "80",
      "klasse": "8",
      "bezeichnung": "Tetrahydrophthalsäureanhydride mit mehr als 0,05 % Maleinsäureanhydrid"
    },
    {
      "un_number": "2699",
      "gefahrenzahl": "88",
      "klasse": "8",
      "bezeichnung": "Trifluoressigsäure"
    }
  ]
}