{
  "title": "UN-Nummern 2705–2799",
  "generated": "2025-09-16",
  "count": 76,
  "columns": [
    "un_number",
    "gefahrenzahl",
    "klasse",
    "bezeichnung"
  ],
  "rows": [
    {
      "un_number": "2705",
      "gefahrenzahl": "80",
      "klasse": "8",
      "bezeichnung": "1-Pentol"
    },
    {
      "un_number": "2707",
      "gefahrenzahl": "30 + 33",
      "klasse": "3",
      "bezeichnung": "Dimethyldioxane"
    },
    {
      "un_number": "2709",
      "gefahrenzahl": "30",
      "klasse": "3",
      "bezeichnung": "Butylbenzole"
    },
    {
      "un_number": "2710",
      "gefahrenzahl": "30",
      "klasse": "3",
      "bezeichnung": "Dipropylketon"
    },
    {
      "un_number": "2713",
      "gefahrenzahl": "60",
      "klasse": "6.1",
      "bezeichnung": "Acridin"
    },
    {
      "un_number": "2714",
      "gefahrenzahl": "40",
      "klasse": "4.1",
      "bezeichnung": "Zinkresinat"
    },
    {
      "un_number": "2715",
      "gefahrenzahl": "40",
      "klasse": "4.1",
      "bezeichnung": "Aluminiumresinat"
    },
    {
      "un_number": "2716",
      "gefahrenzahl": "60",
      "klasse": "6.1",
      "bezeichnung": "Butin-1,4-diol"
    },
    {
      "un_number": "2717",
      "gefahrenzahl": "40",
      "klasse": "4.1",
      "bezeichnung": "Campher, synthetisch"
    },
    {
      "un_number": "2719",
      "gefahrenzahl": "56",
      "klasse": "5.1",
      "bezeichnung": "Bariumbromat"
    },
    {
      "un_number": "2720",
      "gefahrenzahl": "50",
      "klasse": "5.1",
      "bezeichnung": "Chromnitrat"
    },
    {
      "un_number": "2721",
      "gefahrenzahl": "50",
      "klasse": "5.1",
      "bezeichnung": "Kupferchlorat"
    },
    {
      "un_number": "2722",
      "gefahrenzahl": "50",
      "klasse": "5.1",
      "bezeichnung": "Lithiumnitrat"
    },
    {
      "un_number": "2723",
      "gefahrenzahl": "50",
      "klasse": "5.1",
      "bezeichnung": "Magnesiumchlorat"
    },
    {
      "un_number": "2724",
      "gefahrenzahl": "50",
      "klasse": "5.1",
      "bezeichnung": "Mangannitrat"
    },
    {
      "un_number": "2725",
      "gefahrenzahl": "50",
      "klasse": "5.1",
      "bezeichnung": "Nickelnitrat"
    },
    {
      "un_number": "2726",
      "gefahrenzahl": "50",
      "klasse": "5.1",
      "bezeichnung": "Nickelnitrit"
    },
    {
      "un_number": "2727",
      "gefahrenzahl": "65",
      "klasse": "6.1",
      "bezeichnung": "Thalliumnitrat"
    },
    {
      "un_number": "2728",
      "gefahrenzahl": "50",
      "klasse": "5.1",
      "bezeichnung": "Zirconiumnitrat"
    },
    {
      "un_number": "2729",
      "gefahrenzahl": "60",
      "klasse": "6.1",
      "bezeichnung": "Hexachlorbenzen"
    },
    {
      "un_number": "2730",
      "gefahrenzahl": "60",
      "klasse": "6.1",
      "bezeichnung": "Nitroanisole, flüssig"
    },
    {
      "un_number": "2732",
      "gefahrenzahl": "60",
      "klasse": "6.1",
      "bezeichnung": "Nitrobrombenzole, flüssig"
    },
    {
      "un_number": "2733",
      "gefahrenzahl": "38 + 338",
      "klasse": "3",
      "bezeichnung": "Amine, entzündbar, ätzend, N.A.G. oder Polyamine, entzündbar, ätzend, N.A.G."
    },
    {
      "un_number": "2734",
      "gefahrenzahl": "83 + 883",
      "klasse": "8",
      "bezeichnung": "Amine, flüssig, ätzend, entzündbar, N.A.G. oder Polyamine, flüssig, ätzend, entzündbar, N.A.G."
    },
    {
      "un_number": "2735",
      "gefahrenzahl": "80 + 88",
      "klasse": "8",
      "bezeichnung": "Amine, flüssig, ätzend, N.A.G. oder Polyamine, flüssig, ätzend, N.A.G."
    },
    {
      "un_number": "2738",
      "gefahrenzahl": "60",
      "klasse": "6.1",
      "bezeichnung": "''N''-Butylanilin"
    },
    {
      "un_number": "2739",
      "gefahrenzahl": "80",
      "klasse": "8",
      "bezeichnung": "Buttersäureanhydrid"
    },
    {
      "un_number": "2740",
      "gefahrenzahl": "668",
      "klasse": "6.1",
      "bezeichnung": "n-Propylchlorformiat"
    },
    {
      "un_number": "2741",
      "gefahrenzahl": "56",
      "klasse": "5.1",
      "bezeichnung": "Bariumhypochlorit mit mehr als 22 % aktivem Chlor"
    },
    {
      "un_number": "2742",
      "gefahrenzahl": "638",
      "klasse": "6.1",
      "bezeichnung": "Chlorformiate, giftig, ätzend, entzündbar, N.A.G."
    },
    {
      "un_number": "2743",
      "gefahrenzahl": "638",
      "klasse": "6.1",
      "bezeichnung": "''n''-Butylchlorformiat"
    },
    {
      "un_number": "2744",
      "gefahrenzahl": "638",
      "klasse": "6.1",
      "bezeichnung": "Cyclobutylchlorformiat"
    },
    {
      "un_number": "2745",
      "gefahrenzahl": "68",
      "klasse": "6.1",
      "bezeichnung": "Chlormethylchlorformiat"
    },
    {
      "un_number": "2746",
      "gefahrenzahl": "68",
      "klasse": "6.1",
      "bezeichnung": "Phenylchlorformiat"
    },
    {
      "un_number": "2747",
      "gefahrenzahl": "60",
      "klasse": "6.1",
      "bezeichnung": "tert-Butylcyclohexylchlorformiat"
    },
    {
      "un_number": "2748",
      "gefahrenzahl": "68",
      "klasse": "6.1",
      "bezeichnung": "2-Ethylhexylchlorformiat"
    },
    {
      "un_number": "2749",
      "gefahrenzahl": "33",
      "klasse": "3",
      "bezeichnung": "Tetramethylsilan"
    },
    {
      "un_number": "2750",
      "gefahrenzahl": "60",
      "klasse": "6.1",
      "bezeichnung": "1,3-Dichlorpropan-2-ol"
    },
    {
      "un_number": "2751",
      "gefahrenzahl": "80",
      "klasse": "8",
      "bezeichnung": "Diethylthiophosphorylchlorid"
    },
    {
      "un_number": "2752",
      "gefahrenzahl": "30",
      "klasse": "3",
      "bezeichnung": "1,2-Epoxy-3-ethoxypropan"
    },
    {
      "un_number": "2753",
      "gefahrenzahl": "60",
      "klasse": "6.1",
      "bezeichnung": "''N''-Ethyl-''N''-benzyltoluidine, flüssig"
    },
    {
      "un_number": "2754",
      "gefahrenzahl": "60",
      "klasse": "6.1",
      "bezeichnung": "''N''-Ethyltoluidine"
    },
    {
      "un_number": "2757",
      "gefahrenzahl": "60 + 66",
      "klasse": "6.1",
      "bezeichnung": "Carbamat-Pestizid, fest, giftig"
    },
    {
      "un_number": "2758",
      "gefahrenzahl": "336",
      "klasse": "3",
      "bezeichnung": "Carbamat-Pestizid, flüssig, entzündbar, giftig, Flammpunkt unter 23 °C"
    },
    {
      "un_number": "2759",
      "gefahrenzahl": "60 + 66",
      "klasse": "6.1",
      "bezeichnung": "Arsenhaltiges Pestizid, fest, giftig"
    },
    {
      "un_number": "2760",
      "gefahrenzahl": "336",
      "klasse": "3",
      "bezeichnung": "Arsenhaltiges Pestizid, flüssig, entzündbar, giftig, Flammpunkt unter 23 °C"
    },
    {
      "un_number": "2761",
      "gefahrenzahl": "60 + 66",
      "klasse": "6.1",
      "bezeichnung": "Organochlor-Pestizid, fest, giftig"
    },
    {
      "un_number": "2762",
      "gefahrenzahl": "336",
      "klasse": "3",
      "bezeichnung": "Organochlor-Pestizid, flüssig, entzündbar, giftig, Flammpunkt unter 23 °C"
    },
    {
      "un_number": "2763",
      "gefahrenzahl": "60 + 66",
      "klasse": "6.1",
      "bezeichnung": "Triazin-Pestizid, fest, giftig"
    },
    {
      "un_number": "2764",
      "gefahrenzahl": "336",
      "klasse": "3",
      "bezeichnung": "Triazin-Pestizid, flüssig, entzündbar, giftig, Flammpunkt unter 23 °C"
    },
    {
      "un_number": "2771",
      "gefahrenzahl": "60 + 66",
      "klasse": "6.1",
      "bezeichnung": "Thiocarbamat-Pestizid, fest, giftig"
    },
    {
      "un_number": "2772",
      "gefahrenzahl": "336",
      "klasse": "3",
      "bezeichnung": "Thiocarbamat-Pestizid, flüssig, entzündbar, giftig, Flammpunkt unter 23 °C"
    },
    {
      "un_number": "2775",
      "gefahrenzahl": "60 + 66",
      "klasse": "6.1",
      "bezeichnung": "Kupferhaltiges Pestizid, fest, giftig"
    },
    {
      "un_number": "2776",
      "gefahrenzahl": "336",
      "klasse": "3",
      "bezeichnung": "Kupferhaltiges Pestizid, flüssig, entzündbar, giftig, Flammpunkt unter 23 °C"
    },
    {
      "un_number": "2777",
      "gefahrenzahl": "60 + 66",
      "klasse": "6.1",
      "bezeichnung": "Quecksilberhaltiges Pestizid, fest, giftig"
    },
    {
      "un_number": "2778",
      "gefahrenzahl": "336",
      "klasse": "3",
      "bezeichnung": "Quecksilberhaltiges Pestizid, flüssig, entzündbar, giftig, Flammpunkt unter 23 °C"
    },
    {
      "un_number": "2779",
      "gefahrenzahl": "60 + 66",
      "klasse": "6.1",
      "bezeichnung": "Substituiertes Nitrophenol-Pestizid, fest, giftig"
    },
    {
      "un_number": "2780",
      "gefahrenzahl": "336",
      "klasse": "3",
      "bezeichnung": "Substituiertes Nitrophenol-Pestizid, flüssig, entzündbar, giftig, Flammpunkt unter 23 °C"
    },
    {
      "un_number": "2781",
      "gefahrenzahl": "60 + 66",
      "klasse": "6.1",
      "bezeichnung": "Bipyridilium-Pestizid, fest, giftig"
    },
    {
      "un_number": "2782",
      "gefahrenzahl": "336",
      "klasse": "3",
      "bezeichnung": "Bipyridilium-Pestizid, flüssig, entzündbar, giftig, Flammpunkt unter 23 °C"
    },
    {
      "un_number": "2783",
      "gefahrenzahl": "60 + 66",
      "klasse": "6.1",
      "bezeichnung": "Organophosphor-Pestizid, fest, giftig"
    },
    {
      "un_number": "2784",
      "gefahrenzahl": "336",
      "klasse": "3",
      "bezeichnung": "Organophosphor-Pestizid, flüssig, entzündbar, giftig, Flammpunkt unter 23 °C"
    },
    {
      "un_number": "2785",
      "gefahrenzahl": "60",
      "klasse": "6.1",
      "bezeichnung": "Thiapentan-4-al"
    },
    {
      "un_number": "2786",
      "gefahrenzahl": "60 + 66",
      "klasse": "6.1",
      "bezeichnung": "Organozinn-Pestizid, fest, giftig"
    },
    {
      "un_number": "2787",
      "gefahrenzahl": "336",
      "klasse": "3",
      "bezeichnung": "Organozinn-Pestizid, flüssig, entzündbar, giftig, Flammpunkt unter 23 °C"
    },
    {
      "un_number": "2788",
      "gefahrenzahl": "60 + 66",
      "klasse": "6.1",
      "bezeichnung": "Organische Zinnverbindung, flüssig, N.A.G."
    },
    {
      "un_number": "2789",
      "gefahrenzahl": "83",
      "klasse": "8",
      "bezeichnung": "Eisessig oder Essigsäure, Lösung mit mehr als 80 Masse-% Säure"
    },
    {
      "un_number": "2790",
      "gefahrenzahl": "80",
      "klasse": "8",
      "bezeichnung": "Essigsäure, Lösung mit mehr als 10 Masse-%, aber weniger als 50 Masse-% Säure"
    },
    {
      "un_number": "2790",
      "gefahrenzahl": "80",
      "klasse": "8",
      "bezeichnung": "Essigsäure, Lösung mit mindestens 50 Masse-% und höchstens 80 Masse-% Säure"
    },
    {
      "un_number": "2793",
      "gefahrenzahl": "40",
      "klasse": "4.2",
      "bezeichnung": "Metallisches Eisen als Bohrspäne, Frässpäne, Drehspäne, Abfälle in selbsterhitzungsfähiger Form"
    },
    {
      "un_number": "2794",
      "gefahrenzahl": "80",
      "klasse": "8",
      "bezeichnung": "Batterien (Akkumulatoren), nass, gefüllt mit Säure, elektrische Sammler"
    },
    {
      "un_number": "2795",
      "gefahrenzahl": "80",
      "klasse": "8",
      "bezeichnung": "Batterien (Akkumulatoren), nass, gefüllt mit Alkalien, elektrische Sammler"
    },
    {
      "un_number": "2796",
      "gefahrenzahl": "80",
      "klasse": "8",
      "bezeichnung": "Schwefelsäure mit höchstens 51 % Säure oder Batterieflüssigkeit, sauer"
    },
    {
      "un_number": "2797",
      "gefahrenzahl": "80",
      "klasse": "8",
      "bezeichnung": "Batterieflüssigkeit, alkalisch"
    },
    {
      "un_number": "2798",
      "gefahrenzahl": "80",
      "klasse": "8",
      "bezeichnung": "Phenylphosphordichlorid"
    },
    {
      "un_number": "2799",
      "gefahrenzahl": "80",
      "klasse": "8",
      "bezeichnung": "Phenylphosphorthiodichlorid"
    }
  ]
}