{
  "title": "UN-Nummern 2800–2881",
  "generated": "2025-09-16",
  "count": 66,
  "columns": [
    "un_number",
    "gefahrenzahl",
    "klasse",
    "bezeichnung"
  ],
  "rows": [
    {
      "un_number": "2800",
      "gefahrenzahl": "80",
      "klasse": "8",
      "bezeichnung": "Batterien (Akkumulatoren), nass, auslaufsicher, elektrische Sammler"
    },
    {
      "un_number": "2801",
      "gefahrenzahl": "80 + 88",
      "klasse": "8",
      "bezeichnung": "Farbstoff, flüssig, ätzend, N.A.G. oder Farbstoffzwischenprodukt, flüssig, ätzend, N.A.G."
    },
    {
      "un_number": "2802",
      "gefahrenzahl": "80",
      "klasse": "8",
      "bezeichnung": "Kupferchlorid (Kupfer(I)-chlorid und Kupfer(II)-chlorid)"
    },
    {
      "un_number": "2803",
      "gefahrenzahl": "80",
      "klasse": "8",
      "bezeichnung": "Gallium"
    },
    {
      "un_number": "2805",
      "gefahrenzahl": "423",
      "klasse": "4.3",
      "bezeichnung": "Lithiumhydrid geschmolzen und erstarrt"
    },
    {
      "un_number": "2806",
      "gefahrenzahl": null,
      "klasse": "4.3",
      "bezeichnung": "Lithiumnitrid"
    },
    {
      "un_number": "2807",
      "gefahrenzahl": null,
      "klasse": "9",
      "bezeichnung": "Magnetisierte Stoffe (Unterliegt nicht den Vorschriften des ADR)"
    },
    {
      "un_number": "2809",
      "gefahrenzahl": "86",
      "klasse": "8",
      "bezeichnung": "Quecksilber"
    },
    {
      "un_number": "2810",
      "gefahrenzahl": "60 + 66",
      "klasse": "6.1",
      "bezeichnung": "Giftiger, organischer, flüssiger Stoff, N.A.G."
    },
    {
      "un_number": "2811",
      "gefahrenzahl": "60 + 66",
      "klasse": "6.1",
      "bezeichnung": "Giftiger, organischer, fester Stoff, N.A.G."
    },
    {
      "un_number": "2812",
      "gefahrenzahl": null,
      "klasse": "8",
      "bezeichnung": "Natriumaluminat, fest (Unterliegt nicht den Vorschriften des ADR)"
    },
    {
      "un_number": "2813",
      "gefahrenzahl": "423",
      "klasse": "4.3",
      "bezeichnung": "Mit Wasser reagierender, fester Stoff, N.A.G."
    },
    {
      "un_number": "2814",
      "gefahrenzahl": "606",
      "klasse": "6.2",
      "bezeichnung": "Ansteckungsgefährlicher Stoff, gefährlich für Menschen (Risikogruppen 2)"
    },
    {
      "un_number": "2814",
      "gefahrenzahl": null,
      "klasse": "6.2",
      "bezeichnung": "Ansteckungsgefährlicher Stoff, gefährlich für Menschen (Risikogruppen 3 und 4)"
    },
    {
      "un_number": "2815",
      "gefahrenzahl": "80",
      "klasse": "8",
      "bezeichnung": "''N''-Aminoethylpiperazin"
    },
    {
      "un_number": "2817",
      "gefahrenzahl": "86",
      "klasse": "8",
      "bezeichnung": "Ammoniumhydrogendifluorid, Lösung"
    },
    {
      "un_number": "2818",
      "gefahrenzahl": "86",
      "klasse": "8",
      "bezeichnung": "Ammoniumpolysulfid, Lösung"
    },
    {
      "un_number": "2819",
      "gefahrenzahl": "80",
      "klasse": "8",
      "bezeichnung": "Amylphosphat"
    },
    {
      "un_number": "2820",
      "gefahrenzahl": "80",
      "klasse": "8",
      "bezeichnung": "Isobuttersäure"
    },
    {
      "un_number": "2821",
      "gefahrenzahl": "60",
      "klasse": "6.1",
      "bezeichnung": "Dinitrophenol, Lösung"
    },
    {
      "un_number": "2822",
      "gefahrenzahl": "60",
      "klasse": "6.1",
      "bezeichnung": "2-Chlorpyridin"
    },
    {
      "un_number": "2823",
      "gefahrenzahl": "80",
      "klasse": "8",
      "bezeichnung": "Crotonsäure"
    },
    {
      "un_number": "2826",
      "gefahrenzahl": "83",
      "klasse": "8",
      "bezeichnung": "Ethylchlorthioformiat"
    },
    {
      "un_number": "2829",
      "gefahrenzahl": "80",
      "klasse": "8",
      "bezeichnung": "Capronsäure"
    },
    {
      "un_number": "2830",
      "gefahrenzahl": "423",
      "klasse": "4.3",
      "bezeichnung": "Lithiumferrosilicid"
    },
    {
      "un_number": "2831",
      "gefahrenzahl": "60",
      "klasse": "6.1",
      "bezeichnung": "1,1,1-Trichlorethan"
    },
    {
      "un_number": "2834",
      "gefahrenzahl": "80",
      "klasse": "8",
      "bezeichnung": "Phosphorige Säure"
    },
    {
      "un_number": "2835",
      "gefahrenzahl": "423",
      "klasse": "4.3",
      "bezeichnung": "Natriumaluminiumhydrid"
    },
    {
      "un_number": "2837",
      "gefahrenzahl": "80",
      "klasse": "8",
      "bezeichnung": "Hydrogensulfate, wässrige Lösung"
    },
    {
      "un_number": "2838",
      "gefahrenzahl": "339",
      "klasse": "3",
      "bezeichnung": "Vinylbutyrat, stabilisiert"
    },
    {
      "un_number": "2839",
      "gefahrenzahl": "60",
      "klasse": "6.1",
      "bezeichnung": "Aldol (3-Hydroxybutyraldehyd)"
    },
    {
      "un_number": "2840",
      "gefahrenzahl": "30",
      "klasse": "3",
      "bezeichnung": "Butyraldoxim"
    },
    {
      "un_number": "2841",
      "gefahrenzahl": "36",
      "klasse": "3",
      "bezeichnung": "Di-n-amylamin"
    },
    {
      "un_number": "2842",
      "gefahrenzahl": "30",
      "klasse": "3",
      "bezeichnung": "1,1-Dichlor-1-nitroethan"
    },
    {
      "un_number": "2844",
      "gefahrenzahl": "423",
      "klasse": "4.3",
      "bezeichnung": "Calciummangansilicium"
    },
    {
      "un_number": "2845",
      "gefahrenzahl": "333",
      "klasse": "4.2",
      "bezeichnung": "Pyrophorer organischer flüssiger Stoff"
    },
    {
      "un_number": "2846",
      "gefahrenzahl": null,
      "klasse": "4.2",
      "bezeichnung": "Pyrophorer organischer fester Stoff"
    },
    {
      "un_number": "2849",
      "gefahrenzahl": "60",
      "klasse": "6.1",
      "bezeichnung": "3-Chlorpropan-1-ol"
    },
    {
      "un_number": "2850",
      "gefahrenzahl": "30",
      "klasse": "3",
      "bezeichnung": "Tetrapropylen (Propylentetramer)"
    },
    {
      "un_number": "2851",
      "gefahrenzahl": "80",
      "klasse": "8",
      "bezeichnung": "Bortrifluoriddihydrat"
    },
    {
      "un_number": "2852",
      "gefahrenzahl": null,
      "klasse": "4.1",
      "bezeichnung": "Dipikrylsulfid, angefeuchtet mit mindestens 10 Masse-% Wasser"
    },
    {
      "un_number": "2853",
      "gefahrenzahl": "60",
      "klasse": "6.1",
      "bezeichnung": "Magnesiumfluorosilicat"
    },
    {
      "un_number": "2854",
      "gefahrenzahl": "60",
      "klasse": "6.1",
      "bezeichnung": "Ammoniumfluorosilicat"
    },
    {
      "un_number": "2855",
      "gefahrenzahl": "60",
      "klasse": "6.1",
      "bezeichnung": "Zinkfluorosilicat"
    },
    {
      "un_number": "2856",
      "gefahrenzahl": "60",
      "klasse": "6.1",
      "bezeichnung": "Fluorosilicate, N.A.G."
    },
    {
      "un_number": "2857",
      "gefahrenzahl": null,
      "klasse": "2",
      "bezeichnung": "Kältemaschinen mit nicht entzündbarem und nicht giftigem verflüssigten Gas oder Ammoniaklösung (UN 2672)"
    },
    {
      "un_number": "2858",
      "gefahrenzahl": "40",
      "klasse": "4.1",
      "bezeichnung": "Zirconium, trocken, gerollter Draht, fertige Bleche, Streifen (dünner als 254 µm, aber nicht dünner als 18 µm)"
    },
    {
      "un_number": "2859",
      "gefahrenzahl": "60",
      "klasse": "6.1",
      "bezeichnung": "Ammoniummetavanadat"
    },
    {
      "un_number": "2861",
      "gefahrenzahl": "60",
      "klasse": "6.1",
      "bezeichnung": "Ammoniumpolyvanadat"
    },
    {
      "un_number": "2862",
      "gefahrenzahl": "60",
      "klasse": "6.1",
      "bezeichnung": "Vanadiumpentoxid, nicht geschmolzen"
    },
    {
      "un_number": "2863",
      "gefahrenzahl": "60",
      "klasse": "6.1",
      "bezeichnung": "Natriumammoniumvanadat"
    },
    {
      "un_number": "2864",
      "gefahrenzahl": "60",
      "klasse": "6.1",
      "bezeichnung": "Kaliummetavanadat"
    },
    {
      "un_number": "2865",
      "gefahrenzahl": "80",
      "klasse": "8",
      "bezeichnung": "Hydroxylaminsulfat"
    },
    {
      "un_number": "2869",
      "gefahrenzahl": "80",
      "klasse": "8",
      "bezeichnung": "Titantrichlorid, pyrophor oder Titantrichlorid-Mischungen, pyrophor"
    },
    {
      "un_number": "2870",
      "gefahrenzahl": "X333",
      "klasse": "4.2",
      "bezeichnung": "Aluminiumborhydrid"
    },
    {
      "un_number": "2870",
      "gefahrenzahl": null,
      "klasse": "4.2",
      "bezeichnung": "Aluminiumborhydrid in Geräten"
    },
    {
      "un_number": "2871",
      "gefahrenzahl": "60",
      "klasse": "6.1",
      "bezeichnung": "Antimonpulver"
    },
    {
      "un_number": "2872",
      "gefahrenzahl": "60",
      "klasse": "6.1",
      "bezeichnung": "Dibromchlorpropane"
    },
    {
      "un_number": "2873",
      "gefahrenzahl": "60",
      "klasse": "6.1",
      "bezeichnung": "Dibutylaminoethanol"
    },
    {
      "un_number": "2874",
      "gefahrenzahl": "60",
      "klasse": "6.1",
      "bezeichnung": "Furfurylalkohol"
    },
    {
      "un_number": "2875",
      "gefahrenzahl": "60",
      "klasse": "6.1",
      "bezeichnung": "Hexachlorophen"
    },
    {
      "un_number": "2876",
      "gefahrenzahl": "60",
      "klasse": "6.1",
      "bezeichnung": "Dinitroresorcinol, trocken oder angefeuchtet mit weniger als 15 Masse-% Wasser"
    },
    {
      "un_number": "2878",
      "gefahrenzahl": "40",
      "klasse": "4.1",
      "bezeichnung": "Titanschwammgranulate oder Titanschwammpulver"
    },
    {
      "un_number": "2879",
      "gefahrenzahl": "X886",
      "klasse": "8",
      "bezeichnung": "Selenoxychlorid"
    },
    {
      "un_number": "2880",
      "gefahrenzahl": "50",
      "klasse": "5.1",
      "bezeichnung": "Calciumhypochlorit, hydratisiert oder Calciumhypochlorit, hydratisierte Mischung mit mindestens 5,5 %, aber höchstens 16 % Wasser"
    },
    {
      "un_number": "2881",
      "gefahrenzahl": "40",
      "klasse": "4.2",
      "bezeichnung": "Metallkatalysator, trocken"
    }
  ]
}