{
  "title": "UN-Nummern 2900–2998",
  "generated": "2025-09-16",
  "count": 70,
  "columns": [
    "un_number",
    "gefahrenzahl",
    "klasse",
    "bezeichnung"
  ],
  "rows": [
    {
      "un_number": "2900",
      "gefahrenzahl": "606",
      "klasse": "6.2",
      "bezeichnung": "Ansteckungsgefährlicher Stoff, nur gefährlich für Tiere (Risikogruppen 2)"
    },
    {
      "un_number": "2900",
      "gefahrenzahl": "606",
      "klasse": "6.2",
      "bezeichnung": "Ansteckungsgefährlicher Stoff, nur gefährlich für Tiere (Risikogruppen 3 und 4)"
    },
    {
      "un_number": "2901",
      "gefahrenzahl": "265",
      "klasse": "2",
      "bezeichnung": "Bromchlorid"
    },
    {
      "un_number": "2902",
      "gefahrenzahl": "66",
      "klasse": "6.1",
      "bezeichnung": "Pestizid, flüssig, giftig, N.A.G."
    },
    {
      "un_number": "2903",
      "gefahrenzahl": "663",
      "klasse": "6.1",
      "bezeichnung": "Pestizid, flüssig, giftig, entzündbar, N.A.G., mit einem Flammpunkt von 23 °C oder darüber"
    },
    {
      "un_number": "2904",
      "gefahrenzahl": "80",
      "klasse": "8",
      "bezeichnung": "Chlorphenolate, flüssig oder Phenolate, flüssig"
    },
    {
      "un_number": "2905",
      "gefahrenzahl": "80",
      "klasse": "8",
      "bezeichnung": "Chlorphenolate, fest oder Phenolate, fest"
    },
    {
      "un_number": "2907",
      "gefahrenzahl": "40",
      "klasse": "4.1",
      "bezeichnung": "Isosorbiddinitrat, Mischung mit mindestens 60 % Lactose, Mannose, Stärke oder Calciumhydrogenphosphat"
    },
    {
      "un_number": "2908",
      "gefahrenzahl": "70",
      "klasse": "7",
      "bezeichnung": "Radioaktive Stoffe, freigestelltes Versandstück – leere Verpackung"
    },
    {
      "un_number": "2909",
      "gefahrenzahl": "70",
      "klasse": "7",
      "bezeichnung": "Radioaktive Stoffe, freigestelltes Versandstück – Fabrikate aus natürlichem Uran oder aus abgereichertem Uran oder aus natürlichem Thorium"
    },
    {
      "un_number": "2910",
      "gefahrenzahl": "70",
      "klasse": "7",
      "bezeichnung": "Radioaktive Stoffe, freigestelltes Versandstück – begrenzte Stoffmenge"
    },
    {
      "un_number": "2911",
      "gefahrenzahl": "70",
      "klasse": "7",
      "bezeichnung": "Radioaktive Stoffe, freigestelltes Versandstück – Instrumente oder Fabrikate"
    },
    {
      "un_number": "2912",
      "gefahrenzahl": "70",
      "klasse": "7",
      "bezeichnung": "Radioaktive Stoffe mit geringer spezifischer Aktivität (LSA-I), nicht spaltbar oder spaltbar, freigestellt"
    },
    {
      "un_number": "2913",
      "gefahrenzahl": "70",
      "klasse": "7",
      "bezeichnung": "Radioaktive Stoffe, oberflächenkontaminierte Gegenstände (SCO-I, SCO-II oder SCO-III), nicht spaltbar oder spaltbar, freigestellt"
    },
    {
      "un_number": "2915",
      "gefahrenzahl": "70",
      "klasse": "7",
      "bezeichnung": "Radioaktive Stoffe, Typ A-Versandstück, nicht in besonderer Form, nicht spaltbar oder spaltbar, freigestellt"
    },
    {
      "un_number": "2916",
      "gefahrenzahl": "70",
      "klasse": "7",
      "bezeichnung": "Radioaktive Stoffe, Typ B(U)-Versandstück, nicht spaltbar oder spaltbar, freigestellt"
    },
    {
      "un_number": "2917",
      "gefahrenzahl": "70",
      "klasse": "7",
      "bezeichnung": "Radioaktive Stoffe, Typ B(M)-Versandstück, nicht spaltbar oder spaltbar, freigestellt"
    },
    {
      "un_number": "2919",
      "gefahrenzahl": "70",
      "klasse": "7",
      "bezeichnung": "Radioaktive Stoffe, unter Sondervereinbarung befördert, nicht spaltbar oder spaltbar, freigestellt"
    },
    {
      "un_number": "2920",
      "gefahrenzahl": "883",
      "klasse": "8",
      "bezeichnung": "Ätzender, flüssiger Stoff, entzündbar, N.A.G."
    },
    {
      "un_number": "2921",
      "gefahrenzahl": "884",
      "klasse": "8",
      "bezeichnung": "Ätzender, fester Stoff, entzündbar, N.A.G."
    },
    {
      "un_number": "2922",
      "gefahrenzahl": "886",
      "klasse": "8",
      "bezeichnung": "Ätzender, flüssiger Stoff, giftig, N.A.G."
    },
    {
      "un_number": "2923",
      "gefahrenzahl": "886",
      "klasse": "8",
      "bezeichnung": "Ätzender, fester Stoff, giftig, N.A.G."
    },
    {
      "un_number": "2924",
      "gefahrenzahl": "338",
      "klasse": "3",
      "bezeichnung": "Entzündbarer, flüssiger Stoff, ätzend, N.A.G."
    },
    {
      "un_number": "2925",
      "gefahrenzahl": "48",
      "klasse": "4.1",
      "bezeichnung": "Entzündbarer, organischer, fester Stoff, ätzend, N.A.G."
    },
    {
      "un_number": "2926",
      "gefahrenzahl": "46",
      "klasse": "4.1",
      "bezeichnung": "Entzündbarer, organischer, fester Stoff, giftig, N.A.G."
    },
    {
      "un_number": "2927",
      "gefahrenzahl": "668",
      "klasse": "6.1",
      "bezeichnung": "Giftiger, organischer, flüssiger Stoff, ätzend, N.A.G."
    },
    {
      "un_number": "2928",
      "gefahrenzahl": "668",
      "klasse": "6.1",
      "bezeichnung": "Giftiger, organischer, fester Stoff, ätzend, N.A.G."
    },
    {
      "un_number": "2929",
      "gefahrenzahl": "663",
      "klasse": "6.1",
      "bezeichnung": "Giftiger, organischer, flüssiger Stoff, entzündbar, N.A.G."
    },
    {
      "un_number": "2930",
      "gefahrenzahl": "64",
      "klasse": "6.1",
      "bezeichnung": "Giftiger, organischer, fester Stoff, entzündbar"
    },
    {
      "un_number": "2930",
      "gefahrenzahl": "664 + 64",
      "klasse": "6.1",
      "bezeichnung": "Giftiger, organischer, fester Stoff, entzündbar, N.A.G."
    },
    {
      "un_number": "2931",
      "gefahrenzahl": "60",
      "klasse": "6.1",
      "bezeichnung": "Vanadylsulfat"
    },
    {
      "un_number": "2933",
      "gefahrenzahl": "30",
      "klasse": "3",
      "bezeichnung": "Methyl-2-chlorpropionat"
    },
    {
      "un_number": "2934",
      "gefahrenzahl": "30",
      "klasse": "3",
      "bezeichnung": "Isopropyl-2-chlorpropionat"
    },
    {
      "un_number": "2935",
      "gefahrenzahl": "30",
      "klasse": "3",
      "bezeichnung": "Methyl-2-chlorpropionat"
    },
    {
      "un_number": "2936",
      "gefahrenzahl": "60",
      "klasse": "6.1",
      "bezeichnung": "Thiomilchsäure"
    },
    {
      "un_number": "2937",
      "gefahrenzahl": "60",
      "klasse": "6.1",
      "bezeichnung": "alpha-Methylbenzylalkohol, flüssig"
    },
    {
      "un_number": "2940",
      "gefahrenzahl": "40",
      "klasse": "4.2",
      "bezeichnung": "9-Phosphabicyclononane (Cyclooctadienphosphine)"
    },
    {
      "un_number": "2941",
      "gefahrenzahl": "60",
      "klasse": "6.1",
      "bezeichnung": "Fluoraniline"
    },
    {
      "un_number": "2942",
      "gefahrenzahl": "60",
      "klasse": "6.1",
      "bezeichnung": "2-Trifluormethylanilin"
    },
    {
      "un_number": "2943",
      "gefahrenzahl": "30",
      "klasse": "3",
      "bezeichnung": "Tetrahydrofurfurylamin"
    },
    {
      "un_number": "2945",
      "gefahrenzahl": "338",
      "klasse": "3",
      "bezeichnung": "N-Methylbutylamin"
    },
    {
      "un_number": "2946",
      "gefahrenzahl": "60",
      "klasse": "6.1",
      "bezeichnung": "2-Amino-5-diethylaminopentan"
    },
    {
      "un_number": "2947",
      "gefahrenzahl": "30",
      "klasse": "3",
      "bezeichnung": "Isopropylchloracetat"
    },
    {
      "un_number": "2948",
      "gefahrenzahl": "60",
      "klasse": "6.1",
      "bezeichnung": "3-Trifluormethylanilin"
    },
    {
      "un_number": "2949",
      "gefahrenzahl": "80",
      "klasse": "8",
      "bezeichnung": "Natriumhydrogensulfid, hydratisiert, mit mindestens 25 % Kristallwasser"
    },
    {
      "un_number": "2950",
      "gefahrenzahl": "423",
      "klasse": "4.3",
      "bezeichnung": "Magnesiumgranulate, überzogen, mit einer Teilchengröße von mindestens 149 µm"
    },
    {
      "un_number": "2956",
      "gefahrenzahl": "40",
      "klasse": "4.1",
      "bezeichnung": "5-tert-Buytl-2,4,6-trinitro-m-xylen (Xylenmoschus)"
    },
    {
      "un_number": "2965",
      "gefahrenzahl": "382",
      "klasse": "4.2",
      "bezeichnung": "Bortrifluoriddimethyletherat"
    },
    {
      "un_number": "2966",
      "gefahrenzahl": "60",
      "klasse": "6.1",
      "bezeichnung": "Thioglycolsäure"
    },
    {
      "un_number": "2967",
      "gefahrenzahl": "80",
      "klasse": "8",
      "bezeichnung": "Sulfaminsäure"
    },
    {
      "un_number": "2968",
      "gefahrenzahl": "423",
      "klasse": "4.3",
      "bezeichnung": "Maneb, stabilisiert oder Manebzubereitungen, stabilisiert gegen Selbsterhitzung"
    },
    {
      "un_number": "2969",
      "gefahrenzahl": "90",
      "klasse": "9",
      "bezeichnung": "Rizinussaat oder Rizinusmehl oder Rizinussaatkuchen oder Rizinusflocken"
    },
    {
      "un_number": "2977",
      "gefahrenzahl": "78",
      "klasse": "7",
      "bezeichnung": "Radioaktive Stoffe, Uranhexafluorid, spaltbar"
    },
    {
      "un_number": "2978",
      "gefahrenzahl": "78",
      "klasse": "7",
      "bezeichnung": "Radioaktive Stoffe, Uranhexafluorid, nicht spaltbar oder spaltbar, freigestellt"
    },
    {
      "un_number": "2983",
      "gefahrenzahl": "336",
      "klasse": "3",
      "bezeichnung": "Ethylenoxid und Propylenoxid, Mischung mit höchstens 30 % Ethylenoxid"
    },
    {
      "un_number": "2984",
      "gefahrenzahl": "50",
      "klasse": "5.1",
      "bezeichnung": "Wasserstoffperoxid, wässrige Lösung mit mindestens 8 %, aber weniger als 20 % Wasserstoffperoxid (Stabilisierung nach Bedarf)"
    },
    {
      "un_number": "2985",
      "gefahrenzahl": "X338",
      "klasse": "3",
      "bezeichnung": "Chlorsilane, entzündbar, ätzend, N.A.G."
    },
    {
      "un_number": "2986",
      "gefahrenzahl": "X83",
      "klasse": "8",
      "bezeichnung": "Chlorsilane, ätzend, entzündbar, N.A.G."
    },
    {
      "un_number": "2987",
      "gefahrenzahl": "X80",
      "klasse": "8",
      "bezeichnung": "Chlorsilane, ätzend, N.A.G."
    },
    {
      "un_number": "2988",
      "gefahrenzahl": "X338",
      "klasse": "4.3",
      "bezeichnung": "Chlorsilane, mit Wasser reagierend, entzündbar, ätzend, N.A.G."
    },
    {
      "un_number": "2989",
      "gefahrenzahl": "40",
      "klasse": "4.1",
      "bezeichnung": "Bleiphosphit, zweibasig"
    },
    {
      "un_number": "2990",
      "gefahrenzahl": "90",
      "klasse": "9",
      "bezeichnung": "Rettungsmittel, selbstaufblasend"
    },
    {
      "un_number": "2991",
      "gefahrenzahl": "63",
      "klasse": "6.1",
      "bezeichnung": "Carbamat-Pestizid, flüssig, giftig, entzündbar, mit einem Flammpunkt von 23 °C oder darüber"
    },
    {
      "un_number": "2992",
      "gefahrenzahl": "60",
      "klasse": "6.1",
      "bezeichnung": "Carbamat-Pestizid, flüssig, giftig, entzündbar"
    },
    {
      "un_number": "2993",
      "gefahrenzahl": "63",
      "klasse": "6.1",
      "bezeichnung": "Arsenhaltiges Pestizid, flüssig, giftig, entzündbar, mit einem Flammpunkt von 23 °C oder darüber"
    },
    {
      "un_number": "2994",
      "gefahrenzahl": "60",
      "klasse": "6.1",
      "bezeichnung": "Arsenhaltiges Pestizid, flüssig, giftig, entzündbar"
    },
    {
      "un_number": "2995",
      "gefahrenzahl": "63",
      "klasse": "6.1",
      "bezeichnung": "Organochlor-Pestizid, flüssig, giftig, entzündbar, mit einem Flammpunkt von 23 °C oder darüber"
    },
    {
      "un_number": "2996",
      "gefahrenzahl": "60",
      "klasse": "6.1",
      "bezeichnung": "Organochlor-Pestizid, flüssig, giftig, entzündbar"
    },
    {
      "un_number": "2997",
      "gefahrenzahl": "63",
      "klasse": "6.1",
      "bezeichnung": "Triazin-Pestizid, flüssig, giftig, entzündbar, mit einem Flammpunkt von 23 °C oder darüber"
    },
    {
      "un_number": "2998",
      "gefahrenzahl": "60",
      "klasse": "6.1",
      "bezeichnung": "Triazin-Pestizid, flüssig, giftig, entzündbar"
    }
  ]
}