{
  "title": "UN-Nummern 3000–3099",
  "generated": "2025-09-16",
  "count": 58,
  "columns": [
    "un_number",
    "gefahrenzahl",
    "klasse",
    "bezeichnung"
  ],
  "rows": [
    {
      "un_number": "3005",
      "gefahrenzahl": "63",
      "klasse": "6.1",
      "bezeichnung": "Thiocarbamit-Pestizid, flüssig, giftig, entzündbar, mit einem Flammpunkt von 23 °C oder darüber"
    },
    {
      "un_number": "3006",
      "gefahrenzahl": "60",
      "klasse": "6.1",
      "bezeichnung": "Thiocarbamit-Pestizid, flüssig, giftig, entzündbar"
    },
    {
      "un_number": "3009",
      "gefahrenzahl": "63",
      "klasse": "6.1",
      "bezeichnung": "Kupferhaltiges Pestizid, flüssig, giftig, entzündbar, mit einem Flammpunkt von 23 °C oder darüber"
    },
    {
      "un_number": "3010",
      "gefahrenzahl": "60",
      "klasse": "6.1",
      "bezeichnung": "Kupferhaltiges Pestizid, flüssig, giftig, entzündbar"
    },
    {
      "un_number": "3011",
      "gefahrenzahl": "63",
      "klasse": "6.1",
      "bezeichnung": "Quecksilberhaltiges Pestizid, flüssig, giftig, entzündbar, mit einem Flammpunkt von 23 °C oder darüber"
    },
    {
      "un_number": "3012",
      "gefahrenzahl": "60",
      "klasse": "6.1",
      "bezeichnung": "Quecksilberhaltiges Pestizid, flüssig, giftig, entzündbar"
    },
    {
      "un_number": "3013",
      "gefahrenzahl": "63",
      "klasse": "6.1",
      "bezeichnung": "Substituiertes Nitrophenol-Pestizid, flüssig, giftig, entzündbar, mit einem Flammpunkt von 23 °C oder darüber"
    },
    {
      "un_number": "3014",
      "gefahrenzahl": "60",
      "klasse": "6.1",
      "bezeichnung": "Substituiertes Nitrophenol-Pestizid, flüssig, giftig, entzündbar"
    },
    {
      "un_number": "3015",
      "gefahrenzahl": "63",
      "klasse": "6.1",
      "bezeichnung": "Bipyridilium-Pestizid, flüssig, giftig, entzündbar, mit einem Flammpunkt von 23 °C oder darüber"
    },
    {
      "un_number": "3016",
      "gefahrenzahl": "60",
      "klasse": "6.1",
      "bezeichnung": "Bipyridilium-Pestizid, flüssig, giftig, entzündbar"
    },
    {
      "un_number": "3017",
      "gefahrenzahl": "63",
      "klasse": "6.1",
      "bezeichnung": "Organophosphor-Pestizid, flüssig, giftig, entzündbar, mit einem Flammpunkt von 23 °C oder darüber"
    },
    {
      "un_number": "3018",
      "gefahrenzahl": "60",
      "klasse": "6.1",
      "bezeichnung": "Organophosphor-Pestizid, flüssig, giftig, entzündbar"
    },
    {
      "un_number": "3019",
      "gefahrenzahl": "63",
      "klasse": "6.1",
      "bezeichnung": "Organozinn-Pestizid, flüssig, giftig, entzündbar, mit einem Flammpunkt von 23 °C oder darüber"
    },
    {
      "un_number": "3020",
      "gefahrenzahl": "60",
      "klasse": "6.1",
      "bezeichnung": "Organozinn-Pestizid, flüssig, giftig, entzündbar"
    },
    {
      "un_number": "3021",
      "gefahrenzahl": "336",
      "klasse": "3",
      "bezeichnung": "Pestizid, flüssig, entzündbar, giftig, Flammpunkt unter 23 °C"
    },
    {
      "un_number": "3022",
      "gefahrenzahl": "339",
      "klasse": "3",
      "bezeichnung": "1,2-Butylenoxid, stabilisiert"
    },
    {
      "un_number": "3023",
      "gefahrenzahl": "663",
      "klasse": "3",
      "bezeichnung": "2-Methyl-2-Heptanthiol"
    },
    {
      "un_number": "3024",
      "gefahrenzahl": "336",
      "klasse": "3",
      "bezeichnung": "Cumarin-Pestizid, flüssig, entzündbar, giftig, Flammpunkt unter 23 °C"
    },
    {
      "un_number": "3025",
      "gefahrenzahl": "63",
      "klasse": "6.1",
      "bezeichnung": "Cumarin-Pestizid, flüssig, giftig, entzündbar, mit einem Flammpunkt von 23 °C oder darüber"
    },
    {
      "un_number": "3026",
      "gefahrenzahl": "60",
      "klasse": "6.1",
      "bezeichnung": "Cumarin-Pestizid, flüssig, giftig, entzündbar"
    },
    {
      "un_number": "3027",
      "gefahrenzahl": "60",
      "klasse": "6.1",
      "bezeichnung": "Cumarin-Pestizid, fest, giftig"
    },
    {
      "un_number": "3028",
      "gefahrenzahl": "80",
      "klasse": "8",
      "bezeichnung": "Batterien (Akkulumatoren), trocken, Kaliumhydroxid, fest, enthaltend, elektrische Sammler"
    },
    {
      "un_number": "3048",
      "gefahrenzahl": "642",
      "klasse": "6.1",
      "bezeichnung": "Aluminiumphosphid-Pestizid"
    },
    {
      "un_number": "3054",
      "gefahrenzahl": "30",
      "klasse": "3",
      "bezeichnung": "Cyclohexylmercaptan"
    },
    {
      "un_number": "3055",
      "gefahrenzahl": "80",
      "klasse": "8",
      "bezeichnung": "2-(2-Aminoethoxy)-ethanol"
    },
    {
      "un_number": "3056",
      "gefahrenzahl": "30",
      "klasse": "3",
      "bezeichnung": "n-Heptaldehyd"
    },
    {
      "un_number": "3057",
      "gefahrenzahl": "268",
      "klasse": "2",
      "bezeichnung": "Trifluoracetylchlorid"
    },
    {
      "un_number": "3064",
      "gefahrenzahl": "33",
      "klasse": "3",
      "bezeichnung": "Nitroglycerol, Lösung in Alkohol, mit mehr als 1 %, aber höchstens 5 % Nitroglycerol"
    },
    {
      "un_number": "3065",
      "gefahrenzahl": "30",
      "klasse": "3",
      "bezeichnung": "Alkoholische Getränke mit mehr als 24 Vol.-%, höchstens 70 Vol-% Alkohol"
    },
    {
      "un_number": "3065",
      "gefahrenzahl": "33",
      "klasse": "3",
      "bezeichnung": "Alkoholische Getränke mit mehr als 70 Vol.-% Alkohol"
    },
    {
      "un_number": "3066",
      "gefahrenzahl": "80",
      "klasse": "8",
      "bezeichnung": "Farbe (einschließlich Farbe, Lack, Emaille, Beize, Schellack, Firnis, Politur, flüssiger Füllstoff und flüssige Lackgrundlage) oder Farbzubehörstoffe (inklusive Farbverdünnung und -lösemittel)"
    },
    {
      "un_number": "3070",
      "gefahrenzahl": "20",
      "klasse": "2",
      "bezeichnung": "Ethylenoxid und Dichlordifluormethan, Gemisch, mit höchstens 12,5 % Ethylenoxid"
    },
    {
      "un_number": "3071",
      "gefahrenzahl": "63",
      "klasse": "6.1",
      "bezeichnung": "Mercaptane, flüssig, giftig, entzündbar, N.A.G. oder Mercaptane-Mischung, flüssig, giftig, entzündbar, N.A.G."
    },
    {
      "un_number": "3072",
      "gefahrenzahl": "90",
      "klasse": "9",
      "bezeichnung": "Rettungsmittel, nicht selbstaufblasend, gefährliche Güter als Ausrüstung enthaltend"
    },
    {
      "un_number": "3073",
      "gefahrenzahl": "638",
      "klasse": "6.1",
      "bezeichnung": "Vinylpyridine, stabilisiert"
    },
    {
      "un_number": "3076",
      "gefahrenzahl": "X333",
      "klasse": "4.2",
      "bezeichnung": "Aluminiumalkylhydride"
    },
    {
      "un_number": "3077",
      "gefahrenzahl": "90",
      "klasse": "9",
      "bezeichnung": "Umweltgefährdender Stoff, fest, N.A.G."
    },
    {
      "un_number": "3078",
      "gefahrenzahl": "423",
      "klasse": "4.3",
      "bezeichnung": "Cer, Späne oder Grieß"
    },
    {
      "un_number": "3079",
      "gefahrenzahl": "336",
      "klasse": "3",
      "bezeichnung": "Methacrylnitril, stabilisiert"
    },
    {
      "un_number": "3080",
      "gefahrenzahl": "63",
      "klasse": "6.1",
      "bezeichnung": "Isocyanate, giftig, entzündbar, N.A.G. oder Isocyanate, Lösung, giftig, entzündbar, N.A.G."
    },
    {
      "un_number": "3082",
      "gefahrenzahl": "90",
      "klasse": "9",
      "bezeichnung": "Umweltgefährdender Stoff, flüssig, N.A.G."
    },
    {
      "un_number": "3083",
      "gefahrenzahl": "265",
      "klasse": "2",
      "bezeichnung": "Perchlorylfluorid"
    },
    {
      "un_number": "3084",
      "gefahrenzahl": "85",
      "klasse": "8",
      "bezeichnung": "Ätzender, fester Stoff, entzündend (oxidierend) wirkend, N.A.G."
    },
    {
      "un_number": "3085",
      "gefahrenzahl": "58",
      "klasse": "5.1",
      "bezeichnung": "Entzündend (oxidierend) wirkender, fester Stoff, ätzend, N.A.G."
    },
    {
      "un_number": "3086",
      "gefahrenzahl": "65",
      "klasse": "6.1",
      "bezeichnung": "Giftiger, fester Stoff, entzündend (oxidierend) wirkend, N.A.G."
    },
    {
      "un_number": "3087",
      "gefahrenzahl": "56",
      "klasse": "5.1",
      "bezeichnung": "Entzündend (oxidierend) wirkender, fester Stoff, giftig, N.A.G."
    },
    {
      "un_number": "3088",
      "gefahrenzahl": "40",
      "klasse": "4.2",
      "bezeichnung": "Selbsterhitzungsfähiger organischer fester Stoff, N.A.G."
    },
    {
      "un_number": "3089",
      "gefahrenzahl": "40",
      "klasse": "4.1",
      "bezeichnung": "Entzündbares Metallpulver, N.A.G."
    },
    {
      "un_number": "3090",
      "gefahrenzahl": "90",
      "klasse": "9",
      "bezeichnung": "Lithium-Metall-Batterien (einschließlich Batterien aus Lithiumlegierungen)"
    },
    {
      "un_number": "3091",
      "gefahrenzahl": "90",
      "klasse": "9",
      "bezeichnung": "Lithium-Metall-Batterien in Ausrüstungen oder Lithium-Metall-Batterien, mit Ausrüstungen verpackt (einschließlich Batterien aus Lithiumlegierungen)"
    },
    {
      "un_number": "3092",
      "gefahrenzahl": "30",
      "klasse": "3",
      "bezeichnung": "1-Methoxy-2-propanol"
    },
    {
      "un_number": "3093",
      "gefahrenzahl": "885",
      "klasse": "8",
      "bezeichnung": "Ätzender, flüssiger Stoff, entzündend (oxidierend) wirkend, N.A.G."
    },
    {
      "un_number": "3094",
      "gefahrenzahl": "823",
      "klasse": "8",
      "bezeichnung": "Ätzender, flüssiger Stoff, mit Wasser reagierend, N.A.G."
    },
    {
      "un_number": "3095",
      "gefahrenzahl": "84",
      "klasse": "8",
      "bezeichnung": "Ätzender, fester Stoff, selbsterhitzungsfähig, N.A.G."
    },
    {
      "un_number": "3096",
      "gefahrenzahl": "842",
      "klasse": "8",
      "bezeichnung": "Ätzender, fester Stoff, mit Wasser reagierend, N.A.G."
    },
    {
      "un_number": "3097",
      "gefahrenzahl": null,
      "klasse": "4.1",
      "bezeichnung": "Entzündbarer, fester Stoff, entzündend (oxidierend) wirkend, N.A.G. [Beförderung verboten]"
    },
    {
      "un_number": "3098",
      "gefahrenzahl": "558 + 58",
      "klasse": "5.1",
      "bezeichnung": "Entzündend (oxidierend) wirkender, flüssiger Stoff, ätzend, N.A.G."
    },
    {
      "un_number": "3099",
      "gefahrenzahl": "556 + 56",
      "klasse": "5.1",
      "bezeichnung": "Entzündend (oxidierend) wirkender, flüssiger Stoff, giftig, N.A.G."
    }
  ]
}