{
  "title": "UN-Nummern 3100–3194",
  "generated": "2025-09-16",
  "count": 93,
  "columns": [
    "un_number",
    "gefahrenzahl",
    "klasse",
    "bezeichnung"
  ],
  "rows": [
    {
      "un_number": "3100",
      "gefahrenzahl": null,
      "klasse": "5.1",
      "bezeichnung": "Entzündend (oxidierend) wirkender, fester Stoff, selbserhitzungsfähig, N.A.G. [Beförderung verboten]"
    },
    {
      "un_number": "3101",
      "gefahrenzahl": "539",
      "klasse": "5.2",
      "bezeichnung": "Organisches Peroxid, Typ B, flüssig"
    },
    {
      "un_number": "3102",
      "gefahrenzahl": "539",
      "klasse": "5.2",
      "bezeichnung": "Organisches Peroxid, Typ B, fest"
    },
    {
      "un_number": "3103",
      "gefahrenzahl": "539",
      "klasse": "5.2",
      "bezeichnung": "Organisches Peroxid, Typ C, flüssig"
    },
    {
      "un_number": "3104",
      "gefahrenzahl": "539",
      "klasse": "5.2",
      "bezeichnung": "Organisches Peroxid, Typ C, fest"
    },
    {
      "un_number": "3105",
      "gefahrenzahl": "539",
      "klasse": "5.2",
      "bezeichnung": "Organisches Peroxid, Typ D, flüssig"
    },
    {
      "un_number": "3106",
      "gefahrenzahl": "539",
      "klasse": "5.2",
      "bezeichnung": "Organisches Peroxid, Typ D, fest"
    },
    {
      "un_number": "3107",
      "gefahrenzahl": "539",
      "klasse": "5.2",
      "bezeichnung": "Organisches Peroxid, Typ E, flüssig"
    },
    {
      "un_number": "3108",
      "gefahrenzahl": "539",
      "klasse": "5.2",
      "bezeichnung": "Organisches Peroxid, Typ E, fest"
    },
    {
      "un_number": "3109",
      "gefahrenzahl": "539",
      "klasse": "5.2",
      "bezeichnung": "Organisches Peroxid, Typ F, flüssig"
    },
    {
      "un_number": "3110",
      "gefahrenzahl": "539",
      "klasse": "5.2",
      "bezeichnung": "Organisches Peroxid, Typ F, fest"
    },
    {
      "un_number": "3111",
      "gefahrenzahl": null,
      "klasse": "5.2",
      "bezeichnung": "Organisches Peroxid, Typ B, flüssig, temperaturkontrolliert"
    },
    {
      "un_number": "3112",
      "gefahrenzahl": null,
      "klasse": "5.2",
      "bezeichnung": "Organisches Peroxid, Typ B, fest, temperaturkontrolliert"
    },
    {
      "un_number": "3113",
      "gefahrenzahl": null,
      "klasse": "5.2",
      "bezeichnung": "Organisches Peroxid, Typ C, flüssig, temperaturkontrolliert"
    },
    {
      "un_number": "3114",
      "gefahrenzahl": null,
      "klasse": "5.2",
      "bezeichnung": "Organisches Peroxid, Typ C, fest, temperaturkontrolliert"
    },
    {
      "un_number": "3115",
      "gefahrenzahl": null,
      "klasse": "5.2",
      "bezeichnung": "Organisches Peroxid, Typ D, flüssig, temperaturkontrolliert"
    },
    {
      "un_number": "3116",
      "gefahrenzahl": null,
      "klasse": "5.2",
      "bezeichnung": "Organisches Peroxid, Typ D, fest, temperaturkontrolliert"
    },
    {
      "un_number": "3117",
      "gefahrenzahl": null,
      "klasse": "5.2",
      "bezeichnung": "Organisches Peroxid, Typ E, flüssig, temperaturkontrolliert"
    },
    {
      "un_number": "3118",
      "gefahrenzahl": null,
      "klasse": "5.2",
      "bezeichnung": "Organisches Peroxid, Typ E, fest, temperaturkontrolliert"
    },
    {
      "un_number": "3119",
      "gefahrenzahl": "539",
      "klasse": "5.2",
      "bezeichnung": "Organisches Peroxid, Typ F, flüssig, temperaturkontrolliert"
    },
    {
      "un_number": "3120",
      "gefahrenzahl": "539",
      "klasse": "5.2",
      "bezeichnung": "Organisches Peroxid, Typ F, fest, temperaturkontrolliert"
    },
    {
      "un_number": "3121",
      "gefahrenzahl": null,
      "klasse": "5.1",
      "bezeichnung": "Entzündend (oxidierend) wirkender, fester Stoff, mit Wasser reagierend [Beförderung verboten]"
    },
    {
      "un_number": "3122",
      "gefahrenzahl": "65 + 665",
      "klasse": "6.1",
      "bezeichnung": "Giftiger, flüssiger Stoff, entzündend (oxidierend) wirkend, N.A.G."
    },
    {
      "un_number": "3123",
      "gefahrenzahl": "623",
      "klasse": "6.1",
      "bezeichnung": "Giftiger, flüssiger Stoff, mit Wasser reagierend, N.A.G."
    },
    {
      "un_number": "3124",
      "gefahrenzahl": "64",
      "klasse": "6.1",
      "bezeichnung": "Giftiger, fester Stoff, selbsterhitzungsfähig, N.A.G."
    },
    {
      "un_number": "3125",
      "gefahrenzahl": "642",
      "klasse": "6.1",
      "bezeichnung": "Giftiger, fester Stoff, mit Wasser reagierend, N.A.G."
    },
    {
      "un_number": "3126",
      "gefahrenzahl": "48",
      "klasse": "4.2",
      "bezeichnung": "Selbsterhitzungsfähiger, organischer, fester Stoff, ätzend, N.A.G:"
    },
    {
      "un_number": "3127",
      "gefahrenzahl": null,
      "klasse": "4.2",
      "bezeichnung": "Selbsterhitzungsfähiger, fester Stoff, entzündend (oxidierend) wirkend [Beförderung verboten]"
    },
    {
      "un_number": "3128",
      "gefahrenzahl": "46",
      "klasse": "4.2",
      "bezeichnung": "Selbsterhitzungsfähiger, organischer, fester Stoff, giftig, N.A.G."
    },
    {
      "un_number": "3129",
      "gefahrenzahl": "382",
      "klasse": "4.3",
      "bezeichnung": "Mit Wasser reagierender, flüssiger Stoff, ätzend, N.A.G."
    },
    {
      "un_number": "3130",
      "gefahrenzahl": "362",
      "klasse": "4.3",
      "bezeichnung": "Mit Wasser reagierender, flüssiger Stoff, giftig, N.A.G."
    },
    {
      "un_number": "3131",
      "gefahrenzahl": "482",
      "klasse": "4.3",
      "bezeichnung": "Mit Wasser reagierender, fester Stoff, ätzend, N.A.G."
    },
    {
      "un_number": "3132",
      "gefahrenzahl": "X423 + 423",
      "klasse": "4.3",
      "bezeichnung": "Mit Wasser reagierender, fester Stoff, entzündbar, N.A.G. [Beförderung verboten]"
    },
    {
      "un_number": "3133",
      "gefahrenzahl": null,
      "klasse": "4.3",
      "bezeichnung": "Mit Wasser reagierender, fester Stoff, entzündend (oxidierend) wirkend, N.A.G. [Beförderung verboten]"
    },
    {
      "un_number": "3134",
      "gefahrenzahl": "462",
      "klasse": "4.3",
      "bezeichnung": "Mit Wasser reagierender, fester Stoff, giftig, N.A.G."
    },
    {
      "un_number": "3135",
      "gefahrenzahl": "X423 + 423",
      "klasse": "4.3",
      "bezeichnung": "Mit Wasser reagierender, fester Stoff, selbsterhitzungsfähig, N.A.G. [Beförderung verboten]"
    },
    {
      "un_number": "3136",
      "gefahrenzahl": "22",
      "klasse": "2",
      "bezeichnung": "Trifluormethan, tiefgekühlt, flüssig"
    },
    {
      "un_number": "3137",
      "gefahrenzahl": null,
      "klasse": "5.1",
      "bezeichnung": "Entzündend (oxidierend) wirkender, fester Stoff, entzündbar, N.A.G. [Beförderung verboten]"
    },
    {
      "un_number": "3138",
      "gefahrenzahl": "223",
      "klasse": "2",
      "bezeichnung": "Ethylen, Acetylen und Propylen, Gemisch, tiefgekühlt, flüssig, mit mindestens 71,5 % Ethylen, höchstens 22,5 % Acetylen und höchstens 6 % Propylen"
    },
    {
      "un_number": "3139",
      "gefahrenzahl": "50 + 55",
      "klasse": "5.1",
      "bezeichnung": "Entzündend (oxidierend) wirkender flüssiger Stoff, N.A.G."
    },
    {
      "un_number": "3140",
      "gefahrenzahl": "60",
      "klasse": "6.1",
      "bezeichnung": "Alkaloide, flüssig, Alkaloidsalze, flüssig, N.A.G."
    },
    {
      "un_number": "3141",
      "gefahrenzahl": "60",
      "klasse": "6.1",
      "bezeichnung": "Anorganische Antimonverbindung, flüssig, N.A.G."
    },
    {
      "un_number": "3142",
      "gefahrenzahl": "60",
      "klasse": "6.1",
      "bezeichnung": "Desinfektionsmittel, flüssig, giftig, N.A.G."
    },
    {
      "un_number": "3143",
      "gefahrenzahl": "60",
      "klasse": "6.1",
      "bezeichnung": "Farbe, fest, giftig, N.A.G. oder Farbstoffzwischenprodukt, fest, giftig, N.A.G."
    },
    {
      "un_number": "3144",
      "gefahrenzahl": "60",
      "klasse": "6.1",
      "bezeichnung": "Nicotinverbindung, flüssig, N.A.G. oder Nicotinzubereitung, flüssig, N.A.G."
    },
    {
      "un_number": "3145",
      "gefahrenzahl": "80",
      "klasse": "8",
      "bezeichnung": "Alkylphenole, flüssig, N.A.G. einschließlich C2-C12-Homologe"
    },
    {
      "un_number": "3146",
      "gefahrenzahl": "60",
      "klasse": "6.1",
      "bezeichnung": "Organische Zinnverbindung, fest, N.A.G."
    },
    {
      "un_number": "3147",
      "gefahrenzahl": "80",
      "klasse": "8",
      "bezeichnung": "Farbstoff, fest, ätzend, N.A.G. oder Farbstoffzwischenprodukt, fest, ätzend, N.A.G."
    },
    {
      "un_number": "3148",
      "gefahrenzahl": "323",
      "klasse": "4.3",
      "bezeichnung": "Mit Wasser reagierender, flüssiger Stoff, N.A.G."
    },
    {
      "un_number": "3149",
      "gefahrenzahl": "58",
      "klasse": "5.1",
      "bezeichnung": "Wasserstoffperoxid und Peressigsäure, Mischung, stabilisiert mit Säure(n), Wasser und höchstens 5 % Peressigsäure"
    },
    {
      "un_number": "3150",
      "gefahrenzahl": "23",
      "klasse": "2",
      "bezeichnung": "Geräte, klein, mit Kohlenwasserstoffgas, mit Entnahmeeinrichtung oder Kohlenwasserstoffgasnachfüllpatronen für kleine Geräte, mit Entnahmeeinrichtung"
    },
    {
      "un_number": "3151",
      "gefahrenzahl": "90",
      "klasse": "9",
      "bezeichnung": "Polyhalogenierte Biphenyle, flüssig oder polyhalogenierte Terphenyle, flüssig"
    },
    {
      "un_number": "3152",
      "gefahrenzahl": "90",
      "klasse": "9",
      "bezeichnung": "Polyhalogenierte Biphenyle, fest oder polyhalogenierte Terphenyle, fest"
    },
    {
      "un_number": "3153",
      "gefahrenzahl": "23",
      "klasse": "2",
      "bezeichnung": "Perfluor(methylvinyl)ether"
    },
    {
      "un_number": "3154",
      "gefahrenzahl": "23",
      "klasse": "2",
      "bezeichnung": "Perfluor(ethylvinyl)ether"
    },
    {
      "un_number": "3155",
      "gefahrenzahl": "60",
      "klasse": "6.1",
      "bezeichnung": "Natriumpentachlorphenolat"
    },
    {
      "un_number": "3156",
      "gefahrenzahl": "25",
      "klasse": "2",
      "bezeichnung": "Verdichtetes Gas, oxidierend, N.A.G."
    },
    {
      "un_number": "3157",
      "gefahrenzahl": "25",
      "klasse": "2",
      "bezeichnung": "Verflüssigtes Gas, oxidierend, N.A.G."
    },
    {
      "un_number": "3158",
      "gefahrenzahl": "22",
      "klasse": "2",
      "bezeichnung": "Gas, tiefgekühlt, flüssig, N.A.G."
    },
    {
      "un_number": "3159",
      "gefahrenzahl": "20",
      "klasse": "2",
      "bezeichnung": "1,1,1,2-Tetrafluorethan (Gas als Kältemittel R 134a)"
    },
    {
      "un_number": "3160",
      "gefahrenzahl": "263",
      "klasse": "2",
      "bezeichnung": "Verflüssigtes Gas, giftig, entzündbar, N.A.G."
    },
    {
      "un_number": "3161",
      "gefahrenzahl": "23",
      "klasse": "2",
      "bezeichnung": "Verflüssigtes Gas, entzündbar, N.A.G."
    },
    {
      "un_number": "3162",
      "gefahrenzahl": "26",
      "klasse": "2",
      "bezeichnung": "Verflüssigtes Gas, giftig, N.A.G."
    },
    {
      "un_number": "3163",
      "gefahrenzahl": "20",
      "klasse": "2",
      "bezeichnung": "Verflüssigtes Gas, N.A.G."
    },
    {
      "un_number": "3164",
      "gefahrenzahl": null,
      "klasse": "2",
      "bezeichnung": "Gegenstände unter pneumatischem Druck oder Gegenstände unter hydraulischem Druck (mit nicht entzündbaren Gasen)"
    },
    {
      "un_number": "3165",
      "gefahrenzahl": null,
      "klasse": "3",
      "bezeichnung": "Kraftstofftank für hydraulisches Aggregat für Flugzeuge (mit einer Mischung von wasserfreiem Hydrazin und Methylhydrazin) (Kraftstoff M86)"
    },
    {
      "un_number": "3166",
      "gefahrenzahl": null,
      "klasse": "9",
      "bezeichnung": "Fahrzeug mit Antrieb durch entzündbares Gas oder Fahrzeug mit Antrieb durch entzündbare Flüssigkeit oder Brennstoffzellenfahrzeug mit Antrieb durch entzündbares Gas oder Brennstoffzellenfahrzeug mit Antrieb durch entzündbare Flüssigkeit"
    },
    {
      "un_number": "3167",
      "gefahrenzahl": null,
      "klasse": "2",
      "bezeichnung": "Gasprobe, nicht unter Druck stehend, entzündbar, N.A.G., nicht tiefgekühlt flüssig"
    },
    {
      "un_number": "3168",
      "gefahrenzahl": null,
      "klasse": "2",
      "bezeichnung": "Gasprobe, nicht unter Druck stehend, giftig, entzündbar, N.A.G., nicht tiefgekühlt flüssig"
    },
    {
      "un_number": "3169",
      "gefahrenzahl": null,
      "klasse": "2",
      "bezeichnung": "Gasprobe, nicht unter Druck stehend, giftig, N.A.G., nicht tiefgekühlt flüssig"
    },
    {
      "un_number": "3170",
      "gefahrenzahl": "423",
      "klasse": "4.3",
      "bezeichnung": "Nebenprodukte der Aluminiumherstellung oder Nebenprodukte der Aluminiumschmelzung"
    },
    {
      "un_number": "3171",
      "gefahrenzahl": null,
      "klasse": "9",
      "bezeichnung": "Batteriebetriebenes Fahrzeug oder Batteriebetriebenes Gerät [unterliegt nicht den Vorschriften des ADR]"
    },
    {
      "un_number": "3172",
      "gefahrenzahl": "60",
      "klasse": "6.1",
      "bezeichnung": "Toxine, gewonnen aus lebenden Organismen, fest, N.A.G."
    },
    {
      "un_number": "3172",
      "gefahrenzahl": "60",
      "klasse": "6.1",
      "bezeichnung": "Toxine, gewonnen aus lebenden Organismen, flüssig, N.A.G."
    },
    {
      "un_number": "3174",
      "gefahrenzahl": "40",
      "klasse": "4.2",
      "bezeichnung": "Titaniumdisulfid"
    },
    {
      "un_number": "3175",
      "gefahrenzahl": "40",
      "klasse": "4.1",
      "bezeichnung": "Feste Stoffe oder Gemische aus festen Stoffen (wie Präparate, Zubereitungen und Abfälle), die entzündbare flüssige Stoffe mit einem Flammpunkt von höchstens 60 °C enthalten, N.A.G."
    },
    {
      "un_number": "3176",
      "gefahrenzahl": "44",
      "klasse": "4.1",
      "bezeichnung": "Entzündbarer, organischer, fester Stoff, N.A.G., in geschmolzenem Zustand"
    },
    {
      "un_number": "3178",
      "gefahrenzahl": "40",
      "klasse": "4.1",
      "bezeichnung": "Entzündbarer, anorganischer, fester Stoff, N.A.G."
    },
    {
      "un_number": "3179",
      "gefahrenzahl": "46",
      "klasse": "4.1",
      "bezeichnung": "Entzündbarer, anorganischer, fester Stoff, giftig, N.A.G."
    },
    {
      "un_number": "3180",
      "gefahrenzahl": "48",
      "klasse": "4.1",
      "bezeichnung": "Entzündbarer, anorganischer, fester Stoff, ätzend, N.A.G."
    },
    {
      "un_number": "3181",
      "gefahrenzahl": "40",
      "klasse": "4.1",
      "bezeichnung": "Entzündbare Metallsalze organischer Verbindungen, N.A.G."
    },
    {
      "un_number": "3182",
      "gefahrenzahl": "40",
      "klasse": "4.1",
      "bezeichnung": "Entzündbare Metallhydride, N.A.G."
    },
    {
      "un_number": "3183",
      "gefahrenzahl": "30",
      "klasse": "4.2",
      "bezeichnung": "Selbsterhitzungsfähiger, organischer, flüssiger Stoff, N.A.G."
    },
    {
      "un_number": "3184",
      "gefahrenzahl": "36",
      "klasse": "4.2",
      "bezeichnung": "Selbsterhitzungsfähiger, organischer, flüssiger Stoff, giftig, N.A.G."
    },
    {
      "un_number": "3185",
      "gefahrenzahl": "38",
      "klasse": "4.2",
      "bezeichnung": "Selbsterhitzungsfähiger, organischer, flüssiger Stoff, ätzend, N.A.G."
    },
    {
      "un_number": "3186",
      "gefahrenzahl": "30",
      "klasse": "4.2",
      "bezeichnung": "Selbsterhitzungsfähiger, anorganischer, flüssiger Stoff, N.A.G."
    },
    {
      "un_number": "3187",
      "gefahrenzahl": "36",
      "klasse": "4.2",
      "bezeichnung": "Selbsterhitzungsfähiger, anorganischer, flüssiger Stoff, giftig, N.A.G."
    },
    {
      "un_number": "3188",
      "gefahrenzahl": "38",
      "klasse": "4.2",
      "bezeichnung": "Selbsterhitzungsfähiger, anorganischer, flüssiger Stoff, ätzend, N.A.G."
    },
    {
      "un_number": "3189",
      "gefahrenzahl": "40",
      "klasse": "4.2",
      "bezeichnung": "Selbsterhitzungsfähiges Metallpulver, N.A.G."
    },
    {
      "un_number": "3190",
      "gefahrenzahl": "40",
      "klasse": "4.2",
      "bezeichnung": "Selbsterhitzungsfähiger, anorganischer, fester Stoff, N.A.G."
    },
    {
      "un_number": "3191",
      "gefahrenzahl": "46",
      "klasse": "4.2",
      "bezeichnung": "Selbsterhitzungsfähiger, anorganischer, fester Stoff, giftig, N.A.G."
    },
    {
      "un_number": "3192",
      "gefahrenzahl": "48",
      "klasse": "4.2",
      "bezeichnung": "Selbsterhitzungsfähiger, anorganischer, fester Stoff, ätzend, N.A.G."
    },
    {
      "un_number": "3194",
      "gefahrenzahl": "333",
      "klasse": "4.2",
      "bezeichnung": "Pyrophorer, anorganischer, flüssiger Stoff, N.A.G."
    }
  ]
}