{
  "title": "UN-Nummern 3200–3299",
  "generated": "2025-09-16",
  "count": 103,
  "columns": [
    "un_number",
    "gefahrenzahl",
    "klasse",
    "bezeichnung"
  ],
  "rows": [
    {
      "un_number": "3200",
      "gefahrenzahl": "43",
      "klasse": "4.2",
      "bezeichnung": "Pyrophorer anorganischer fester Stoff, N.A.G."
    },
    {
      "un_number": "3203",
      "gefahrenzahl": "X333",
      "klasse": "4.2",
      "bezeichnung": "Pyrophore metallorganische Verbindung, mit Wasser reagierend, fest"
    },
    {
      "un_number": "3203",
      "gefahrenzahl": "X333",
      "klasse": "4.2",
      "bezeichnung": "Pyrophore metallorganische Verbindung, mit Wasser reagierend, flüssig"
    },
    {
      "un_number": "3205",
      "gefahrenzahl": "48",
      "klasse": "4.2",
      "bezeichnung": "Erdalkalimetallalkoholate, N.A.G."
    },
    {
      "un_number": "3206",
      "gefahrenzahl": "48",
      "klasse": "4.2",
      "bezeichnung": "Alkalimetallalkoholate, selbsterhitzungsfähig, ätzend, N.A.G."
    },
    {
      "un_number": "3207",
      "gefahrenzahl": "323",
      "klasse": "4.3",
      "bezeichnung": "Metallorganische Verbindung oder metallorganische Verbindung, Lösung oder metallorganische Verbindung, Dispersion, mit Wasser reagierend, entzündbar"
    },
    {
      "un_number": "3208",
      "gefahrenzahl": "423",
      "klasse": "4.3",
      "bezeichnung": "Metallischer Stoff, mit Wasser reagierend, N.A.G."
    },
    {
      "un_number": "3209",
      "gefahrenzahl": "423",
      "klasse": "4.3",
      "bezeichnung": "Metallischer Stoff, mit Wasser reagierend, selbsterhitzungsfähig, N.A.G."
    },
    {
      "un_number": "3210",
      "gefahrenzahl": "50",
      "klasse": "5.1",
      "bezeichnung": "Chlorate, anorganische, wässrige Lösung, N.A.G."
    },
    {
      "un_number": "3211",
      "gefahrenzahl": "50",
      "klasse": "5.1",
      "bezeichnung": "Perchlorate, anorganische, wässrige Lösung, N.A.G."
    },
    {
      "un_number": "3212",
      "gefahrenzahl": "50",
      "klasse": "5.1",
      "bezeichnung": "Hypochlorite, anorganische, N.A.G."
    },
    {
      "un_number": "3213",
      "gefahrenzahl": "50",
      "klasse": "5.1",
      "bezeichnung": "Bromate, anorganische, wässrige Lösung, N.A.G."
    },
    {
      "un_number": "3214",
      "gefahrenzahl": "50",
      "klasse": "5.1",
      "bezeichnung": "Permanganate, anorganische, wässrige Lösung, N.A.G."
    },
    {
      "un_number": "3215",
      "gefahrenzahl": "50",
      "klasse": "5.1",
      "bezeichnung": "Persulfate, anorganische, N.A.G."
    },
    {
      "un_number": "3216",
      "gefahrenzahl": "50",
      "klasse": "5.1",
      "bezeichnung": "Persulfate, anorganische, wässrige Lösung, N.A.G."
    },
    {
      "un_number": "3218",
      "gefahrenzahl": "50",
      "klasse": "5.1",
      "bezeichnung": "Nitrate, anorganische, wässrige Lösung, N.A.G."
    },
    {
      "un_number": "3219",
      "gefahrenzahl": "50",
      "klasse": "5.1",
      "bezeichnung": "Nitrite, anorganische, wässrige Lösung, N.A.G."
    },
    {
      "un_number": "3220",
      "gefahrenzahl": "20",
      "klasse": "2",
      "bezeichnung": "Pentafluorethan (Gas als Kältemittel R 125)"
    },
    {
      "un_number": "3221",
      "gefahrenzahl": null,
      "klasse": "4.1",
      "bezeichnung": "Selbstzersetzlicher Stoff Typ B, flüssig"
    },
    {
      "un_number": "3222",
      "gefahrenzahl": null,
      "klasse": "4.1",
      "bezeichnung": "Selbstzersetzlicher Stoff Typ B, fest"
    },
    {
      "un_number": "3223",
      "gefahrenzahl": null,
      "klasse": "4.1",
      "bezeichnung": "Selbstzersetzlicher Stoff Typ C, flüssig"
    },
    {
      "un_number": "3224",
      "gefahrenzahl": null,
      "klasse": "4.1",
      "bezeichnung": "Selbstzersetzlicher Stoff Typ C, fest"
    },
    {
      "un_number": "3225",
      "gefahrenzahl": null,
      "klasse": "4.1",
      "bezeichnung": "Selbstzersetzlicher Stoff Typ D, flüssig"
    },
    {
      "un_number": "3226",
      "gefahrenzahl": null,
      "klasse": "4.1",
      "bezeichnung": "Selbstzersetzlicher Stoff Typ D, fest"
    },
    {
      "un_number": "3227",
      "gefahrenzahl": null,
      "klasse": "4.1",
      "bezeichnung": "Selbstzersetzlicher Stoff Typ E, flüssig"
    },
    {
      "un_number": "3228",
      "gefahrenzahl": null,
      "klasse": "4.1",
      "bezeichnung": "Selbstzersetzlicher Stoff Typ E, fest"
    },
    {
      "un_number": "3229",
      "gefahrenzahl": "40",
      "klasse": "4.1",
      "bezeichnung": "Selbstzersetzlicher Stoff Typ F, flüssig"
    },
    {
      "un_number": "3230",
      "gefahrenzahl": "40",
      "klasse": "4.1",
      "bezeichnung": "Selbstzersetzlicher Stoff Typ F, fest"
    },
    {
      "un_number": "3231",
      "gefahrenzahl": null,
      "klasse": "4.1",
      "bezeichnung": "Selbstzersetzlicher Stoff Typ B, flüssig, temperaturkontrolliert"
    },
    {
      "un_number": "3232",
      "gefahrenzahl": null,
      "klasse": "4.1",
      "bezeichnung": "Selbstzersetzlicher Stoff Typ B, fest, temperaturkontrolliert"
    },
    {
      "un_number": "3233",
      "gefahrenzahl": null,
      "klasse": "4.1",
      "bezeichnung": "Selbstzersetzlicher Stoff Typ C, flüssig, temperaturkontrolliert"
    },
    {
      "un_number": "3234",
      "gefahrenzahl": null,
      "klasse": "4.1",
      "bezeichnung": "Selbstzersetzlicher Stoff Typ C, fest, temperaturkontrolliert"
    },
    {
      "un_number": "3235",
      "gefahrenzahl": null,
      "klasse": "4.1",
      "bezeichnung": "Selbstzersetzlicher Stoff Typ D, flüssig, temperaturkontrolliert"
    },
    {
      "un_number": "3236",
      "gefahrenzahl": null,
      "klasse": "4.1",
      "bezeichnung": "Selbstzersetzlicher Stoff Typ D, fest, temperaturkontrolliert"
    },
    {
      "un_number": "3237",
      "gefahrenzahl": null,
      "klasse": "4.1",
      "bezeichnung": "Selbstzersetzlicher Stoff Typ E, flüssig, temperaturkontrolliert"
    },
    {
      "un_number": "3238",
      "gefahrenzahl": null,
      "klasse": "4.1",
      "bezeichnung": "Selbstzersetzlicher Stoff Typ E, fest, temperaturkontrolliert"
    },
    {
      "un_number": "3239",
      "gefahrenzahl": "40",
      "klasse": "4.1",
      "bezeichnung": "Selbstzersetzlicher Stoff Typ F, flüssig, temperaturkontrolliert"
    },
    {
      "un_number": "3240",
      "gefahrenzahl": "40",
      "klasse": "4.1",
      "bezeichnung": "Selbstzersetzlicher Stoff Typ F, fest, temperaturkontrolliert"
    },
    {
      "un_number": "3241",
      "gefahrenzahl": null,
      "klasse": "4.1",
      "bezeichnung": "2-Brom-2-nitropropan-1,3-diol"
    },
    {
      "un_number": "3242",
      "gefahrenzahl": "40",
      "klasse": "4.1",
      "bezeichnung": "Azodicarbonamid"
    },
    {
      "un_number": "3243",
      "gefahrenzahl": "60",
      "klasse": "6.1",
      "bezeichnung": "Feste Stoffe mit giftigem, flüssigem Stoff, N.A.G."
    },
    {
      "un_number": "3244",
      "gefahrenzahl": "80",
      "klasse": "8",
      "bezeichnung": "Feste Stoffe mit ätzendem, flüssigem Stoff, N.A.G."
    },
    {
      "un_number": "3245",
      "gefahrenzahl": "90",
      "klasse": "9",
      "bezeichnung": "Genetisch veränderte Mikroorganismen oder Genetisch veränderte Organismen"
    },
    {
      "un_number": "3246",
      "gefahrenzahl": "668",
      "klasse": "6.1",
      "bezeichnung": "Methansulfonylchlorid"
    },
    {
      "un_number": "3247",
      "gefahrenzahl": "50",
      "klasse": "5.1",
      "bezeichnung": "Natriumperoxoborat, wasserfrei"
    },
    {
      "un_number": "3248",
      "gefahrenzahl": "36",
      "klasse": "3",
      "bezeichnung": "Medikament, flüssig, entzündbar, giftig, N.A.G."
    },
    {
      "un_number": "3249",
      "gefahrenzahl": "60",
      "klasse": "6.1",
      "bezeichnung": "Medikament, fest, giftig, N.A.G."
    },
    {
      "un_number": "3250",
      "gefahrenzahl": "68",
      "klasse": "6.1",
      "bezeichnung": "Chloressigsäure, geschmolzen"
    },
    {
      "un_number": "3251",
      "gefahrenzahl": null,
      "klasse": "4.1",
      "bezeichnung": "Isosorbid-5-mononitrat"
    },
    {
      "un_number": "3252",
      "gefahrenzahl": "23",
      "klasse": "2",
      "bezeichnung": "Difluormethan (Gas als Kältemittel R 32)"
    },
    {
      "un_number": "3253",
      "gefahrenzahl": "80",
      "klasse": "8",
      "bezeichnung": "Dinatriumtrioxosilicat"
    },
    {
      "un_number": "3254",
      "gefahrenzahl": "83",
      "klasse": "4.2",
      "bezeichnung": "Tributylphosphan"
    },
    {
      "un_number": "3255",
      "gefahrenzahl": null,
      "klasse": "4.2",
      "bezeichnung": "tert-Butylhypochlorit [Beförderung verboten]"
    },
    {
      "un_number": "3256",
      "gefahrenzahl": "30",
      "klasse": "3",
      "bezeichnung": "Erwärmter, flüssiger Stoff, entzündbar, N.A.G., mit einem Flammpunkt über 61 °C, bei oder über seinem Flammpunkt"
    },
    {
      "un_number": "3257",
      "gefahrenzahl": "99",
      "klasse": "9",
      "bezeichnung": "Bitumen (z. B. Straßenbaubitumen, PmB, Oxidationsbitumen, Vakuumrückstand)"
    },
    {
      "un_number": "3257",
      "gefahrenzahl": "99",
      "klasse": "9",
      "bezeichnung": "Erwärmter, flüssiger Stoff, N.A.G., bei oder über 100 °C und bei Stoffen mit einem Schmelzpunkt unter seinem Flammpunkt (einschließlich geschmolzenes Metall, geschmolzenes Salz usw.)"
    },
    {
      "un_number": "3258",
      "gefahrenzahl": "99",
      "klasse": "9",
      "bezeichnung": "Erwärmter, fester Stoff, N.A.G., bei oder über 240 °C"
    },
    {
      "un_number": "3259",
      "gefahrenzahl": "80",
      "klasse": "8",
      "bezeichnung": "Amine, fest, ätzend, N.A.G. oder Polyamine, fest, ätzend, N.A.G."
    },
    {
      "un_number": "3260",
      "gefahrenzahl": "80",
      "klasse": "8",
      "bezeichnung": "Ätzender, saurer, anorganischer, fester Stoff, N.A.G."
    },
    {
      "un_number": "3261",
      "gefahrenzahl": "80",
      "klasse": "8",
      "bezeichnung": "Ätzender, saurer, organischer, fester Stoff, N.A.G."
    },
    {
      "un_number": "3262",
      "gefahrenzahl": "80",
      "klasse": "8",
      "bezeichnung": "Ätzender, basischer, anorganischer, fester Stoff, N.A.G."
    },
    {
      "un_number": "3263",
      "gefahrenzahl": "80",
      "klasse": "8",
      "bezeichnung": "Ätzender, basischer, organischer, fester Stoff, N.A.G."
    },
    {
      "un_number": "3264",
      "gefahrenzahl": "80",
      "klasse": "8",
      "bezeichnung": "Ätzender, saurer, anorganischer, flüssiger Stoff, N.A.G."
    },
    {
      "un_number": "3265",
      "gefahrenzahl": "80",
      "klasse": "8",
      "bezeichnung": "Ätzender, saurer, organischer, flüssiger Stoff, N.A.G."
    },
    {
      "un_number": "3266",
      "gefahrenzahl": "80",
      "klasse": "8",
      "bezeichnung": "Ätzender, basischer, anorganischer, flüssiger Stoff, N.A.G."
    },
    {
      "un_number": "3267",
      "gefahrenzahl": "80",
      "klasse": "8",
      "bezeichnung": "Ätzender, basischer, organischer, flüssiger Stoff, N.A.G."
    },
    {
      "un_number": "3268",
      "gefahrenzahl": null,
      "klasse": "9",
      "bezeichnung": "Airbag-Gasgeneratoren, pyrotechnisch oder Airbag-Module, pyrotechnisch oder Gurtstraffer, pyrotechnisch oder Sicherheitseinrichtungen, elektrische Auslösung"
    },
    {
      "un_number": "3269",
      "gefahrenzahl": null,
      "klasse": "3",
      "bezeichnung": "Polyesterharzmehrkomponentensysteme"
    },
    {
      "un_number": "3270",
      "gefahrenzahl": null,
      "klasse": "4.1",
      "bezeichnung": "Membranfilter aus Nitrocellulose, mit höchstens 12,6 % Stickstoff in der Trockenmasse"
    },
    {
      "un_number": "3271",
      "gefahrenzahl": "30",
      "klasse": "3",
      "bezeichnung": "Ether, N.A.G."
    },
    {
      "un_number": "3272",
      "gefahrenzahl": "30",
      "klasse": "3",
      "bezeichnung": "Ester, N.A.G."
    },
    {
      "un_number": "3273",
      "gefahrenzahl": "336",
      "klasse": "3",
      "bezeichnung": "Nitrile, entzündbar, giftig, N.A.G."
    },
    {
      "un_number": "3274",
      "gefahrenzahl": "338",
      "klasse": "3",
      "bezeichnung": "Alkoholate, Lösung in Alkohol, N.A.G."
    },
    {
      "un_number": "3275",
      "gefahrenzahl": "63",
      "klasse": "6.1",
      "bezeichnung": "Nitrile, giftig, entzündbar, N.A.G."
    },
    {
      "un_number": "3276",
      "gefahrenzahl": "60",
      "klasse": "6.1",
      "bezeichnung": "Nitrile, giftig, N.A.G."
    },
    {
      "un_number": "3277",
      "gefahrenzahl": "68",
      "klasse": "6.1",
      "bezeichnung": "Chlorformiate, giftig, ätzend, N.A.G."
    },
    {
      "un_number": "3278",
      "gefahrenzahl": "60",
      "klasse": "6.1",
      "bezeichnung": "Organische Phosphorverbindung, giftig, fest, N.A.G."
    },
    {
      "un_number": "3278",
      "gefahrenzahl": "60",
      "klasse": "6.1",
      "bezeichnung": "Organische Phosphorverbindung, giftig, flüssig, N.A.G."
    },
    {
      "un_number": "3279",
      "gefahrenzahl": "63",
      "klasse": "6.1",
      "bezeichnung": "Organische Phosphorverbindung, giftig, entzündbar, N.A.G."
    },
    {
      "un_number": "3280",
      "gefahrenzahl": "60",
      "klasse": "6.1",
      "bezeichnung": "Organische Arsenverbindung, flüssig, N.A.G."
    },
    {
      "un_number": "3281",
      "gefahrenzahl": "60",
      "klasse": "6.1",
      "bezeichnung": "Metallcarbonyle, fest, N.A.G."
    },
    {
      "un_number": "3281",
      "gefahrenzahl": "60",
      "klasse": "6.1",
      "bezeichnung": "Metallcarbonyle, flüssig, N.A.G."
    },
    {
      "un_number": "3282",
      "gefahrenzahl": "60",
      "klasse": "6.1",
      "bezeichnung": "Metallorganische Verbindung, giftig, fest, N.A.G."
    },
    {
      "un_number": "3282",
      "gefahrenzahl": "60",
      "klasse": "6.1",
      "bezeichnung": "Metallorganische Verbindung, giftig, flüssig, N.A.G."
    },
    {
      "un_number": "3283",
      "gefahrenzahl": "60",
      "klasse": "6.1",
      "bezeichnung": "Selenverbindung, fest, N.A.G."
    },
    {
      "un_number": "3284",
      "gefahrenzahl": "60",
      "klasse": "6.1",
      "bezeichnung": "Tellurverbindung, N.A.G."
    },
    {
      "un_number": "3285",
      "gefahrenzahl": "60",
      "klasse": "6.1",
      "bezeichnung": "Vanadiumverbindung, N.A.G."
    },
    {
      "un_number": "3286",
      "gefahrenzahl": "368",
      "klasse": "3",
      "bezeichnung": "Entzündbarer, flüssiger Stoff, giftig, ätzend, N.A.G."
    },
    {
      "un_number": "3287",
      "gefahrenzahl": "60",
      "klasse": "6.1",
      "bezeichnung": "Giftiger, anorganischer, flüssiger Stoff, N.A.G."
    },
    {
      "un_number": "3288",
      "gefahrenzahl": "60",
      "klasse": "6.1",
      "bezeichnung": "Giftiger, anorganischer, fester Stoff, N.A.G."
    },
    {
      "un_number": "3289",
      "gefahrenzahl": "68",
      "klasse": "6.1",
      "bezeichnung": "Giftiger, anorganischer, flüssiger Stoff, ätzend, N.A.G."
    },
    {
      "un_number": "3290",
      "gefahrenzahl": "68",
      "klasse": "6.1",
      "bezeichnung": "Giftiger, anorganischer, fester Stoff, ätzend, N.A.G."
    },
    {
      "un_number": "3291",
      "gefahrenzahl": "606",
      "klasse": "6.2",
      "bezeichnung": "Klinischer Abfall, unspezifiziert, N.A.G. oder (Bio)Medizinischer Abfall, N.A.G. oder Unter die vorschriften fallender Medizinischer Abfall, N.A.G."
    },
    {
      "un_number": "3292",
      "gefahrenzahl": null,
      "klasse": "4.3",
      "bezeichnung": "Batterien, die metallisches Natrium oder Natriumlegierungen enthalten oder Zellen, die metallisches Natrium oder Natriumlegierungen enthalten"
    },
    {
      "un_number": "3293",
      "gefahrenzahl": "60",
      "klasse": "6.1",
      "bezeichnung": "Hydrazin, wässrige Lösung mit höchstens 37 Masse-% Hydrazin"
    },
    {
      "un_number": "3294",
      "gefahrenzahl": "663",
      "klasse": "6.1",
      "bezeichnung": "Cyanwasserstoff, Lösung in Alkohol mit höchstens 45 % Cyanwasserstoff"
    },
    {
      "un_number": "3295",
      "gefahrenzahl": "33",
      "klasse": "3",
      "bezeichnung": "Kohlenwasserstoffe, flüssig, N.A.G."
    },
    {
      "un_number": "3295",
      "gefahrenzahl": "33",
      "klasse": "3",
      "bezeichnung": "Kohlenwasserstoffe, flüssig, N.A.G., Dampfdruck bei 50 °C größer als 110 kPa"
    },
    {
      "un_number": "3295",
      "gefahrenzahl": "33",
      "klasse": "3",
      "bezeichnung": "Kohlenwasserstoffe, flüssig, N.A.G., Dampfdruck bei 50 °C höchstens 110 kPa"
    },
    {
      "un_number": "3296",
      "gefahrenzahl": "20",
      "klasse": "2",
      "bezeichnung": "Heptafluorpropan (Gas als Kältemittel R 227)"
    },
    {
      "un_number": "3297",
      "gefahrenzahl": "20",
      "klasse": "2",
      "bezeichnung": "Ethylenoxid und Chlortetrafluorethan, Gemisch mit höchstens 8,8 % Ethylenoxid"
    },
    {
      "un_number": "3298",
      "gefahrenzahl": "20",
      "klasse": "2",
      "bezeichnung": "Ethylenoxid und Pentafluorethan, Gemisch mit höchstens 7,9 % Ethylenoxid"
    },
    {
      "un_number": "3299",
      "gefahrenzahl": "20",
      "klasse": "2",
      "bezeichnung": "Ethylenoxid und Tetrafluorethan, Gemisch mit höchstens 5,6 % Ethylenoxid"
    }
  ]
}