{
  "title": "UN-Nummern 3300–3399",
  "generated": "2025-09-16",
  "count": 112,
  "columns": [
    "un_number",
    "gefahrenzahl",
    "klasse",
    "bezeichnung"
  ],
  "rows": [
    {
      "un_number": "3300",
      "gefahrenzahl": "263",
      "klasse": "2",
      "bezeichnung": "Ethylenoxid und Kohlendioxid, Gemisch mit mehr als 87 % Ethylenoxid"
    },
    {
      "un_number": "3301",
      "gefahrenzahl": "84",
      "klasse": "8",
      "bezeichnung": "Ätzender, flüssiger Stoff, selbsterhitzungsfähig, N.A.G."
    },
    {
      "un_number": "3302",
      "gefahrenzahl": "60",
      "klasse": "6.1",
      "bezeichnung": "2-Dimethylaminoethylacrylat"
    },
    {
      "un_number": "3303",
      "gefahrenzahl": "265",
      "klasse": "2",
      "bezeichnung": "Verdichtetes Gas, giftig, oxidierend, N.A.G."
    },
    {
      "un_number": "3304",
      "gefahrenzahl": "268",
      "klasse": "2",
      "bezeichnung": "Verdichtetes Gas, giftig, ätzend, N.A.G."
    },
    {
      "un_number": "3305",
      "gefahrenzahl": "263",
      "klasse": "2",
      "bezeichnung": "Verdichtetes Gas, giftig, entzündbar, ätzend, N.A.G."
    },
    {
      "un_number": "3306",
      "gefahrenzahl": "265",
      "klasse": "2",
      "bezeichnung": "Verdichtetes Gas, giftig, oxidierend, ätzend, N.A.G."
    },
    {
      "un_number": "3307",
      "gefahrenzahl": "265",
      "klasse": "2",
      "bezeichnung": "Verflüssigtes Gas, giftig, oxidierend, N.A.G."
    },
    {
      "un_number": "3308",
      "gefahrenzahl": "268",
      "klasse": "2",
      "bezeichnung": "Verflüssigtes Gas, giftig, ätzend, N.A.G."
    },
    {
      "un_number": "3309",
      "gefahrenzahl": "263",
      "klasse": "2",
      "bezeichnung": "Verflüssigtes Gas, giftig, entzündbar, ätzend, N.A.G."
    },
    {
      "un_number": "3310",
      "gefahrenzahl": "265",
      "klasse": "2",
      "bezeichnung": "Verflüssigtes Gas, giftig, oxidierend, ätzend, N.A.G."
    },
    {
      "un_number": "3311",
      "gefahrenzahl": "225",
      "klasse": "2",
      "bezeichnung": "Gas, tiefgekühlt, flüssig, oxidierend, N.A.G."
    },
    {
      "un_number": "3312",
      "gefahrenzahl": "223",
      "klasse": "2",
      "bezeichnung": "Gas, tiefgekühlt, flüssig, entzündbar, N.A.G."
    },
    {
      "un_number": "3313",
      "gefahrenzahl": "40",
      "klasse": "4.2",
      "bezeichnung": "Selbsterhitzungsfähige organische Pigmente"
    },
    {
      "un_number": "3314",
      "gefahrenzahl": "90",
      "klasse": "9",
      "bezeichnung": "Kunststoffpressmischung, in Teig-, Platten- oder Strangpressform, entzündbare Dämpfe abgebend"
    },
    {
      "un_number": "3315",
      "gefahrenzahl": null,
      "klasse": "6.1",
      "bezeichnung": "Chemische Probe, giftig"
    },
    {
      "un_number": "3316",
      "gefahrenzahl": null,
      "klasse": "9",
      "bezeichnung": "Chemie-Testsatz oder Erste-Hilfe-Ausrüstung"
    },
    {
      "un_number": "3317",
      "gefahrenzahl": null,
      "klasse": "4.1",
      "bezeichnung": "2-Amino-4,6-dinitrophenol, angefeuchtet mit mindestens 20 Masse-% Wasser"
    },
    {
      "un_number": "3318",
      "gefahrenzahl": "268",
      "klasse": "2",
      "bezeichnung": "Ammoniaklösung in Wasser, Dichte kleiner als 0,880 kg/l bei 15 °C, mit mehr als 50 % Ammoniak"
    },
    {
      "un_number": "3319",
      "gefahrenzahl": null,
      "klasse": "4.1",
      "bezeichnung": "Nitroglycerin, Gemisch, desensibilisiert, fest, N.A.G., mit mehr als 2 Masse-%, aber höchstens 10 Masse-% Nitroglycerin"
    },
    {
      "un_number": "3320",
      "gefahrenzahl": "80",
      "klasse": "8",
      "bezeichnung": "Natriumborhydrid und Natriumhydroxid, Lösung mit höchstens 12 Masse-% Natriumborhydrid und höchstens 40 Masse-% Natriumhydroxid"
    },
    {
      "un_number": "3321",
      "gefahrenzahl": "70",
      "klasse": "7",
      "bezeichnung": "Radioaktive Stoffe mit geringer spezifischer Aktivität (LSA-II), nicht spaltbar oder spaltbar, freigestellt"
    },
    {
      "un_number": "3322",
      "gefahrenzahl": "70",
      "klasse": "7",
      "bezeichnung": "Radioaktive Stoffe mit geringer spezifischer Aktivität (LSA-III), nicht spaltbar oder spaltbar, freigestellt"
    },
    {
      "un_number": "3323",
      "gefahrenzahl": "70",
      "klasse": "7",
      "bezeichnung": "Radioaktive Stoffe, Typ C-Versandstück, nicht spaltbar oder spaltbar, freigestellt"
    },
    {
      "un_number": "3324",
      "gefahrenzahl": "70",
      "klasse": "7",
      "bezeichnung": "Radioaktive Stoffe mit geringer spezifischer Aktivität (LSA-II), spaltbar"
    },
    {
      "un_number": "3325",
      "gefahrenzahl": "70",
      "klasse": "7",
      "bezeichnung": "Radioaktive Stoffe mit geringer spezifischer Aktivität (LSA-III), spaltbar"
    },
    {
      "un_number": "3326",
      "gefahrenzahl": "70",
      "klasse": "7",
      "bezeichnung": "Radioaktive Stoffe, oberflächenkontaminierte Gegenstände (SCO-I oder SCO-II), spaltbar"
    },
    {
      "un_number": "3327",
      "gefahrenzahl": "70",
      "klasse": "7",
      "bezeichnung": "Radioaktive Stoffe, Typ A-Versandstück, spaltbar, nicht in besonderer Form"
    },
    {
      "un_number": "3328",
      "gefahrenzahl": "70",
      "klasse": "7",
      "bezeichnung": "Radioaktive Stoffe, Typ B(U)-Versandstück, spaltbar"
    },
    {
      "un_number": "3329",
      "gefahrenzahl": "75",
      "klasse": "7",
      "bezeichnung": "Radioaktive Stoffe, Typ B(M)-Versandstück, spaltbar"
    },
    {
      "un_number": "3330",
      "gefahrenzahl": "70",
      "klasse": "7",
      "bezeichnung": "Radioaktive Stoffe, Typ C-Versandstück, spaltbar"
    },
    {
      "un_number": "3331",
      "gefahrenzahl": "70",
      "klasse": "7",
      "bezeichnung": "Radioaktive Stoffe, unter Sondervereinbarung befördert, spaltbar"
    },
    {
      "un_number": "3332",
      "gefahrenzahl": "70",
      "klasse": "7",
      "bezeichnung": "Radioaktive Stoffe, Typ A-Versandstück, in besonderer Form, nicht spaltbar oder spaltbar, freigestellt"
    },
    {
      "un_number": "3333",
      "gefahrenzahl": "70",
      "klasse": "7",
      "bezeichnung": "Radioaktive Stoffe, Typ A-Versandstück, in besonderer Form, spaltbar"
    },
    {
      "un_number": "3334",
      "gefahrenzahl": null,
      "klasse": "9",
      "bezeichnung": "Flüssiger Stoff, den für die Luftfahrt geltenden Vorschriften unterliegend, N.A.G."
    },
    {
      "un_number": "3335",
      "gefahrenzahl": null,
      "klasse": "9",
      "bezeichnung": "Fester Stoff, den für die Luftfahrt geltenden Vorschriften unterliegend, N.A.G."
    },
    {
      "un_number": "3336",
      "gefahrenzahl": "30",
      "klasse": "3",
      "bezeichnung": "Mercaptane, flüssig, entzündbar, N.A.G. oder Mercaptane, Mischung, flüssig, entzündbar, N.A.G."
    },
    {
      "un_number": "3336",
      "gefahrenzahl": "33",
      "klasse": "3",
      "bezeichnung": "Mercaptane, flüssig, entzündbar, N.A.G. oder Mercaptane, Mischung, flüssig, entzündbar, N.A.G. Dampfdruck bei 50 °C größer als 110 kPa, aber höchstens 175 kPa"
    },
    {
      "un_number": "3337",
      "gefahrenzahl": "20",
      "klasse": "2",
      "bezeichnung": "Gas als Kältemittel R 404A, Pentafluorethan, 1,1,1-Trifluorethan und 1,1,1,2-Tetrafluorethan, zeotropes Gemisch mit rund 44 % Pentafluorethan und 52 % 1,1,1-Trifluorethan"
    },
    {
      "un_number": "3338",
      "gefahrenzahl": "20",
      "klasse": "2",
      "bezeichnung": "Gas als Kältemittel R 407A, Difluormethan, Pentafluorethan und 1,1,1,2-Tetrafluorethan, zeotropes Gemisch mit rund 20 % Difluormethan und 40 % Pentafluorethan"
    },
    {
      "un_number": "3339",
      "gefahrenzahl": "20",
      "klasse": "2",
      "bezeichnung": "Gas als Kältemittel R 407B, Difluormethan, Pentafluorethan und 1,1,1,2-Tetrafluorethan, zeotropes Gemisch mit rund 10 % Difluormethan und 70 % Pentafluorethan"
    },
    {
      "un_number": "3340",
      "gefahrenzahl": "20",
      "klasse": "2",
      "bezeichnung": "Gas als Kältemittel R 407 C, Difluormethan, Pentafluorethan und 1,1,1,2-Tetrafluorethan, zeotropes Gemisch mit rund 23 % Difluormethan und 25 % Pentafluorethan"
    },
    {
      "un_number": "3341",
      "gefahrenzahl": "40",
      "klasse": "4.1",
      "bezeichnung": "Thioharnstoffdioxid"
    },
    {
      "un_number": "3342",
      "gefahrenzahl": "40",
      "klasse": "4.2",
      "bezeichnung": "Xanthate"
    },
    {
      "un_number": "3343",
      "gefahrenzahl": null,
      "klasse": "3",
      "bezeichnung": "Nitroglycerin, Gemisch, desensibilisiert, flüssig, entzündbar, N.A.G., mit höchstens 30 Masse-% Nitroglycerin"
    },
    {
      "un_number": "3344",
      "gefahrenzahl": null,
      "klasse": "4.1",
      "bezeichnung": "Pentaerythritoltetranitrat, Gemisch, desensibilisiert, fest, N.A.G., mit mehr als 10 Masse-%, aber höchstens 20 Masse-% PETN"
    },
    {
      "un_number": "3345",
      "gefahrenzahl": "60",
      "klasse": "6.1",
      "bezeichnung": "Phenoxyessigsäurederivat-Pestizid, fest, giftig"
    },
    {
      "un_number": "3346",
      "gefahrenzahl": "336",
      "klasse": "3",
      "bezeichnung": "Phenoxyessigsäurederivat-Pestizid, flüssig, entzündbar, giftig, Flammpunkt unter 23 °C"
    },
    {
      "un_number": "3347",
      "gefahrenzahl": "63",
      "klasse": "6.1",
      "bezeichnung": "Phenoxyessigsäurederivat-Pestizid, flüssig, giftig, entzündbar, mit einem Flammpunkt von 23 °C oder darüber"
    },
    {
      "un_number": "3348",
      "gefahrenzahl": "60",
      "klasse": "6.1",
      "bezeichnung": "Phenoxyessigsäurederivat-Pestizid, flüssig, giftig"
    },
    {
      "un_number": "3349",
      "gefahrenzahl": "60",
      "klasse": "6.1",
      "bezeichnung": "Pyrethroid-Pestizid, fest, giftig"
    },
    {
      "un_number": "3350",
      "gefahrenzahl": "336",
      "klasse": "3",
      "bezeichnung": "Pyrethroid-Pestizid, flüssig, entzündbar, giftig, Flammpunkt unter 23 °C"
    },
    {
      "un_number": "3351",
      "gefahrenzahl": "63",
      "klasse": "6.1",
      "bezeichnung": "Pyrethroid-Pestizid, flüssig, giftig, entzündbar, mit einem Flammpunkt von 23 °C oder darüber"
    },
    {
      "un_number": "3352",
      "gefahrenzahl": "60",
      "klasse": "6.1",
      "bezeichnung": "Pyrethroid-Pestizid, flüssig, giftig, entzündbar"
    },
    {
      "un_number": "3354",
      "gefahrenzahl": "23",
      "klasse": "2",
      "bezeichnung": "Insektenbekämpfungsmittel, gasförmig, entzündbar, N.A.G."
    },
    {
      "un_number": "3355",
      "gefahrenzahl": "263",
      "klasse": "2",
      "bezeichnung": "Insektenbekämpfungsmittel, gasförmig, giftig, entzündbar, N.A.G."
    },
    {
      "un_number": "3356",
      "gefahrenzahl": null,
      "klasse": "5.1",
      "bezeichnung": "Sauerstoffgenerator, chemisch"
    },
    {
      "un_number": "3357",
      "gefahrenzahl": null,
      "klasse": "3",
      "bezeichnung": "Nitroglycein, Gemisch, desensibilisiert, flüssig, N.A.G., mit höchstens 30 Masse-% Nitroglycerin"
    },
    {
      "un_number": "3358",
      "gefahrenzahl": null,
      "klasse": "2",
      "bezeichnung": "Kältemaschinen mit entzündbarem, nicht giftigem verflüssigtem Gas"
    },
    {
      "un_number": "3359",
      "gefahrenzahl": null,
      "klasse": "9",
      "bezeichnung": "Begaste Güterbeförderungseinheit (CTU)"
    },
    {
      "un_number": "3360",
      "gefahrenzahl": null,
      "klasse": "4.1",
      "bezeichnung": "Fasern, pflanzlich, trocken"
    },
    {
      "un_number": "3361",
      "gefahrenzahl": "68",
      "klasse": "6.1",
      "bezeichnung": "Chlorsilane, giftig, ätzend, N.A.G."
    },
    {
      "un_number": "3362",
      "gefahrenzahl": "638",
      "klasse": "6.1",
      "bezeichnung": "Chlorsilane, giftig, ätzend, entzündbar, N.A.G."
    },
    {
      "un_number": "3363",
      "gefahrenzahl": null,
      "klasse": "9",
      "bezeichnung": "Gefährliche Güter in Gegenständen oder Gefährliche Güter in Maschinen oder Gefährliche Güter in Geräten"
    },
    {
      "un_number": "3364",
      "gefahrenzahl": null,
      "klasse": "4.1",
      "bezeichnung": "Trinitrophenol (Pikrinsäure), angefeuchtet mit mindestens 10 Masse-% Wasser, in Mengen von höchstens 500 g"
    },
    {
      "un_number": "3365",
      "gefahrenzahl": null,
      "klasse": "4.1",
      "bezeichnung": "Trinitrochlorbenzen (Pikrylchlorid), angefeuchtet mit mindestens 10 Masse-% Wasser, in Mengen von höchstens 500 g"
    },
    {
      "un_number": "3366",
      "gefahrenzahl": null,
      "klasse": "4.1",
      "bezeichnung": "Trinitrotoluol (TNT), angefeuchtet mit mindestens 10 Masse-% Wasser, in Mengen von höchstens 500 g"
    },
    {
      "un_number": "3367",
      "gefahrenzahl": null,
      "klasse": "4.1",
      "bezeichnung": "Trinitrobenzen, angefeuchtet mit mindestens 10 Masse-% Wasser, in Mengen von höchstens 500 g"
    },
    {
      "un_number": "3368",
      "gefahrenzahl": null,
      "klasse": "4.1",
      "bezeichnung": "Trinitrobenzoesäure, angefeuchtet mit mindestens 10 Masse-% Wasser, in Mengen von höchstens 500 g"
    },
    {
      "un_number": "3369",
      "gefahrenzahl": null,
      "klasse": "4.1",
      "bezeichnung": "Natriumdinitroorthokresolat, angefeuchtet mit mindestens 10 Masse-% Wasser, in Mengen von höchstens 500 g"
    },
    {
      "un_number": "3370",
      "gefahrenzahl": null,
      "klasse": "4.1",
      "bezeichnung": "Harnstoffnitrat, angefeuchtet mit mindestens 10 Masse-% Wasser, in Mengen von höchstens 11,5 kg"
    },
    {
      "un_number": "3371",
      "gefahrenzahl": "33",
      "klasse": "3",
      "bezeichnung": "2-Methylbutanal"
    },
    {
      "un_number": "3373",
      "gefahrenzahl": "606",
      "klasse": "6.2",
      "bezeichnung": "Biologischer Stoff, Kategorie B oder Biologischer Stoff, Kategorie B (nur tierische Stoffe)"
    },
    {
      "un_number": "3374",
      "gefahrenzahl": null,
      "klasse": "2.1",
      "bezeichnung": "Acetylen, frei von Lösungsmitteln"
    },
    {
      "un_number": "3375",
      "gefahrenzahl": "50",
      "klasse": "5.1",
      "bezeichnung": "Ammoniumnitrat-Emulsion, Zwischenprodukt für die Herstellung von Sprengstoffen, fest"
    },
    {
      "un_number": "3375",
      "gefahrenzahl": "50",
      "klasse": "5.1",
      "bezeichnung": "Ammoniumnitrat-Emulsion, Zwischenprodukt für die Herstellung von Sprengstoffen, flüssig"
    },
    {
      "un_number": "3375",
      "gefahrenzahl": "50",
      "klasse": "5.1",
      "bezeichnung": "Ammoniumnitrat-Gel, Zwischenprodukt für die Herstellung von Sprengstoffen, fest"
    },
    {
      "un_number": "3375",
      "gefahrenzahl": "50",
      "klasse": "5.1",
      "bezeichnung": "Ammoniumnitrat-Gel, Zwischenprodukt für die Herstellung von Sprengstoffen, flüssig"
    },
    {
      "un_number": "3375",
      "gefahrenzahl": "50",
      "klasse": "5.1",
      "bezeichnung": "Ammoniumnitrat-Suspension, Zwischenprodukt für die Herstellung von Sprengstoffen, fest"
    },
    {
      "un_number": "3375",
      "gefahrenzahl": "50",
      "klasse": "5.1",
      "bezeichnung": "Ammoniumnitrat-Suspension, Zwischenprodukt für die Herstellung von Sprengstoffen, flüssig"
    },
    {
      "un_number": "3376",
      "gefahrenzahl": null,
      "klasse": "4.1",
      "bezeichnung": "4-Nitrophenylhydrazin, mit mindestens 30 Masse-% Wasser"
    },
    {
      "un_number": "3377",
      "gefahrenzahl": "50",
      "klasse": "5.1",
      "bezeichnung": "Natriumperborat-Monohydrat"
    },
    {
      "un_number": "3378",
      "gefahrenzahl": "50",
      "klasse": "5.1",
      "bezeichnung": "Natriumcarbonat-Peroxyhydrat"
    },
    {
      "un_number": "3379",
      "gefahrenzahl": null,
      "klasse": "3",
      "bezeichnung": "Desensibilisierter Explosivstoff, flüssig, N.A.G."
    },
    {
      "un_number": "3380",
      "gefahrenzahl": null,
      "klasse": "4.1",
      "bezeichnung": "Desensibilisierter Explosivstoff, fest, N.A.G."
    },
    {
      "un_number": "3381",
      "gefahrenzahl": "66",
      "klasse": "6.1",
      "bezeichnung": "Beim Einatmen giftiger flüssiger Stoff, N.A.G., mit einem LC50-Wert von höchstens 200 ml/m<sup>3</sup> und einer gesättigten Dampfkonzentration von mindestens 500 LC50"
    },
    {
      "un_number": "3382",
      "gefahrenzahl": "66",
      "klasse": "6.1",
      "bezeichnung": "Beim Einatmen giftiger flüssiger Stoff, N.A.G., mit einem LC50-Wert von höchstens 1000 ml/m<sup>3</sup> und einer gesättigten Dampfkonzentration von mindestens 10 LC50"
    },
    {
      "un_number": "3383",
      "gefahrenzahl": "663",
      "klasse": "6.1",
      "bezeichnung": "Beim Einatmen giftiger flüssiger Stoff, entzündbar, N.A.G., mit einem LC50-Wert von höchstens 200 ml/m<sup>3</sup> und einer gesättigten Dampfkonzentration von mindestens 500 LC50"
    },
    {
      "un_number": "3384",
      "gefahrenzahl": "663",
      "klasse": "6.1",
      "bezeichnung": "Beim Einatmen giftiger flüssiger Stoff, entzündbar, N.A.G., mit einem LC50-Wert von höchstens 1000 ml/m<sup>3</sup> und einer gesättigten Dampfkonzentration von mindestens 10 LC50"
    },
    {
      "un_number": "3385",
      "gefahrenzahl": "623",
      "klasse": "6.1",
      "bezeichnung": "Beim Einatmen giftiger flüssiger Stoff, mit Wasser reagierend, N.A.G., mit einem LC50-Wert von höchstens 200 ml/m<sup>3</sup> und einer gesättigten Dampfkonzentration von mindestens 500 LC50"
    },
    {
      "un_number": "3386",
      "gefahrenzahl": "623",
      "klasse": "6.1",
      "bezeichnung": "Beim Einatmen giftiger flüssiger Stoff, mit Wasser reagierend, N.A.G., mit einem LC50-Wert von höchstens 1000 ml/m<sup>3</sup> und einer gesättigten Dampfkonzentration von mindestens 10 LC50"
    },
    {
      "un_number": "3387",
      "gefahrenzahl": "665",
      "klasse": "6.1",
      "bezeichnung": "Beim Einatmen giftiger flüssiger Stoff, entzündend (oxidierend) wirkend, N.A.G., mit einem LC50-Wert von höchstens 200 ml/m<sup>3</sup> und einer gesättigten Dampfkonzentration von mindestens 500 LC50"
    },
    {
      "un_number": "3388",
      "gefahrenzahl": "665",
      "klasse": "6.1",
      "bezeichnung": "Beim Einatmen giftiger flüssiger Stoff, entzündend (oxidierend) wirkend, N.A.G., mit einem LC50-Wert von höchstens 1000 ml/m<sup>3</sup> und einer gesättigten Dampfkonzentration von mindestens 10 LC50"
    },
    {
      "un_number": "3389",
      "gefahrenzahl": "668",
      "klasse": "6.1",
      "bezeichnung": "Beim Einatmen giftiger flüssiger Stoff, ätzend N.A.G., mit einem LC50-Wert von höchstens 200 ml/m<sup>3</sup> und einer gesättigten Dampfkonzentration von mindestens 500 LC50"
    },
    {
      "un_number": "3390",
      "gefahrenzahl": "668",
      "klasse": "6.1",
      "bezeichnung": "Beim Einatmen giftiger flüssiger Stoff, ätzend N.A.G., mit einem LC50-Wert von höchstens 1000 ml/m<sup>3</sup> und einer gesättigten Dampfkonzentration von mindestens 10 LC50"
    },
    {
      "un_number": "3391",
      "gefahrenzahl": "333",
      "klasse": "4.2",
      "bezeichnung": "Metallorganischer Stoff, fest, pyrophor"
    },
    {
      "un_number": "3392",
      "gefahrenzahl": "333",
      "klasse": "4.2",
      "bezeichnung": "Metallorganischer Stoff, flüssig, pyrophor"
    },
    {
      "un_number": "3393",
      "gefahrenzahl": "X333",
      "klasse": "4.2",
      "bezeichnung": "Metallorganischer Stoff, mit Wasser reagierend, fest, pyrophor"
    },
    {
      "un_number": "3394",
      "gefahrenzahl": "X333",
      "klasse": "4.2",
      "bezeichnung": "Metallorganischer Stoff, mit Wasser reagierend, flüssig, pyrophor"
    },
    {
      "un_number": "3394",
      "gefahrenzahl": "X333",
      "klasse": "4.2",
      "bezeichnung": "Triethylbor"
    },
    {
      "un_number": "3395",
      "gefahrenzahl": "X423",
      "klasse": "4.3",
      "bezeichnung": "Metallorganischer Stoff, mit Wasser reagierend, fest"
    },
    {
      "un_number": "3395",
      "gefahrenzahl": "X423",
      "klasse": "4.3",
      "bezeichnung": "Metallorganischer Stoff, mit Wasser reagierend, fest, gefährlich, geschmolzen"
    },
    {
      "un_number": "3395",
      "gefahrenzahl": "X423",
      "klasse": "4.3",
      "bezeichnung": "Metallorganischer Stoff, mit Wasser reagierend, fest, sehr gefährlich"
    },
    {
      "un_number": "3395",
      "gefahrenzahl": "X423",
      "klasse": "4.3",
      "bezeichnung": "Metallorganischer Stoff, mit Wasser reagierend, fest, sehr gefährlich, geschmolzen"
    },
    {
      "un_number": "3395",
      "gefahrenzahl": "X423",
      "klasse": "4.3",
      "bezeichnung": "Metallorganischer Stoff, mit Wasser reagierend, fest, weniger gefährlich"
    },
    {
      "un_number": "3395",
      "gefahrenzahl": "X423",
      "klasse": "4.3",
      "bezeichnung": "Metallorganischer Stoff, mit Wasser reagierend, fest, weniger gefährlich, geschmolzen"
    },
    {
      "un_number": "3396",
      "gefahrenzahl": "X423",
      "klasse": "4.3",
      "bezeichnung": "Metallorganischer Stoff, mit Wasser reagierend, entzündbar, fest"
    },
    {
      "un_number": "3397",
      "gefahrenzahl": "X423",
      "klasse": "4.3",
      "bezeichnung": "Metallorganischer Stoff, mit Wasser reagierend, selbsterhitzungsfähig, fest"
    },
    {
      "un_number": "3398",
      "gefahrenzahl": "X323",
      "klasse": "4.3",
      "bezeichnung": "Metallorganischer Stoff, mit Wasser reagierend, flüssig"
    },
    {
      "un_number": "3399",
      "gefahrenzahl": "X323",
      "klasse": "4.3",
      "bezeichnung": "Aluminiumalkylhalogenide, Lösung, mit Wasser reagierend, entzündbar"
    },
    {
      "un_number": "3399",
      "gefahrenzahl": "X323",
      "klasse": "4.3",
      "bezeichnung": "Aluminiumalkylhalogenide, flüssig, mit Wasser reagierend, entzündbar"
    },
    {
      "un_number": "3399",
      "gefahrenzahl": "X323",
      "klasse": "4.3",
      "bezeichnung": "Metallorganischer Stoff, mit Wasser reagierend, entzündbar, flüssig"
    }
  ]
}