{
  "title": "UN-Nummern 3400–3499",
  "generated": "2025-09-16",
  "count": 95,
  "columns": [
    "un_number",
    "gefahrenzahl",
    "klasse",
    "bezeichnung"
  ],
  "rows": [
    {
      "un_number": "3400",
      "gefahrenzahl": "40",
      "klasse": "4.2",
      "bezeichnung": "Selbsterhitzungsfähiger metallorganischer fester Stoff"
    },
    {
      "un_number": "3401",
      "gefahrenzahl": "X423",
      "klasse": "4.3",
      "bezeichnung": "Alkalimetallamalgam, fest"
    },
    {
      "un_number": "3402",
      "gefahrenzahl": "X423",
      "klasse": "4.3",
      "bezeichnung": "Erdalkalimetallamalgam, fest"
    },
    {
      "un_number": "3403",
      "gefahrenzahl": "X423",
      "klasse": "4.3",
      "bezeichnung": "Kalium<nowiki />metalllegierungen, fest"
    },
    {
      "un_number": "3404",
      "gefahrenzahl": "X423",
      "klasse": "4.3",
      "bezeichnung": "Kalium-Natrium-Legierungen, fest"
    },
    {
      "un_number": "3405",
      "gefahrenzahl": "56",
      "klasse": "5.1",
      "bezeichnung": "Bariumchlorat, Lösung"
    },
    {
      "un_number": "3406",
      "gefahrenzahl": "56",
      "klasse": "5.1",
      "bezeichnung": "Bariumperchlorat, Lösung"
    },
    {
      "un_number": "3407",
      "gefahrenzahl": "50",
      "klasse": "5.1",
      "bezeichnung": "Chlorat und Magnesiumchlorid, Mischung, Lösung"
    },
    {
      "un_number": "3408",
      "gefahrenzahl": "56",
      "klasse": "5.1",
      "bezeichnung": "Bleiperchlorat, Lösung"
    },
    {
      "un_number": "3409",
      "gefahrenzahl": "60",
      "klasse": "6.1",
      "bezeichnung": "Chlornitrobenzole, Isomerengemisch, flüssig"
    },
    {
      "un_number": "3410",
      "gefahrenzahl": "60",
      "klasse": "6.1",
      "bezeichnung": "4-Chlor-o-toluidinhydrochlorid, Lösung"
    },
    {
      "un_number": "3411",
      "gefahrenzahl": "60",
      "klasse": "6.1",
      "bezeichnung": "beta-Naphthylamin, Lösung"
    },
    {
      "un_number": "3413",
      "gefahrenzahl": "60 + 66",
      "klasse": "6.1",
      "bezeichnung": "Kaliumcyanid, Lösung"
    },
    {
      "un_number": "3414",
      "gefahrenzahl": "60 + 66",
      "klasse": "6.1",
      "bezeichnung": "Natriumcyanid, Lösung"
    },
    {
      "un_number": "3415",
      "gefahrenzahl": "60",
      "klasse": "6.1",
      "bezeichnung": "Natriumfluorid, Lösung"
    },
    {
      "un_number": "3416",
      "gefahrenzahl": "60",
      "klasse": "6.1",
      "bezeichnung": "Chloracetophenon, flüssig"
    },
    {
      "un_number": "3417",
      "gefahrenzahl": "60",
      "klasse": "6.1",
      "bezeichnung": "Xylylbromid, fest"
    },
    {
      "un_number": "3418",
      "gefahrenzahl": "60",
      "klasse": "6.1",
      "bezeichnung": "2,4-Toluylendiamin, Lösung"
    },
    {
      "un_number": "3419",
      "gefahrenzahl": "80",
      "klasse": "8",
      "bezeichnung": "Bortrifluorid-Essigsäure-Komplex, fest"
    },
    {
      "un_number": "3420",
      "gefahrenzahl": "80",
      "klasse": "8",
      "bezeichnung": "Bortrifluorid-Propionsäure-Komplex, fest"
    },
    {
      "un_number": "3421",
      "gefahrenzahl": "86",
      "klasse": "8",
      "bezeichnung": "Kaliumhydrogendifluorid, Lösung"
    },
    {
      "un_number": "3422",
      "gefahrenzahl": "60",
      "klasse": "6.1",
      "bezeichnung": "Kaliumfluorid, Lösung"
    },
    {
      "un_number": "3423",
      "gefahrenzahl": "668",
      "klasse": "6.1",
      "bezeichnung": "Tetramethylammoniumhydroxid, fest"
    },
    {
      "un_number": "3424",
      "gefahrenzahl": "60",
      "klasse": "6.1",
      "bezeichnung": "Ammoniumdinitro-o-cresolat, Lösung"
    },
    {
      "un_number": "3425",
      "gefahrenzahl": "80",
      "klasse": "8",
      "bezeichnung": "Bromessigsäure, fest"
    },
    {
      "un_number": "3426",
      "gefahrenzahl": "60",
      "klasse": "6.1",
      "bezeichnung": "Acrylamid, Lösung"
    },
    {
      "un_number": "3427",
      "gefahrenzahl": "60",
      "klasse": "6.1",
      "bezeichnung": "Chlorbenzylchlorid, fest"
    },
    {
      "un_number": "3428",
      "gefahrenzahl": "60",
      "klasse": "6.1",
      "bezeichnung": "3-Chlor-4-methylphenylisocyanat, fest"
    },
    {
      "un_number": "3429",
      "gefahrenzahl": "60",
      "klasse": "6.1",
      "bezeichnung": "Chlortoluidine, flüssig"
    },
    {
      "un_number": "3430",
      "gefahrenzahl": "60",
      "klasse": "6.1",
      "bezeichnung": "Xylenole, flüssig"
    },
    {
      "un_number": "3431",
      "gefahrenzahl": "60",
      "klasse": "6.1",
      "bezeichnung": "Nitrobenzotrifluoride, fest"
    },
    {
      "un_number": "3432",
      "gefahrenzahl": "90",
      "klasse": "9",
      "bezeichnung": "Polychlorierte Biphenyle, fest"
    },
    {
      "un_number": "3433",
      "gefahrenzahl": "X333",
      "klasse": "4.2",
      "bezeichnung": "Lithiumalkyle, fest"
    },
    {
      "un_number": "3434",
      "gefahrenzahl": "60",
      "klasse": "6.1",
      "bezeichnung": "Nitrocresole, flüssig"
    },
    {
      "un_number": "3436",
      "gefahrenzahl": "60",
      "klasse": "6.1",
      "bezeichnung": "Hexafluoracetonhydrat, fest"
    },
    {
      "un_number": "3437",
      "gefahrenzahl": "60",
      "klasse": "6.1",
      "bezeichnung": "Chlorcresole, fest"
    },
    {
      "un_number": "3438",
      "gefahrenzahl": "60",
      "klasse": "6.1",
      "bezeichnung": "alpha-Methylbenzylalkohol, fest"
    },
    {
      "un_number": "3439",
      "gefahrenzahl": "60 + 66",
      "klasse": "6.1",
      "bezeichnung": "Nitrile, fest, giftig, N.A.G."
    },
    {
      "un_number": "3440",
      "gefahrenzahl": "60 + 66",
      "klasse": "6.1",
      "bezeichnung": "Selenverbindung, flüssig, N.A.G."
    },
    {
      "un_number": "3441",
      "gefahrenzahl": "60",
      "klasse": "6.1",
      "bezeichnung": "Chlordinitrobenzene, fest"
    },
    {
      "un_number": "3442",
      "gefahrenzahl": "60",
      "klasse": "6.1",
      "bezeichnung": "Dichloraniline, fest"
    },
    {
      "un_number": "3443",
      "gefahrenzahl": "60",
      "klasse": "6.1",
      "bezeichnung": "Dinitrobenzol, fest"
    },
    {
      "un_number": "3444",
      "gefahrenzahl": "60",
      "klasse": "6.1",
      "bezeichnung": "Nicotinhydrochlorid, fest"
    },
    {
      "un_number": "3445",
      "gefahrenzahl": "60",
      "klasse": "6.1",
      "bezeichnung": "Nicotinsulfat, fest"
    },
    {
      "un_number": "3446",
      "gefahrenzahl": "60",
      "klasse": "6.1",
      "bezeichnung": "Nitrotoluene, fest"
    },
    {
      "un_number": "3447",
      "gefahrenzahl": "60",
      "klasse": "6.1",
      "bezeichnung": "Nitroxylene, fest"
    },
    {
      "un_number": "3448",
      "gefahrenzahl": "60 + 66",
      "klasse": "6.1",
      "bezeichnung": "Stoff zur Herstellung von Tränengasen, fest, N.A.G."
    },
    {
      "un_number": "3449",
      "gefahrenzahl": "66",
      "klasse": "6.1",
      "bezeichnung": "Brombenzylcyanide, fest"
    },
    {
      "un_number": "3450",
      "gefahrenzahl": "66",
      "klasse": "6.1",
      "bezeichnung": "Diphenylchlorarsin, fest"
    },
    {
      "un_number": "3451",
      "gefahrenzahl": "60",
      "klasse": "6.1",
      "bezeichnung": "Toluidine, fest"
    },
    {
      "un_number": "3452",
      "gefahrenzahl": "60",
      "klasse": "6.1",
      "bezeichnung": "Xylidine, fest"
    },
    {
      "un_number": "3453",
      "gefahrenzahl": "80",
      "klasse": "8",
      "bezeichnung": "Phosphorsäure, fest"
    },
    {
      "un_number": "3454",
      "gefahrenzahl": "60",
      "klasse": "6.1",
      "bezeichnung": "Dinitrotoluene, fest"
    },
    {
      "un_number": "3455",
      "gefahrenzahl": "68",
      "klasse": "6.1",
      "bezeichnung": "Cresole, fest"
    },
    {
      "un_number": "3456",
      "gefahrenzahl": "X80",
      "klasse": "8",
      "bezeichnung": "Nitrosylschwefelsäure, fest"
    },
    {
      "un_number": "3457",
      "gefahrenzahl": "60",
      "klasse": "6.1",
      "bezeichnung": "Chlornitrotoluene, fest"
    },
    {
      "un_number": "3458",
      "gefahrenzahl": "60",
      "klasse": "6.1",
      "bezeichnung": "Nitroanisol, Isomerengemisch, fest"
    },
    {
      "un_number": "3459",
      "gefahrenzahl": "60",
      "klasse": "6.1",
      "bezeichnung": "Nitrobrombenzene, fest"
    },
    {
      "un_number": "3460",
      "gefahrenzahl": "60",
      "klasse": "6.1",
      "bezeichnung": "N-Ethyl-N-benzyltoluidine, fest"
    },
    {
      "un_number": "3462",
      "gefahrenzahl": "60 + 66",
      "klasse": "6.1",
      "bezeichnung": "Toxine, gewonnen aus lebenden Organismen, fest, N.A.G."
    },
    {
      "un_number": "3463",
      "gefahrenzahl": "83",
      "klasse": "8",
      "bezeichnung": "Propionsäure, mit mindestens 90 Masse-% Säure"
    },
    {
      "un_number": "3464",
      "gefahrenzahl": "60 + 66",
      "klasse": "6.1",
      "bezeichnung": "Organische Phosphorverbindung, fest, giftig, N.A.G."
    },
    {
      "un_number": "3465",
      "gefahrenzahl": "60 + 66",
      "klasse": "6.1",
      "bezeichnung": "Organische Arsenverbindung, fest, N.A.G."
    },
    {
      "un_number": "3466",
      "gefahrenzahl": "60 + 66",
      "klasse": "6.1",
      "bezeichnung": "Metallcarbonyle, fest, N.A.G."
    },
    {
      "un_number": "3467",
      "gefahrenzahl": "60 + 66",
      "klasse": "6.1",
      "bezeichnung": "Metallorganische Verbindung, fest, giftig, N.A.G."
    },
    {
      "un_number": "3468",
      "gefahrenzahl": "23",
      "klasse": "2",
      "bezeichnung": "Wasserstoff in einem Metallhydrid-Speichersystem oder Wasserstoff in einem Metallhydrid-Speichersystem in Ausrüstungen oder Wasserstoff in einem Metallhydrid-Speichersystem, mit Ausrüstungen verpackt"
    },
    {
      "un_number": "3469",
      "gefahrenzahl": "338",
      "klasse": "3",
      "bezeichnung": "Farbe, entzündbar, ätzend (einschließlich Farbe, Lack, Emaille, Beize, Schellack, Firnis, Politur, flüssiger Füllstoff und flüssige Lackgrundlage) oder Farbzubehörstoffe, entzündbar, ätzend (einschließlich Farbverdünnung und -lösemittel)"
    },
    {
      "un_number": "3470",
      "gefahrenzahl": "83",
      "klasse": "8",
      "bezeichnung": "Farbe, ätzend, entzündbar (einschließlich Farbe, Lack, Emaille, Beize, Schellack, Firnis, Politur, flüssiger Füllstoff und flüssige Lackgrundlage) oder Farbzubehörstoffe, ätzend, entzündbar (einschließlich Farbverdünnung und -lösemittel)"
    },
    {
      "un_number": "3471",
      "gefahrenzahl": "86",
      "klasse": "8",
      "bezeichnung": "Hydrogendifluoride, wässrige Lösung, N.A.G."
    },
    {
      "un_number": "3472",
      "gefahrenzahl": "80",
      "klasse": "8",
      "bezeichnung": "Crotonsäure, flüssig"
    },
    {
      "un_number": "3473",
      "gefahrenzahl": null,
      "klasse": "3",
      "bezeichnung": "Brennstoffzellen-Kartuschen oder Brennstoffzellen-Kartuschen in Ausrüstungen oder Brennstoffzellen-Kartuschen, mit Ausrüstungen verpackt, entzündbare flüssige Stoffe enthaltend"
    },
    {
      "un_number": "3474",
      "gefahrenzahl": null,
      "klasse": "4.1",
      "bezeichnung": "1-Hydroxybenzotriazol-Monohydrat"
    },
    {
      "un_number": "3475",
      "gefahrenzahl": "3",
      "klasse": "3",
      "bezeichnung": "Ethanol und Benzin, Gemisch oder Ethanol und Ottokraftstoff, Gemisch mit mehr als 10 % Ethanol"
    },
    {
      "un_number": "3476",
      "gefahrenzahl": null,
      "klasse": "4.3",
      "bezeichnung": "Brennstoffzellenkartuschen oder Brennstoffzellenkartuschen in Ausrüstungen oder Brennstoffzellenkartuschen, mit Ausrüstungen verpackt, mit Wasser reagierende Stoffe enthaltend"
    },
    {
      "un_number": "3477",
      "gefahrenzahl": null,
      "klasse": "8",
      "bezeichnung": "Brennstoffzellenkartuschen oder Brennstoffzellenkartuschen in Ausrüstungen oder Brennstoffzellenkartuschen, mit Ausrüstungen verpackt, ätzende Stoffe enthaltend"
    },
    {
      "un_number": "3478",
      "gefahrenzahl": null,
      "klasse": "2",
      "bezeichnung": "Brennstoffzellenkartuschen oder Brennstoffzellenkartuschen in Ausrüstungen, oder Brennstoffzellenkartuschen, mit Ausrüstungen verpackt, verflüssigtes entzündbares Gas enthaltend"
    },
    {
      "un_number": "3479",
      "gefahrenzahl": null,
      "klasse": "2",
      "bezeichnung": "Brennstoffzellenkartuschen oder Brennstoffzellenkartuschen in Ausrüstungen oder Brennstoffzellenkartuschen, mit Ausrüstungen verpackt, Wasserstoff in Metallhydrid enthaltend"
    },
    {
      "un_number": "3480",
      "gefahrenzahl": "90",
      "klasse": "9",
      "bezeichnung": "Lithium-Ionen-Batterien (einschließlich Lithium-Ionen-Polymer-Batterien)"
    },
    {
      "un_number": "3481",
      "gefahrenzahl": null,
      "klasse": "9",
      "bezeichnung": "Lithium-Ionen-Batterien in Ausrüstungen oder Lithium-Ionen-Batterien, mit Ausrüstungen verpackt (einschließlich Lithium-Ionen-Polymer-Batterien)"
    },
    {
      "un_number": "3482",
      "gefahrenzahl": "X323",
      "klasse": "4.3",
      "bezeichnung": "Alkalimetall-Dispersion, entzündbar oder Erdalkalimetall-Dispersion, entzündbar"
    },
    {
      "un_number": "3483",
      "gefahrenzahl": "663",
      "klasse": "6.1",
      "bezeichnung": "Antiklopfmischung für Motorkraftstoff, entzündbar"
    },
    {
      "un_number": "3484",
      "gefahrenzahl": "886",
      "klasse": "8",
      "bezeichnung": "Hydrazin, wässrige Lösung, mit mehr als 37 Masse-% Hydrazin"
    },
    {
      "un_number": "3485",
      "gefahrenzahl": "58",
      "klasse": "5.1",
      "bezeichnung": "Calciumhypochlorit, trocken, ätzend oder Calciumhypochlorit, Mischung, trocken, ätzend mit mehr als 39 % aktivem Chlor (8,8 % aktivem Sauerstoff)"
    },
    {
      "un_number": "3486",
      "gefahrenzahl": "50",
      "klasse": "5.1",
      "bezeichnung": "Calciumhypochlorit, Mischung, trocken, ätzend mit mehr als 10 %, aber höchstens 39 % aktivem Chlor"
    },
    {
      "un_number": "3487",
      "gefahrenzahl": "50",
      "klasse": "5.1",
      "bezeichnung": "Calciumhypochlorit, hydratisiert, ätzend oder Calciumhypochlorit, hydratisierte Mischung, ätzend mit mindestens 5,5 %, aber höchstens 16 % Wasser"
    },
    {
      "un_number": "3488",
      "gefahrenzahl": "663",
      "klasse": "6.1",
      "bezeichnung": "Beim Einatmen giftiger flüssiger Stoff, entzündbar, ätzend, N.A.G., mit einem LC50-Wert von höchstens 200 ml/m³ und einer gesättigten Dampfkonzentration von mindestens 500 LC50"
    },
    {
      "un_number": "3489",
      "gefahrenzahl": "663",
      "klasse": "6.1",
      "bezeichnung": "Beim Einatmen giftiger flüssiger Stoff, entzündbar, ätzend, N.A.G., mit einem LC50-Wert von höchstens 1000 ml/m³ und einer gesättigten Dampfkonzentration von mindestens 10 LC50"
    },
    {
      "un_number": "3490",
      "gefahrenzahl": "623",
      "klasse": "6.1",
      "bezeichnung": "Beim Einatmen giftiger flüssiger Stoff, mit Wasser reagierend, entzündbar, N.A.G., mit einem LC50-Wert von höchstens 200 ml/m³ und einer gesättigten Dampfkonzentration von mindestens 500 LC50"
    },
    {
      "un_number": "3491",
      "gefahrenzahl": "623",
      "klasse": "6.1",
      "bezeichnung": "Beim Einatmen giftiger flüssiger Stoff, mit Wasser reagierend, entzündbar, N.A.G., mit einem LC50-Wert von höchstens 1000 ml/m³ und einer gesättigten Dampfkonzentration von mindestens 10 LC50"
    },
    {
      "un_number": "3494",
      "gefahrenzahl": "36 + 336",
      "klasse": "3",
      "bezeichnung": "Schwefelreiches Roherdöl, entzündbar, giftig"
    },
    {
      "un_number": "3495",
      "gefahrenzahl": "86",
      "klasse": "8",
      "bezeichnung": "Quecksilberiodid"
    },
    {
      "un_number": "3496",
      "gefahrenzahl": null,
      "klasse": "9",
      "bezeichnung": "Batterien, Nickelmetallhydrid"
    },
    {
      "un_number": "3497",
      "gefahrenzahl": "40",
      "klasse": "4.2",
      "bezeichnung": "Krillmehl"
    },
    {
      "un_number": "3498",
      "gefahrenzahl": "80",
      "klasse": "8",
      "bezeichnung": "Iodmonochlorid, flüssig"
    },
    {
      "un_number": "3499",
      "gefahrenzahl": null,
      "klasse": "9",
      "bezeichnung": "Kondensator, elektrische Doppelschicht, mit einer Energiespeicherkapazität von mehr als 0,3 Wh"
    }
  ]
}