{
  "title": "UN-Nummern 3500–3560",
  "generated": "2025-09-16",
  "count": 51,
  "columns": [
    "un_number",
    "gefahrenzahl",
    "klasse",
    "bezeichnung"
  ],
  "rows": [
    {
      "un_number": "3500",
      "gefahrenzahl": "20",
      "klasse": "2",
      "bezeichnung": "Chemikalie unter Druck, N.A.G."
    },
    {
      "un_number": "3501",
      "gefahrenzahl": "23",
      "klasse": "2",
      "bezeichnung": "Chemikalie unter Druck, entzündbar, N.A.G."
    },
    {
      "un_number": "3502",
      "gefahrenzahl": "26",
      "klasse": "2",
      "bezeichnung": "Chemikalie unter Druck, giftig, N.A.G."
    },
    {
      "un_number": "3503",
      "gefahrenzahl": "28",
      "klasse": "2",
      "bezeichnung": "Chemikalie unter Druck, ätzend, N.A.G."
    },
    {
      "un_number": "3504",
      "gefahrenzahl": "263",
      "klasse": "2",
      "bezeichnung": "Chemikalie unter Druck, entzündbar, giftig, N.A.G."
    },
    {
      "un_number": "3505",
      "gefahrenzahl": "238",
      "klasse": "2",
      "bezeichnung": "Chemikalie unter Druck, entzündbar, ätzend, N.A.G."
    },
    {
      "un_number": "3506",
      "gefahrenzahl": null,
      "klasse": "8",
      "bezeichnung": "Quecksilber in hergestellten Gegenständen"
    },
    {
      "un_number": "3507",
      "gefahrenzahl": null,
      "klasse": "7",
      "bezeichnung": "Uranhexafluorid, radioaktive Stoffe, freigestelltes Versandstück, mit weniger als 0,1 kg je Versandstück, nicht spaltbar oder spaltbar, freigestellt"
    },
    {
      "un_number": "3508",
      "gefahrenzahl": null,
      "klasse": "9",
      "bezeichnung": "Kondensator, asymmetrisch, mit einer Energiespeicherkapazität von mehr als 0,3 Wh"
    },
    {
      "un_number": "3509",
      "gefahrenzahl": "90",
      "klasse": "9",
      "bezeichnung": "Altverpackungen, leer, ungereinigt"
    },
    {
      "un_number": "3510",
      "gefahrenzahl": null,
      "klasse": "2",
      "bezeichnung": "Adsorbiertes Gas, entzündbar, N.A.G."
    },
    {
      "un_number": "3511",
      "gefahrenzahl": null,
      "klasse": "2",
      "bezeichnung": "Adsorbiertes Gas, N.A.G."
    },
    {
      "un_number": "3512",
      "gefahrenzahl": null,
      "klasse": "2",
      "bezeichnung": "Adsorbiertes Gas, giftig, N.A.G."
    },
    {
      "un_number": "3513",
      "gefahrenzahl": null,
      "klasse": "2",
      "bezeichnung": "Adsorbiertes Gas, oxidierend, N.A.G."
    },
    {
      "un_number": "3514",
      "gefahrenzahl": null,
      "klasse": "2",
      "bezeichnung": "Adsorbiertes Gas, giftig, entzündbar, N.A.G."
    },
    {
      "un_number": "3515",
      "gefahrenzahl": null,
      "klasse": "2",
      "bezeichnung": "Adsorbiertes Gas, giftig, oxidierend, N.A.G."
    },
    {
      "un_number": "3516",
      "gefahrenzahl": null,
      "klasse": "2",
      "bezeichnung": "Adsorbiertes Gas, giftig, ätzend, N.A.G."
    },
    {
      "un_number": "3517",
      "gefahrenzahl": null,
      "klasse": "2",
      "bezeichnung": "Adsorbiertes Gas, giftig, entzündbar, ätzend, N.A.G."
    },
    {
      "un_number": "3518",
      "gefahrenzahl": null,
      "klasse": "2",
      "bezeichnung": "Adsorbiertes Gas, giftig, oxidierend, ätzend, N.A.G."
    },
    {
      "un_number": "3519",
      "gefahrenzahl": null,
      "klasse": "2",
      "bezeichnung": "Bortrifluorid, adsorbiert"
    },
    {
      "un_number": "3520",
      "gefahrenzahl": null,
      "klasse": "2",
      "bezeichnung": "Chlor, adsorbiert"
    },
    {
      "un_number": "3521",
      "gefahrenzahl": null,
      "klasse": "2",
      "bezeichnung": "Siliciumtetrafluorid, adsorbiert"
    },
    {
      "un_number": "3522",
      "gefahrenzahl": null,
      "klasse": "2",
      "bezeichnung": "Arsenwasserstoff (Arsin), adsorbiert"
    },
    {
      "un_number": "3523",
      "gefahrenzahl": null,
      "klasse": "2",
      "bezeichnung": "Germaniumwasserstoff (German), adsorbiert"
    },
    {
      "un_number": "3524",
      "gefahrenzahl": null,
      "klasse": "2",
      "bezeichnung": "Phosphorpentafluorid, adsorbiert"
    },
    {
      "un_number": "3525",
      "gefahrenzahl": null,
      "klasse": "2",
      "bezeichnung": "Phosphorwasserstoff (Phosphin), adsorbiert"
    },
    {
      "un_number": "3526",
      "gefahrenzahl": null,
      "klasse": "2",
      "bezeichnung": "Selenwasserstoff, adsorbiert"
    },
    {
      "un_number": "3527",
      "gefahrenzahl": null,
      "klasse": "4.1",
      "bezeichnung": "Polyesterharz-Mehrkomponentensysteme, festes Grundprodukt"
    },
    {
      "un_number": "3528",
      "gefahrenzahl": null,
      "klasse": "3",
      "bezeichnung": "Verbrennungsmotor mit Antrieb durch entzündbare Flüssigkeit oder Brennstoffzellen-Motor mit Antrieb durch entzündbare Flüssigkeit oder Verbrennungsmaschine mit Antrieb durch entzündbare Flüssigkeit oder Maschine mit Brennstoffzellen-Motor mit Antrieb durch entzündbare Flüssigkeit"
    },
    {
      "un_number": "3529",
      "gefahrenzahl": null,
      "klasse": "2",
      "bezeichnung": "Verbrennungsmotor mit Antrieb durch entzündbares Gas oder Brennstoffzellen-Motor mit Antrieb durch entzündbares Gas oder Verbrennungsmaschine mit Antrieb durch entzündbares Gas oder Maschine mit Brennstoffzellen-Motor mit Antrieb durch entzündbares Gas"
    },
    {
      "un_number": "3530",
      "gefahrenzahl": null,
      "klasse": "9",
      "bezeichnung": "Verbrennungsmaschine, Verbrennungsmotor"
    },
    {
      "un_number": "3531",
      "gefahrenzahl": "40",
      "klasse": "4.1",
      "bezeichnung": "Polymerisierender Stoff, fest, stabilisiert, N.A.G."
    },
    {
      "un_number": "3532",
      "gefahrenzahl": "40",
      "klasse": "4.1",
      "bezeichnung": "Polymerisierender Stoff, flüssig, stabilisiert, N.A.G."
    },
    {
      "un_number": "3533",
      "gefahrenzahl": "40",
      "klasse": "4.1",
      "bezeichnung": "Polymerisierender Stoff, fest, temperaturkontrolliert, stabilisiert, N.A.G."
    },
    {
      "un_number": "3534",
      "gefahrenzahl": "40",
      "klasse": "4.1",
      "bezeichnung": "Polymerisierender Stoff, flüssig, temperaturkontrolliert, stabilisiert, N.A.G."
    },
    {
      "un_number": "3535",
      "gefahrenzahl": "664",
      "klasse": "6.1",
      "bezeichnung": "Giftiger anorganischer fester Stoff, entzündbar, N.A.G."
    },
    {
      "un_number": "3536",
      "gefahrenzahl": null,
      "klasse": "9",
      "bezeichnung": "Lithiumbatterien, in Güterbeförderungseinheiten eingebaut, Lithium-Ionen-Batterien oder Lithium-Metall-Batterien"
    },
    {
      "un_number": "3537",
      "gefahrenzahl": null,
      "klasse": "2",
      "bezeichnung": "Gegenstände, die entzündbares Gas enthalten, N.A.G."
    },
    {
      "un_number": "3538",
      "gefahrenzahl": null,
      "klasse": "2",
      "bezeichnung": "Gegenstände, die nicht entzündbares, nicht giftiges Gas enthalten, N.A.G."
    },
    {
      "un_number": "3539",
      "gefahrenzahl": null,
      "klasse": "2",
      "bezeichnung": "Gegenstände, die giftiges Gas enthalten, N.A.G."
    },
    {
      "un_number": "3540",
      "gefahrenzahl": null,
      "klasse": "3",
      "bezeichnung": "Gegenstände, die einen entzündbaren flüssigen Stoff enthalten, N.A.G."
    },
    {
      "un_number": "3541",
      "gefahrenzahl": null,
      "klasse": "4.1",
      "bezeichnung": "Gegenstände, die einen entzündbaren festen Stoff enthalten, N.A.G."
    },
    {
      "un_number": "3542",
      "gefahrenzahl": null,
      "klasse": "4.2",
      "bezeichnung": "Gegenstände, die einen selbstentzündlichen Stoff enthalten, N.A.G.|"
    },
    {
      "un_number": "3543",
      "gefahrenzahl": null,
      "klasse": "4.3",
      "bezeichnung": "Gegenstände, die einen Stoff enthalten, der in Berührung mit Wasser entzündbare Gase entwickelt, N.A.G."
    },
    {
      "un_number": "3544",
      "gefahrenzahl": null,
      "klasse": "5.1",
      "bezeichnung": "Gegenstände, die einen entzündend (oxidierend) wirkenden Stoff enthalten, N.A.G."
    },
    {
      "un_number": "3545",
      "gefahrenzahl": null,
      "klasse": "5.2",
      "bezeichnung": "Gegenstände, die organisches Peroxid enthalten, N.A.G."
    },
    {
      "un_number": "3546",
      "gefahrenzahl": null,
      "klasse": "6.1",
      "bezeichnung": "Gegenstände, die einen giftigen Stoff enthalten, N.A.G."
    },
    {
      "un_number": "3547",
      "gefahrenzahl": null,
      "klasse": "8",
      "bezeichnung": "Gegenstände, die einen ätzenden Stoff enthalten, N.A.G."
    },
    {
      "un_number": "3548",
      "gefahrenzahl": null,
      "klasse": "9",
      "bezeichnung": "Gegenstände, die verschiedene gefährliche Güter enthalten, N.A.G."
    },
    {
      "un_number": "3549",
      "gefahrenzahl": null,
      "klasse": "6.2",
      "bezeichnung": "Medizinische Abfälle, Kategorie A, Gefährlich für Menschen, fest oder Medizinische Abfälle, Kategorie A, nur Gefährlich für Tiere, fest"
    },
    {
      "un_number": "3550",
      "gefahrenzahl": "66",
      "klasse": "6.1",
      "bezeichnung": "Cobaltdihydroxid-Pulver mit mindestens 10 % lungengängigen Partikeln"
    }
  ]
}