{
  "title": "UN-Nummern 9000–9006",
  "generated": "2025-09-16",
  "count": 7,
  "columns": [
    "un_number",
    "gefahrenzahl",
    "klasse",
    "bezeichnung"
  ],
  "rows": [
    {
      "un_number": "9000",
      "gefahrenzahl": "?",
      "klasse": "2.3 (8)",
      "bezeichnung": "Ammoniak, tiefgekühlt"
    },
    {
      "un_number": "9001",
      "gefahrenzahl": "?",
      "klasse": "3",
      "bezeichnung": "Stoffe mit einem Flammpunkt über 61 °C, die in einem Grenzbereich von 15 K unterhalb des Flammpunktes erwärmt zur Beförderung aufgegeben oder befördert werden"
    },
    {
      "un_number": "9002",
      "gefahrenzahl": "?",
      "klasse": "3",
      "bezeichnung": "Stoffe mit einer Zündtemperatur von höchstens 200 °C und nicht anderweitig aufgeführt"
    },
    {
      "un_number": "9003",
      "gefahrenzahl": "?",
      "klasse": "9",
      "bezeichnung": "Stoffe mit einem Flammpunkt über 61 °C und höchstens 100 °C, die nicht anderen Klassen zuzuordnen sind"
    },
    {
      "un_number": "9004",
      "gefahrenzahl": "?",
      "klasse": "9",
      "bezeichnung": "Diphenylmethan-4,4’-diisocyanat"
    },
    {
      "un_number": "9005",
      "gefahrenzahl": "?",
      "klasse": "9",
      "bezeichnung": "Umweltgefährdende Stoffe, fest, geschmolzen, N.A.G."
    },
    {
      "un_number": "9006",
      "gefahrenzahl": "?",
      "klasse": "9",
      "bezeichnung": "Umweltgefährdende Stoffe, flüssig, N.A.G."
    }
  ]
}