{
  "title": "ADR/RID – Gefahrnummern (Kemler-Zahlen): gültige 2–3-stellige Kombinationen + explizit gelistete X-Varianten",
  "generated": "2025-09-16",
  "source_note": "Zusammengeführt aus ADR 5.3.2.3 (Bedeutung und Sonderkombinationen) und DE-Wikipedia-Liste (Stand 2025).",
  "codes": [
    {
      "code": "20",
      "description": "reaktionsträges Gas (ohne Nebengefahr)",
      "group": "Gase"
    },
    {
      "code": "22",
      "description": "tiefgekühltes (verflüssigtes) Gas",
      "group": "Gase"
    },
    {
      "code": "223",
      "description": "tiefgekühltes brennbares Gas",
      "group": "Gase"
    },
    {
      "code": "225",
      "description": "tiefgekühltes brandförderndes Gas",
      "group": "Gase"
    },
    {
      "code": "23",
      "description": "brennbares Gas",
      "group": "Gase"
    },
    {
      "code": "236",
      "description": "brennbares Gas, giftig",
      "group": "Gase"
    },
    {
      "code": "239",
      "description": "brennbares Gas, das spontan zu heftiger Reaktion führen kann",
      "group": "Gase"
    },
    {
      "code": "25",
      "description": "brandförderndes (oxidierendes) Gas",
      "group": "Gase"
    },
    {
      "code": "26",
      "description": "giftiges Gas",
      "group": "Gase"
    },
    {
      "code": "265",
      "description": "giftiges Gas, brandfördernd",
      "group": "Gase"
    },
    {
      "code": "268",
      "description": "giftiges Gas, ätzend",
      "group": "Gase"
    },
    {
      "code": "28",
      "description": "ätzendes Gas",
      "group": "Gase"
    },
    {
      "code": "30",
      "description": "entzündbarer flüssiger Stoff (Flammpunkt 23–61 °C) bzw. erhitzt/selbsterhitzungsfähig",
      "group": "Flüssige Stoffe"
    },
    {
      "code": "323",
      "description": "entzündbarer flüssiger Stoff, der mit Wasser reagiert und entzündbare Gase bildet",
      "group": "Flüssige Stoffe"
    },
    {
      "code": "X323",
      "description": "entzündbarer flüssiger Stoff, der mit Wasser reagiert und entzündbare Gase bildet – reagiert gefährlich mit Wasser (X)",
      "group": "Flüssige Stoffe"
    },
    {
      "code": "33",
      "description": "leicht entzündbarer flüssiger Stoff (Flammpunkt < 23 °C)",
      "group": "Flüssige Stoffe"
    },
    {
      "code": "333",
      "description": "selbstentzündlicher (pyrophorer) flüssiger Stoff",
      "group": "Flüssige Stoffe"
    },
    {
      "code": "X333",
      "description": "selbstentzündlicher (pyrophorer) flüssiger Stoff – reagiert gefährlich mit Wasser (X)",
      "group": "Flüssige Stoffe"
    },
    {
      "code": "336",
      "description": "leicht entzündbarer flüssiger Stoff, giftig",
      "group": "Flüssige Stoffe"
    },
    {
      "code": "338",
      "description": "leicht entzündbarer flüssiger Stoff, ätzend",
      "group": "Flüssige Stoffe"
    },
    {
      "code": "X338",
      "description": "leicht entzündbarer flüssiger Stoff, ätzend – reagiert gefährlich mit Wasser (X)",
      "group": "Flüssige Stoffe"
    },
    {
      "code": "339",
      "description": "leicht entzündbarer flüssiger Stoff, der spontan zu heftiger Reaktion führen kann",
      "group": "Flüssige Stoffe"
    },
    {
      "code": "36",
      "description": "entzündbarer flüssiger Stoff (23–61 °C), schwach giftig / selbsterhitzungsfähig, giftig",
      "group": "Flüssige Stoffe"
    },
    {
      "code": "362",
      "description": "entzündbarer flüssiger Stoff, giftig, der mit Wasser reagiert und entzündbare Gase bildet",
      "group": "Flüssige Stoffe"
    },
    {
      "code": "X362",
      "description": "entzündbarer flüssiger Stoff, giftig, der mit Wasser reagiert und entzündbare Gase bildet – reagiert gefährlich mit Wasser (X)",
      "group": "Flüssige Stoffe"
    },
    {
      "code": "368",
      "description": "entzündbarer flüssiger Stoff, giftig, ätzend",
      "group": "Flüssige Stoffe"
    },
    {
      "code": "38",
      "description": "entzündbarer flüssiger Stoff (23–61 °C), schwach ätzend / selbsterhitzungsfähig, ätzend",
      "group": "Flüssige Stoffe"
    },
    {
      "code": "382",
      "description": "entzündbarer flüssiger Stoff, ätzend, der mit Wasser reagiert und entzündbare Gase bildet",
      "group": "Flüssige Stoffe"
    },
    {
      "code": "X382",
      "description": "entzündbarer flüssiger Stoff, ätzend, der mit Wasser reagiert und entzündbare Gase bildet – reagiert gefährlich mit Wasser (X)",
      "group": "Flüssige Stoffe"
    },
    {
      "code": "39",
      "description": "entzündbarer flüssiger Stoff, der spontan zu heftiger Reaktion führen kann",
      "group": "Flüssige Stoffe"
    },
    {
      "code": "40",
      "description": "entzündbarer oder selbsterhitzungsfähiger fester Stoff",
      "group": "Feste Stoffe"
    },
    {
      "code": "423",
      "description": "fester Stoff, der mit Wasser reagiert und entzündbare Gase bildet",
      "group": "Feste Stoffe"
    },
    {
      "code": "X423",
      "description": "fester Stoff, der mit Wasser reagiert und entzündbare Gase bildet – reagiert gefährlich mit Wasser (X)",
      "group": "Feste Stoffe"
    },
    {
      "code": "43",
      "description": "selbstentzündlicher (pyrophorer) fester Stoff",
      "group": "Feste Stoffe"
    },
    {
      "code": "44",
      "description": "entzündbarer fester Stoff, in geschmolzenem Zustand (bei erhöhter Temperatur)",
      "group": "Feste Stoffe"
    },
    {
      "code": "446",
      "description": "entzündbarer fester Stoff, giftig, in geschmolzenem Zustand (bei erhöhter Temperatur)",
      "group": "Feste Stoffe"
    },
    {
      "code": "46",
      "description": "entzündbarer oder selbsterhitzungsfähiger fester Stoff, giftig",
      "group": "Feste Stoffe"
    },
    {
      "code": "462",
      "description": "fester Stoff, giftig, der mit Wasser reagiert und entzündbare Gase bildet",
      "group": "Feste Stoffe"
    },
    {
      "code": "X462",
      "description": "fester Stoff, giftig, der mit Wasser reagiert und entzündbare Gase bildet – reagiert gefährlich mit Wasser (X)",
      "group": "Feste Stoffe"
    },
    {
      "code": "48",
      "description": "entzündbarer oder selbsterhitzungsfähiger fester Stoff, ätzend",
      "group": "Feste Stoffe"
    },
    {
      "code": "482",
      "description": "fester Stoff, ätzend, der mit Wasser reagiert und entzündbare Gase bildet",
      "group": "Feste Stoffe"
    },
    {
      "code": "X482",
      "description": "fester Stoff, ätzend, der mit Wasser reagiert und entzündbare Gase bildet – reagiert gefährlich mit Wasser (X)",
      "group": "Feste Stoffe"
    },
    {
      "code": "50",
      "description": "brandfördernder (oxidierender) Stoff",
      "group": "Oxidierende Stoffe"
    },
    {
      "code": "539",
      "description": "entzündbares organisches Peroxid",
      "group": "Oxidierende Stoffe"
    },
    {
      "code": "55",
      "description": "stark brandfördernder (oxidierender) Stoff",
      "group": "Oxidierende Stoffe"
    },
    {
      "code": "556",
      "description": "stark brandfördernder (oxidierender) Stoff, giftig",
      "group": "Oxidierende Stoffe"
    },
    {
      "code": "558",
      "description": "stark brandfördernder (oxidierender) Stoff, ätzend",
      "group": "Oxidierende Stoffe"
    },
    {
      "code": "559",
      "description": "stark brandfördernder (oxidierender) Stoff, der spontan zu heftiger Reaktion führen kann",
      "group": "Oxidierende Stoffe"
    },
    {
      "code": "56",
      "description": "brandfördernder (oxidierender) Stoff, giftig",
      "group": "Oxidierende Stoffe"
    },
    {
      "code": "568",
      "description": "brandfördernder (oxidierender) Stoff, giftig, ätzend",
      "group": "Oxidierende Stoffe"
    },
    {
      "code": "58",
      "description": "brandfördernder (oxidierender) Stoff, ätzend",
      "group": "Oxidierende Stoffe"
    },
    {
      "code": "59",
      "description": "brandfördernder (oxidierender) Stoff, der spontan zu heftiger Reaktion führen kann",
      "group": "Oxidierende Stoffe"
    },
    {
      "code": "60",
      "description": "giftiger oder schwach giftiger Stoff",
      "group": "Giftige Stoffe"
    },
    {
      "code": "606",
      "description": "ansteckungsgefährlicher Stoff",
      "group": "Giftige Stoffe"
    },
    {
      "code": "623",
      "description": "giftiger flüssiger Stoff, der mit Wasser reagiert und entzündbare Gase bildet",
      "group": "Giftige Stoffe"
    },
    {
      "code": "63",
      "description": "giftiger Stoff, entzündbar (Flammpunkt 23–61 °C)",
      "group": "Giftige Stoffe"
    },
    {
      "code": "638",
      "description": "giftiger Stoff, entzündbar (Flammpunkt 23–61 °C), ätzend",
      "group": "Giftige Stoffe"
    },
    {
      "code": "639",
      "description": "giftiger Stoff, entzündbar (Flammpunkt 23–61 °C), spontan heftig reagierend",
      "group": "Giftige Stoffe"
    },
    {
      "code": "64",
      "description": "giftiger fester Stoff, entzündbar oder selbsterhitzungsfähig",
      "group": "Giftige Stoffe"
    },
    {
      "code": "642",
      "description": "giftiger fester Stoff, der mit Wasser reagiert und entzündbare Gase bildet",
      "group": "Giftige Stoffe"
    },
    {
      "code": "65",
      "description": "giftiger Stoff, brandfördernd",
      "group": "Giftige Stoffe"
    },
    {
      "code": "66",
      "description": "sehr giftiger Stoff",
      "group": "Giftige Stoffe"
    },
    {
      "code": "663",
      "description": "sehr giftiger Stoff, entzündbar (Flammpunkt nicht über 61 °C)",
      "group": "Giftige Stoffe"
    },
    {
      "code": "664",
      "description": "sehr giftiger fester Stoff, entzündbar oder selbsterhitzungsfähig",
      "group": "Giftige Stoffe"
    },
    {
      "code": "665",
      "description": "sehr giftiger Stoff, brandfördernd",
      "group": "Giftige Stoffe"
    },
    {
      "code": "668",
      "description": "sehr giftiger Stoff, ätzend",
      "group": "Giftige Stoffe"
    },
    {
      "code": "669",
      "description": "sehr giftiger Stoff, spontan heftig reagierend",
      "group": "Giftige Stoffe"
    },
    {
      "code": "68",
      "description": "giftiger Stoff, ätzend",
      "group": "Giftige Stoffe"
    },
    {
      "code": "69",
      "description": "giftiger oder schwach giftiger Stoff, spontan heftig reagierend",
      "group": "Giftige Stoffe"
    },
    {
      "code": "70",
      "description": "radioaktiver Stoff",
      "group": "Radioaktive Stoffe"
    },
    {
      "code": "75",
      "description": "radioaktiver Stoff, brandfördernd",
      "group": "Radioaktive Stoffe"
    },
    {
      "code": "768",
      "description": "radioaktiver Stoff, giftig, ätzend",
      "group": "Radioaktive Stoffe"
    },
    {
      "code": "77",
      "description": "hochradioaktiver Stoff",
      "group": "Radioaktive Stoffe"
    },
    {
      "code": "78",
      "description": "radioaktiver Stoff, ätzend",
      "group": "Radioaktive Stoffe"
    },
    {
      "code": "80",
      "description": "ätzender oder schwach ätzender Stoff",
      "group": "Ätzende Stoffe"
    },
    {
      "code": "X80",
      "description": "ätzender oder schwach ätzender Stoff – reagiert gefährlich mit Wasser (X)",
      "group": "Ätzende Stoffe"
    },
    {
      "code": "823",
      "description": "ätzender flüssiger Stoff, der mit Wasser reagiert und entzündbare Gase bildet",
      "group": "Ätzende Stoffe"
    },
    {
      "code": "83",
      "description": "ätzender oder schwach ätzender Stoff, entzündbar (Flammpunkt 23–61 °C)",
      "group": "Ätzende Stoffe"
    },
    {
      "code": "X83",
      "description": "ätzender oder schwach ätzender Stoff, entzündbar (Flammpunkt 23–61 °C) – reagiert gefährlich mit Wasser (X)",
      "group": "Ätzende Stoffe"
    },
    {
      "code": "836",
      "description": "ätzender oder schwach ätzender Stoff, entzündbar, giftig",
      "group": "Ätzende Stoffe"
    },
    {
      "code": "839",
      "description": "ätzender oder schwach ätzender Stoff, entzündbar, spontan heftig reagierend",
      "group": "Ätzende Stoffe"
    },
    {
      "code": "X839",
      "description": "ätzender oder schwach ätzender Stoff, entzündbar, spontan heftig reagierend – reagiert gefährlich mit Wasser (X)",
      "group": "Ätzende Stoffe"
    },
    {
      "code": "84",
      "description": "ätzender fester Stoff, entzündbar oder selbsterhitzungsfähig",
      "group": "Ätzende Stoffe"
    },
    {
      "code": "842",
      "description": "ätzender fester Stoff, der mit Wasser reagiert und entzündbare Gase bildet",
      "group": "Ätzende Stoffe"
    },
    {
      "code": "85",
      "description": "ätzender oder schwach ätzender Stoff, brandfördernd",
      "group": "Ätzende Stoffe"
    },
    {
      "code": "856",
      "description": "ätzender oder schwach ätzender Stoff, brandfördernd und giftig",
      "group": "Ätzende Stoffe"
    },
    {
      "code": "86",
      "description": "ätzender oder schwach ätzender Stoff, giftig",
      "group": "Ätzende Stoffe"
    },
    {
      "code": "88",
      "description": "stark ätzender Stoff",
      "group": "Ätzende Stoffe"
    },
    {
      "code": "X88",
      "description": "stark ätzender Stoff – reagiert gefährlich mit Wasser (X)",
      "group": "Ätzende Stoffe"
    },
    {
      "code": "883",
      "description": "stark ätzender Stoff, entzündbar (Flammpunkt 23–61 °C)",
      "group": "Ätzende Stoffe"
    },
    {
      "code": "884",
      "description": "stark ätzender fester Stoff, entzündbar oder selbsterhitzungsfähig",
      "group": "Ätzende Stoffe"
    },
    {
      "code": "885",
      "description": "stark ätzender Stoff, brandfördernd",
      "group": "Ätzende Stoffe"
    },
    {
      "code": "886",
      "description": "stark ätzender Stoff, giftig",
      "group": "Ätzende Stoffe"
    },
    {
      "code": "X886",
      "description": "stark ätzender Stoff, giftig – reagiert gefährlich mit Wasser (X)",
      "group": "Ätzende Stoffe"
    },
    {
      "code": "89",
      "description": "ätzender oder schwach ätzender Stoff, spontan heftig reagierend",
      "group": "Ätzende Stoffe"
    },
    {
      "code": "90",
      "description": "umweltgefährdender Stoff oder verschiedene gefährliche Stoffe",
      "group": "Verschiedene / Umwelt"
    },
    {
      "code": "99",
      "description": "verschiedene gefährliche Stoffe in erwärmtem Zustand",
      "group": "Verschiedene / Umwelt"
    }
  ]
}