{
  "title": "UN-Nummern – Index",
  "generated": "2025-09-16",
  "columns": [
    "un_number",
    "gefahrenzahl",
    "klasse",
    "bezeichnung"
  ],
  "ranges": [
    {
      "range": "0000–0099",
      "file": "0000-0099.json",
      "count": 54
    },
    {
      "range": "0100–0199",
      "file": "0100-0199.json",
      "count": 53
    },
    {
      "range": "0200–0299",
      "file": "0200-0299.json",
      "count": 67
    },
    {
      "range": "0300–0399",
      "file": "0300-0399.json",
      "count": 93
    },
    {
      "range": "0400–0499",
      "file": "0400-0499.json",
      "count": 97
    },
    {
      "range": "0500–0513",
      "file": "0500-0513.json",
      "count": 14
    },
    {
      "range": "1000–1099",
      "file": "1000-1099.json",
      "count": 81
    },
    {
      "range": "1100–1199",
      "file": "1100-1199.json",
      "count": 78
    },
    {
      "range": "1200–1299",
      "file": "1200-1299.json",
      "count": 70
    },
    {
      "range": "1300–1399",
      "file": "1300-1399.json",
      "count": 83
    },
    {
      "range": "1400–1499",
      "file": "1400-1499.json",
      "count": 83
    },
    {
      "range": "1500–1599",
      "file": "1500-1599.json",
      "count": 68
    },
    {
      "range": "1600–1699",
      "file": "1600-1699.json",
      "count": 84
    },
    {
      "range": "1700–1799",
      "file": "1700-1799.json",
      "count": 92
    },
    {
      "range": "1800–1899",
      "file": "1800-1899.json",
      "count": 76
    },
    {
      "range": "1900–1999",
      "file": "1900-1999.json",
      "count": 87
    },
    {
      "range": "2000–2099",
      "file": "2000-2099.json",
      "count": 68
    },
    {
      "range": "2100–2199",
      "file": "2100-2199.json",
      "count": 14
    },
    {
      "range": "2200–2299",
      "file": "2200-2299.json",
      "count": 89
    },
    {
      "range": "2300–2399",
      "file": "2300-2399.json",
      "count": 95
    },
    {
      "range": "2400–2499",
      "file": "2400-2499.json",
      "count": 84
    },
    {
      "range": "2500–2599",
      "file": "2500-2599.json",
      "count": 71
    },
    {
      "range": "2600–2699",
      "file": "2600-2699.json",
      "count": 76
    },
    {
      "range": "2705–2799",
      "file": "2705-2799.json",
      "count": 76
    },
    {
      "range": "2800–2881",
      "file": "2800-2881.json",
      "count": 66
    },
    {
      "range": "2900–2998",
      "file": "2900-2998.json",
      "count": 70
    },
    {
      "range": "3000–3099",
      "file": "3000-3099.json",
      "count": 58
    },
    {
      "range": "3100–3194",
      "file": "3100-3194.json",
      "count": 93
    },
    {
      "range": "3200–3299",
      "file": "3200-3299.json",
      "count": 103
    },
    {
      "range": "3300–3399",
      "file": "3300-3399.json",
      "count": 112
    },
    {
      "range": "3400–3499",
      "file": "3400-3499.json",
      "count": 95
    },
    {
      "range": "3500–3560",
      "file": "3500-3560.json",
      "count": 51
    },
    {
      "range": "8000–8000",
      "file": "8000-8000.json",
      "count": 1
    },
    {
      "range": "9000–9006",
      "file": "9000-9006.json",
      "count": 7
    }
  ],
  "gefahrenzahl_file": "gefahrenzahl.json"
}